task_id,initial_state_id,initial_timestep,candidate_id,candidate_type,bt_path,task_instruction,target_predicate,moved_object,support_object,symbolic_success,sim_success,goal_satisfaction,bt_ticks,action_count,condition_failure_count,invalid_action_count,tree_size,tree_depth,precondition_coverage,final_position_error,object_displacement_error,support_stability,contact_violation_proxy,score,label,execution_result,validation_error_count,runtime_mode,simulation_status,source_file,source_benchmark,benchmark,selector_group_id
place_block3_on_block5,state_000_t0,0,correct_bt,correct_bt,experiments/bt_selection_benchmark/bt_candidates/place_block3_on_block5/correct_bt.json,place block_3 on block_5,"supported_by(block_3, block_5)",block_3,block_5,1,1,1.0,1,1,0,0,6,3,1.0,0.001232,0.263598,1,1,165.460484,good,success,0,fallback_symbolic_effects,done,experiments/bt_selection_benchmark/results/bt_candidate_evaluations_v1_supported_by_with_sim.csv,v1_supported_by,v1_supported_by,v1_supported_by::state_000_t0::place_block3_on_block5
place_block3_on_block5,state_000_t0,0,missing_precondition_bt,missing_precondition_bt,experiments/bt_selection_benchmark/bt_candidates/place_block3_on_block5/missing_precondition_bt.json,place block_3 on block_5,"supported_by(block_3, block_5)",block_3,block_5,1,1,1.0,1,1,0,0,5,3,0.5,0.005557,0.478154,1,1,155.488122,good,success,0,fallback_symbolic_effects,done,experiments/bt_selection_benchmark/results/bt_candidate_evaluations_v1_supported_by_with_sim.csv,v1_supported_by,v1_supported_by,v1_supported_by::state_000_t0::place_block3_on_block5
place_block3_on_block5,state_000_t0,0,wrong_object_bt,wrong_object_bt,experiments/bt_selection_benchmark/bt_candidates/place_block3_on_block5/wrong_object_bt.json,place block_3 on block_5,"supported_by(block_3, block_5)",block_3,block_5,0,0,0.0,1,1,0,0,6,3,0.0,0.5266,0.472198,0,1,-30.210396,bad,success,0,fallback_symbolic_effects,done,experiments/bt_selection_benchmark/results/bt_candidate_evaluations_v1_supported_by_with_sim.csv,v1_supported_by,v1_supported_by,v1_supported_by::state_000_t0::place_block3_on_block5
place_block3_on_block5,state_000_t0,0,wrong_support_bt,wrong_support_bt,experiments/bt_selection_benchmark/bt_candidates/place_block3_on_block5/wrong_support_bt.json,place block_3 on block_5,"supported_by(block_3, block_5)",block_3,block_5,0,0,0.0,1,1,0,0,6,3,0.5,0.457665,0.42746,0,1,-19.43157,bad,success,0,fallback_symbolic_effects,done,experiments/bt_selection_benchmark/results/bt_candidate_evaluations_v1_supported_by_with_sim.csv,v1_supported_by,v1_supported_by,v1_supported_by::state_000_t0::place_block3_on_block5
place_block3_on_block5,state_000_t0,0,redundant_bt,redundant_bt,experiments/bt_selection_benchmark/bt_candidates/place_block3_on_block5/redundant_bt.json,place block_3 on block_5,"supported_by(block_3, block_5)",block_3,block_5,1,1,1.0,1,1,0,0,8,3,1.0,0.002615,0.336218,1,1,164.301414,good,success,0,fallback_symbolic_effects,done,experiments/bt_selection_benchmark/results/bt_candidate_evaluations_v1_supported_by_with_sim.csv,v1_supported_by,v1_supported_by,v1_supported_by::state_000_t0::place_block3_on_block5
place_block3_on_block5,state_000_t0,0,unsafe_or_invalid_bt,unsafe_or_invalid_bt,experiments/bt_selection_benchmark/bt_candidates/place_block3_on_block5/unsafe_or_invalid_bt.json,place block_3 on block_5,"supported_by(block_3, block_5)",block_3,block_5,0,0,0.0,1,1,0,2,4,3,0.0,1.0,0.0,0,1,-33.0,bad,success,0,fallback_symbolic_effects,skipped,experiments/bt_selection_benchmark/results/bt_candidate_evaluations_v1_supported_by_with_sim.csv,v1_supported_by,v1_supported_by,v1_supported_by::state_000_t0::place_block3_on_block5
place_block1_on_block5,state_000_t0,0,correct_bt,correct_bt,experiments/bt_selection_benchmark/bt_candidates/place_block1_on_block5/correct_bt.json,place block_1 on block_5,"supported_by(block_1, block_5)",block_1,block_5,1,1,1.0,1,1,0,0,6,3,1.0,0.00217,0.35277,1,1,165.27276,good,success,0,fallback_symbolic_effects,done,experiments/bt_selection_benchmark/results/bt_candidate_evaluations_v1_supported_by_with_sim.csv,v1_supported_by,v1_supported_by,v1_supported_by::state_000_t0::place_block1_on_block5
place_block1_on_block5,state_000_t0,0,missing_precondition_bt,missing_precondition_bt,experiments/bt_selection_benchmark/bt_candidates/place_block1_on_block5/missing_precondition_bt.json,place block_1 on block_5,"supported_by(block_1, block_5)",block_1,block_5,1,1,1.0,1,1,0,0,5,3,0.5,0.001523,0.240512,1,1,156.003746,good,success,0,fallback_symbolic_effects,done,experiments/bt_selection_benchmark/results/bt_candidate_evaluations_v1_supported_by_with_sim.csv,v1_supported_by,v1_supported_by,v1_supported_by::state_000_t0::place_block1_on_block5
place_block1_on_block5,state_000_t0,0,wrong_object_bt,wrong_object_bt,experiments/bt_selection_benchmark/bt_candidates/place_block1_on_block5/wrong_object_bt.json,place block_1 on block_5,"supported_by(block_1, block_5)",block_1,block_5,0,0,0.0,1,1,0,0,6,3,0.0,0.572115,0.497102,0,1,-30.715354,bad,success,0,fallback_symbolic_effects,done,experiments/bt_selection_benchmark/results/bt_candidate_evaluations_v1_supported_by_with_sim.csv,v1_supported_by,v1_supported_by,v1_supported_by::state_000_t0::place_block1_on_block5
place_block1_on_block5,state_000_t0,0,wrong_support_bt,wrong_support_bt,experiments/bt_selection_benchmark/bt_candidates/place_block1_on_block5/wrong_support_bt.json,place block_1 on block_5,"supported_by(block_1, block_5)",block_1,block_5,0,0,0.0,1,1,0,0,6,3,0.5,0.452679,0.434605,0,1,-19.396,bad,success,0,fallback_symbolic_effects,done,experiments/bt_selection_benchmark/results/bt_candidate_evaluations_v1_supported_by_with_sim.csv,v1_supported_by,v1_supported_by,v1_supported_by::state_000_t0::place_block1_on_block5
place_block1_on_block5,state_000_t0,0,redundant_bt,redundant_bt,experiments/bt_selection_benchmark/bt_candidates/place_block1_on_block5/redundant_bt.json,place block_1 on block_5,"supported_by(block_1, block_5)",block_1,block_5,1,1,1.0,1,1,0,0,8,3,1.0,0.001761,0.280561,1,1,164.421268,good,success,0,fallback_symbolic_effects,done,experiments/bt_selection_benchmark/results/bt_candidate_evaluations_v1_supported_by_with_sim.csv,v1_supported_by,v1_supported_by,v1_supported_by::state_000_t0::place_block1_on_block5
place_block1_on_block5,state_000_t0,0,unsafe_or_invalid_bt,unsafe_or_invalid_bt,experiments/bt_selection_benchmark/bt_candidates/place_block1_on_block5/unsafe_or_invalid_bt.json,place block_1 on block_5,"supported_by(block_1, block_5)",block_1,block_5,0,0,0.0,1,1,0,2,4,3,0.0,1.0,0.0,0,1,-33.0,bad,success,0,fallback_symbolic_effects,skipped,experiments/bt_selection_benchmark/results/bt_candidate_evaluations_v1_supported_by_with_sim.csv,v1_supported_by,v1_supported_by,v1_supported_by::state_000_t0::place_block1_on_block5
place_block2_on_block6,state_000_t0,0,correct_bt,correct_bt,experiments/bt_selection_benchmark/bt_candidates/place_block2_on_block6/correct_bt.json,place block_2 on block_6,"supported_by(block_2, block_6)",block_2,block_6,1,1,1.0,1,1,0,0,6,3,1.0,0.000531,0.194429,1,1,165.605832,good,success,0,fallback_symbolic_effects,done,experiments/bt_selection_benchmark/results/bt_candidate_evaluations_v1_supported_by_with_sim.csv,v1_supported_by,v1_supported_by,v1_supported_by::state_000_t0::place_block2_on_block6
place_block2_on_block6,state_000_t0,0,missing_precondition_bt,missing_precondition_bt,experiments/bt_selection_benchmark/bt_candidates/place_block2_on_block6/missing_precondition_bt.json,place block_2 on block_6,"supported_by(block_2, block_6)",block_2,block_6,1,1,1.0,1,1,0,0,5,3,0.5,0.006291,0.290808,1,1,155.855474,good,success,0,fallback_symbolic_effects,done,experiments/bt_selection_benchmark/results/bt_candidate_evaluations_v1_supported_by_with_sim.csv,v1_supported_by,v1_supported_by,v1_supported_by::state_000_t0::place_block2_on_block6
place_block2_on_block6,state_000_t0,0,wrong_object_bt,wrong_object_bt,experiments/bt_selection_benchmark/bt_candidates/place_block2_on_block6/wrong_object_bt.json,place block_2 on block_6,"supported_by(block_2, block_6)",block_2,block_6,0,0,0.0,1,1,0,0,6,3,0.0,0.959722,0.881127,0,1,-35.359474,bad,success,0,fallback_symbolic_effects,done,experiments/bt_selection_benchmark/results/bt_candidate_evaluations_v1_supported_by_with_sim.csv,v1_supported_by,v1_supported_by,v1_supported_by::state_000_t0::place_block2_on_block6
place_block2_on_block6,state_000_t0,0,wrong_support_bt,wrong_support_bt,experiments/bt_selection_benchmark/bt_candidates/place_block2_on_block6/wrong_support_bt.json,place block_2 on block_6,"supported_by(block_2, block_6)",block_2,block_6,0,0,0.0,1,1,0,0,6,3,0.5,0.454219,0.452256,0,1,-19.446702,bad,success,0,fallback_symbolic_effects,done,experiments/bt_selection_benchmark/results/bt_candidate_evaluations_v1_supported_by_with_sim.csv,v1_supported_by,v1_supported_by,v1_supported_by::state_000_t0::place_block2_on_block6
place_block2_on_block6,state_000_t0,0,redundant_bt,redundant_bt,experiments/bt_selection_benchmark/bt_candidates/place_block2_on_block6/redundant_bt.json,place block_2 on block_6,"supported_by(block_2, block_6)",block_2,block_6,1,1,1.0,1,1,0,0,8,3,1.0,0.005417,0.249079,1,1,164.447672,good,success,0,fallback_symbolic_effects,done,experiments/bt_selection_benchmark/results/bt_candidate_evaluations_v1_supported_by_with_sim.csv,v1_supported_by,v1_supported_by,v1_supported_by::state_000_t0::place_block2_on_block6
place_block2_on_block6,state_000_t0,0,unsafe_or_invalid_bt,unsafe_or_invalid_bt,experiments/bt_selection_benchmark/bt_candidates/place_block2_on_block6/unsafe_or_invalid_bt.json,place block_2 on block_6,"supported_by(block_2, block_6)",block_2,block_6,0,0,0.0,1,1,0,2,4,3,0.0,1.0,0.0,0,1,-33.0,bad,success,0,fallback_symbolic_effects,skipped,experiments/bt_selection_benchmark/results/bt_candidate_evaluations_v1_supported_by_with_sim.csv,v1_supported_by,v1_supported_by,v1_supported_by::state_000_t0::place_block2_on_block6
stack_block3_on_block1,state_000_t0,0,correct_bt,correct_bt,experiments/bt_selection_benchmark/bt_candidates/stack_block3_on_block1/correct_bt.json,stack block_3 on block_1,"supported_by(block_3, block_1)",block_3,block_1,1,0,1.0,1,1,0,0,6,3,1.0,0.079779,0.548682,0,1,64.104846,medium,success,0,fallback_symbolic_effects,done,experiments/bt_selection_benchmark/results/bt_candidate_evaluations_v1_supported_by_with_sim.csv,v1_supported_by,v1_supported_by,v1_supported_by::state_000_t0::stack_block3_on_block1
stack_block3_on_block1,state_000_t0,0,missing_precondition_bt,missing_precondition_bt,experiments/bt_selection_benchmark/bt_candidates/stack_block3_on_block1/missing_precondition_bt.json,stack block_3 on block_1,"supported_by(block_3, block_1)",block_3,block_1,1,0,1.0,1,1,0,0,5,3,0.5,0.109344,0.498568,0,1,54.409424,bad,success,0,fallback_symbolic_effects,done,experiments/bt_selection_benchmark/results/bt_candidate_evaluations_v1_supported_by_with_sim.csv,v1_supported_by,v1_supported_by,v1_supported_by::state_000_t0::stack_block3_on_block1
stack_block3_on_block1,state_000_t0,0,wrong_object_bt,wrong_object_bt,experiments/bt_selection_benchmark/bt_candidates/stack_block3_on_block1/wrong_object_bt.json,stack block_3 on block_1,"supported_by(block_3, block_1)",block_3,block_1,0,0,0.0,1,1,0,0,6,3,0.0,0.171309,0.320436,0,1,-26.353962,bad,success,0,fallback_symbolic_effects,done,experiments/bt_selection_benchmark/results/bt_candidate_evaluations_v1_supported_by_with_sim.csv,v1_supported_by,v1_supported_by,v1_supported_by::state_000_t0::stack_block3_on_block1
stack_block3_on_block1,state_000_t0,0,wrong_support_bt,wrong_support_bt,experiments/bt_selection_benchmark/bt_candidates/stack_block3_on_block1/wrong_support_bt.json,stack block_3 on block_1,"supported_by(block_3, block_1)",block_3,block_1,0,0,0.0,1,1,0,0,6,3,0.5,0.800567,0.497819,0,1,-23.001308,bad,success,0,fallback_symbolic_effects,done,experiments/bt_selection_benchmark/results/bt_candidate_evaluations_v1_supported_by_with_sim.csv,v1_supported_by,v1_supported_by,v1_supported_by::state_000_t0::stack_block3_on_block1
stack_block3_on_block1,state_000_t0,0,redundant_bt,redundant_bt,experiments/bt_selection_benchmark/bt_candidates/stack_block3_on_block1/redundant_bt.json,stack block_3 on block_1,"supported_by(block_3, block_1)",block_3,block_1,1,0,1.0,1,1,0,0,8,3,1.0,0.001606,0.518557,0,1,63.946826,medium,success,0,fallback_symbolic_effects,done,experiments/bt_selection_benchmark/results/bt_candidate_evaluations_v1_supported_by_with_sim.csv,v1_supported_by,v1_supported_by,v1_supported_by::state_000_t0::stack_block3_on_block1
stack_block3_on_block1,state_000_t0,0,unsafe_or_invalid_bt,unsafe_or_invalid_bt,experiments/bt_selection_benchmark/bt_candidates/stack_block3_on_block1/unsafe_or_invalid_bt.json,stack block_3 on block_1,"supported_by(block_3, block_1)",block_3,block_1,0,0,0.0,1,1,0,2,4,3,0.0,1.0,0.0,0,1,-33.0,bad,success,0,fallback_symbolic_effects,skipped,experiments/bt_selection_benchmark/results/bt_candidate_evaluations_v1_supported_by_with_sim.csv,v1_supported_by,v1_supported_by,v1_supported_by::state_000_t0::stack_block3_on_block1
place_block3_on_block5,state_001_t1,1,correct_bt,correct_bt,experiments/bt_selection_benchmark/bt_candidates/place_block3_on_block5/correct_bt.json,place block_3 on block_5,"supported_by(block_3, block_5)",block_3,block_5,1,1,1.0,1,1,0,0,6,3,1.0,0.003295,0.654989,1,1,164.657072,good,success,0,fallback_symbolic_effects,done,experiments/bt_selection_benchmark/results/bt_candidate_evaluations_v1_supported_by_with_sim.csv,v1_supported_by,v1_supported_by,v1_supported_by::state_001_t1::place_block3_on_block5
place_block3_on_block5,state_001_t1,1,missing_precondition_bt,missing_precondition_bt,experiments/bt_selection_benchmark/bt_candidates/place_block3_on_block5/missing_precondition_bt.json,place block_3 on block_5,"supported_by(block_3, block_5)",block_3,block_5,1,1,1.0,1,1,0,0,5,3,0.5,0.000504,0.561588,1,1,155.371784,good,success,0,fallback_symbolic_effects,done,experiments/bt_selection_benchmark/results/bt_candidate_evaluations_v1_supported_by_with_sim.csv,v1_supported_by,v1_supported_by,v1_supported_by::state_001_t1::place_block3_on_block5
place_block3_on_block5,state_001_t1,1,wrong_object_bt,wrong_object_bt,experiments/bt_selection_benchmark/bt_candidates/place_block3_on_block5/wrong_object_bt.json,place block_3 on block_5,"supported_by(block_3, block_5)",block_3,block_5,0,0,0.0,1,1,0,0,6,3,0.0,0.636348,0.731874,0,1,-31.827228,bad,success,0,fallback_symbolic_effects,done,experiments/bt_selection_benchmark/results/bt_candidate_evaluations_v1_supported_by_with_sim.csv,v1_supported_by,v1_supported_by,v1_supported_by::state_001_t1::place_block3_on_block5
place_block3_on_block5,state_001_t1,1,wrong_support_bt,wrong_support_bt,experiments/bt_selection_benchmark/bt_candidates/place_block3_on_block5/wrong_support_bt.json,place block_3 on block_5,"supported_by(block_3, block_5)",block_3,block_5,0,0,0.0,1,1,0,0,6,3,0.5,0.453391,0.684055,0,1,-19.90202,bad,success,0,fallback_symbolic_effects,done,experiments/bt_selection_benchmark/results/bt_candidate_evaluations_v1_supported_by_with_sim.csv,v1_supported_by,v1_supported_by,v1_supported_by::state_001_t1::place_block3_on_block5
place_block3_on_block5,state_001_t1,1,redundant_bt,redundant_bt,experiments/bt_selection_benchmark/bt_candidates/place_block3_on_block5/redundant_bt.json,place block_3 on block_5,"supported_by(block_3, block_5)",block_3,block_5,1,1,1.0,1,1,0,0,8,3,1.0,0.004203,0.623377,1,1,163.711216,good,success,0,fallback_symbolic_effects,done,experiments/bt_selection_benchmark/results/bt_candidate_evaluations_v1_supported_by_with_sim.csv,v1_supported_by,v1_supported_by,v1_supported_by::state_001_t1::place_block3_on_block5
place_block3_on_block5,state_001_t1,1,unsafe_or_invalid_bt,unsafe_or_invalid_bt,experiments/bt_selection_benchmark/bt_candidates/place_block3_on_block5/unsafe_or_invalid_bt.json,place block_3 on block_5,"supported_by(block_3, block_5)",block_3,block_5,0,0,0.0,1,1,0,2,4,3,0.0,1.0,0.0,0,1,-33.0,bad,success,0,fallback_symbolic_effects,skipped,experiments/bt_selection_benchmark/results/bt_candidate_evaluations_v1_supported_by_with_sim.csv,v1_supported_by,v1_supported_by,v1_supported_by::state_001_t1::place_block3_on_block5
place_block1_on_block5,state_001_t1,1,correct_bt,correct_bt,experiments/bt_selection_benchmark/bt_candidates/place_block1_on_block5/correct_bt.json,place block_1 on block_5,"supported_by(block_1, block_5)",block_1,block_5,1,1,1.0,1,1,0,0,6,3,1.0,0.005718,0.71014,1,1,164.52254,good,success,0,fallback_symbolic_effects,done,experiments/bt_selection_benchmark/results/bt_candidate_evaluations_v1_supported_by_with_sim.csv,v1_supported_by,v1_supported_by,v1_supported_by::state_001_t1::place_block1_on_block5
place_block1_on_block5,state_001_t1,1,missing_precondition_bt,missing_precondition_bt,experiments/bt_selection_benchmark/bt_candidates/place_block1_on_block5/missing_precondition_bt.json,place block_1 on block_5,"supported_by(block_1, block_5)",block_1,block_5,1,1,1.0,1,1,0,0,5,3,0.5,0.001182,0.629144,1,1,155.229892,good,success,0,fallback_symbolic_effects,done,experiments/bt_selection_benchmark/results/bt_candidate_evaluations_v1_supported_by_with_sim.csv,v1_supported_by,v1_supported_by,v1_supported_by::state_001_t1::place_block1_on_block5
place_block1_on_block5,state_001_t1,1,wrong_object_bt,wrong_object_bt,experiments/bt_selection_benchmark/bt_candidates/place_block1_on_block5/wrong_object_bt.json,place block_1 on block_5,"supported_by(block_1, block_5)",block_1,block_5,0,0,0.0,1,1,0,0,6,3,0.0,0.522618,0.255747,0,1,-29.737674,bad,success,0,fallback_symbolic_effects,done,experiments/bt_selection_benchmark/results/bt_candidate_evaluations_v1_supported_by_with_sim.csv,v1_supported_by,v1_supported_by,v1_supported_by::state_001_t1::place_block1_on_block5
place_block1_on_block5,state_001_t1,1,wrong_support_bt,wrong_support_bt,experiments/bt_selection_benchmark/bt_candidates/place_block1_on_block5/wrong_support_bt.json,place block_1 on block_5,"supported_by(block_1, block_5)",block_1,block_5,0,0,0.0,1,1,0,0,6,3,0.5,0.448073,0.542175,0,1,-19.56508,bad,success,0,fallback_symbolic_effects,done,experiments/bt_selection_benchmark/results/bt_candidate_evaluations_v1_supported_by_with_sim.csv,v1_supported_by,v1_supported_by,v1_supported_by::state_001_t1::place_block1_on_block5
place_block1_on_block5,state_001_t1,1,redundant_bt,redundant_bt,experiments/bt_selection_benchmark/bt_candidates/place_block1_on_block5/redundant_bt.json,place block_1 on block_5,"supported_by(block_1, block_5)",block_1,block_5,1,1,1.0,1,1,0,0,8,3,1.0,0.000651,0.655162,1,1,163.683166,good,success,0,fallback_symbolic_effects,done,experiments/bt_selection_benchmark/results/bt_candidate_evaluations_v1_supported_by_with_sim.csv,v1_supported_by,v1_supported_by,v1_supported_by::state_001_t1::place_block1_on_block5
place_block1_on_block5,state_001_t1,1,unsafe_or_invalid_bt,unsafe_or_invalid_bt,experiments/bt_selection_benchmark/bt_candidates/place_block1_on_block5/unsafe_or_invalid_bt.json,place block_1 on block_5,"supported_by(block_1, block_5)",block_1,block_5,0,0,0.0,1,1,0,2,4,3,0.0,1.0,0.0,0,1,-33.0,bad,success,0,fallback_symbolic_effects,skipped,experiments/bt_selection_benchmark/results/bt_candidate_evaluations_v1_supported_by_with_sim.csv,v1_supported_by,v1_supported_by,v1_supported_by::state_001_t1::place_block1_on_block5
place_block2_on_block6,state_001_t1,1,correct_bt,correct_bt,experiments/bt_selection_benchmark/bt_candidates/place_block2_on_block6/correct_bt.json,place block_2 on block_6,"supported_by(block_2, block_6)",block_2,block_6,1,1,1.0,1,1,0,0,6,3,1.0,0.007674,0.380136,1,1,165.162988,good,success,0,fallback_symbolic_effects,done,experiments/bt_selection_benchmark/results/bt_candidate_evaluations_v1_supported_by_with_sim.csv,v1_supported_by,v1_supported_by,v1_supported_by::state_001_t1::place_block2_on_block6
place_block2_on_block6,state_001_t1,1,missing_precondition_bt,missing_precondition_bt,experiments/bt_selection_benchmark/bt_candidates/place_block2_on_block6/missing_precondition_bt.json,place block_2 on block_6,"supported_by(block_2, block_6)",block_2,block_6,1,1,1.0,1,1,0,0,5,3,0.5,0.005715,0.229077,1,1,155.984696,good,success,0,fallback_symbolic_effects,done,experiments/bt_selection_benchmark/results/bt_candidate_evaluations_v1_supported_by_with_sim.csv,v1_supported_by,v1_supported_by,v1_supported_by::state_001_t1::place_block2_on_block6
place_block2_on_block6,state_001_t1,1,wrong_object_bt,wrong_object_bt,experiments/bt_selection_benchmark/bt_candidates/place_block2_on_block6/wrong_object_bt.json,place block_2 on block_6,"supported_by(block_2, block_6)",block_2,block_6,0,0,0.0,1,1,0,0,6,3,0.0,0.992812,0.882067,0,1,-35.692254,bad,success,0,fallback_symbolic_effects,done,experiments/bt_selection_benchmark/results/bt_candidate_evaluations_v1_supported_by_with_sim.csv,v1_supported_by,v1_supported_by,v1_supported_by::state_001_t1::place_block2_on_block6
place_block2_on_block6,state_001_t1,1,wrong_support_bt,wrong_support_bt,experiments/bt_selection_benchmark/bt_candidates/place_block2_on_block6/wrong_support_bt.json,place block_2 on block_6,"supported_by(block_2, block_6)",block_2,block_6,0,0,0.0,1,1,0,0,6,3,0.5,0.463856,0.252924,0,1,-19.144408,bad,success,0,fallback_symbolic_effects,done,experiments/bt_selection_benchmark/results/bt_candidate_evaluations_v1_supported_by_with_sim.csv,v1_supported_by,v1_supported_by,v1_supported_by::state_001_t1::place_block2_on_block6
place_block2_on_block6,state_001_t1,1,redundant_bt,redundant_bt,experiments/bt_selection_benchmark/bt_candidates/place_block2_on_block6/redundant_bt.json,place block_2 on block_6,"supported_by(block_2, block_6)",block_2,block_6,1,1,1.0,1,1,0,0,8,3,1.0,0.007679,0.249588,1,1,164.424034,good,success,0,fallback_symbolic_effects,done,experiments/bt_selection_benchmark/results/bt_candidate_evaluations_v1_supported_by_with_sim.csv,v1_supported_by,v1_supported_by,v1_supported_by::state_001_t1::place_block2_on_block6
place_block2_on_block6,state_001_t1,1,unsafe_or_invalid_bt,unsafe_or_invalid_bt,experiments/bt_selection_benchmark/bt_candidates/place_block2_on_block6/unsafe_or_invalid_bt.json,place block_2 on block_6,"supported_by(block_2, block_6)",block_2,block_6,0,0,0.0,1,1,0,2,4,3,0.0,1.0,0.0,0,1,-33.0,bad,success,0,fallback_symbolic_effects,skipped,experiments/bt_selection_benchmark/results/bt_candidate_evaluations_v1_supported_by_with_sim.csv,v1_supported_by,v1_supported_by,v1_supported_by::state_001_t1::place_block2_on_block6
stack_block3_on_block1,state_001_t1,1,correct_bt,correct_bt,experiments/bt_selection_benchmark/bt_candidates/stack_block3_on_block1/correct_bt.json,stack block_3 on block_1,"supported_by(block_3, block_1)",block_3,block_1,1,1,1.0,1,1,0,0,6,3,1.0,0.012844,0.737379,1,1,164.396802,good,success,0,fallback_symbolic_effects,done,experiments/bt_selection_benchmark/results/bt_candidate_evaluations_v1_supported_by_with_sim.csv,v1_supported_by,v1_supported_by,v1_supported_by::state_001_t1::stack_block3_on_block1
stack_block3_on_block1,state_001_t1,1,missing_precondition_bt,missing_precondition_bt,experiments/bt_selection_benchmark/bt_candidates/stack_block3_on_block1/missing_precondition_bt.json,stack block_3 on block_1,"supported_by(block_3, block_1)",block_3,block_1,1,0,1.0,1,1,0,0,5,3,0.5,0.082689,0.661487,0,1,54.350136,bad,success,0,fallback_symbolic_effects,done,experiments/bt_selection_benchmark/results/bt_candidate_evaluations_v1_supported_by_with_sim.csv,v1_supported_by,v1_supported_by,v1_supported_by::state_001_t1::stack_block3_on_block1
stack_block3_on_block1,state_001_t1,1,wrong_object_bt,wrong_object_bt,experiments/bt_selection_benchmark/bt_candidates/stack_block3_on_block1/wrong_object_bt.json,stack block_3 on block_1,"supported_by(block_3, block_1)",block_3,block_1,0,0,0.0,1,1,0,0,6,3,0.0,0.364516,0.787901,0,1,-29.220962,bad,success,0,fallback_symbolic_effects,done,experiments/bt_selection_benchmark/results/bt_candidate_evaluations_v1_supported_by_with_sim.csv,v1_supported_by,v1_supported_by,v1_supported_by::state_001_t1::stack_block3_on_block1
stack_block3_on_block1,state_001_t1,1,wrong_support_bt,wrong_support_bt,experiments/bt_selection_benchmark/bt_candidates/stack_block3_on_block1/wrong_support_bt.json,stack block_3 on block_1,"supported_by(block_3, block_1)",block_3,block_1,0,0,0.0,1,1,0,0,6,3,0.5,0.810671,0.680481,0,1,-23.467672,bad,success,0,fallback_symbolic_effects,done,experiments/bt_selection_benchmark/results/bt_candidate_evaluations_v1_supported_by_with_sim.csv,v1_supported_by,v1_supported_by,v1_supported_by::state_001_t1::stack_block3_on_block1
stack_block3_on_block1,state_001_t1,1,redundant_bt,redundant_bt,experiments/bt_selection_benchmark/bt_candidates/stack_block3_on_block1/redundant_bt.json,stack block_3 on block_1,"supported_by(block_3, block_1)",block_3,block_1,1,0,1.0,1,1,0,0,8,3,1.0,0.103039,0.690296,0,1,62.589018,medium,success,0,fallback_symbolic_effects,done,experiments/bt_selection_benchmark/results/bt_candidate_evaluations_v1_supported_by_with_sim.csv,v1_supported_by,v1_supported_by,v1_supported_by::state_001_t1::stack_block3_on_block1
stack_block3_on_block1,state_001_t1,1,unsafe_or_invalid_bt,unsafe_or_invalid_bt,experiments/bt_selection_benchmark/bt_candidates/stack_block3_on_block1/unsafe_or_invalid_bt.json,stack block_3 on block_1,"supported_by(block_3, block_1)",block_3,block_1,0,0,0.0,1,1,0,2,4,3,0.0,1.0,0.0,0,1,-33.0,bad,success,0,fallback_symbolic_effects,skipped,experiments/bt_selection_benchmark/results/bt_candidate_evaluations_v1_supported_by_with_sim.csv,v1_supported_by,v1_supported_by,v1_supported_by::state_001_t1::stack_block3_on_block1
place_block3_on_block5,state_002_t2,2,correct_bt,correct_bt,experiments/bt_selection_benchmark/bt_candidates/place_block3_on_block5/correct_bt.json,place block_3 on block_5,"supported_by(block_3, block_5)",block_3,block_5,1,1,1.0,1,1,0,0,6,3,1.0,0.001616,0.715514,1,1,164.552812,good,success,0,fallback_symbolic_effects,done,experiments/bt_selection_benchmark/results/bt_candidate_evaluations_v1_supported_by_with_sim.csv,v1_supported_by,v1_supported_by,v1_supported_by::state_002_t2::place_block3_on_block5
place_block3_on_block5,state_002_t2,2,missing_precondition_bt,missing_precondition_bt,experiments/bt_selection_benchmark/bt_candidates/place_block3_on_block5/missing_precondition_bt.json,place block_3 on block_5,"supported_by(block_3, block_5)",block_3,block_5,1,1,1.0,1,1,0,0,5,3,0.5,0.003891,0.744753,1,1,154.971584,good,success,0,fallback_symbolic_effects,done,experiments/bt_selection_benchmark/results/bt_candidate_evaluations_v1_supported_by_with_sim.csv,v1_supported_by,v1_supported_by,v1_supported_by::state_002_t2::place_block3_on_block5
place_block3_on_block5,state_002_t2,2,wrong_object_bt,wrong_object_bt,experiments/bt_selection_benchmark/bt_candidates/place_block3_on_block5/wrong_object_bt.json,place block_3 on block_5,"supported_by(block_3, block_5)",block_3,block_5,0,0,0.0,1,1,0,0,6,3,0.0,0.592744,0.624507,0,1,-31.176454,bad,success,0,fallback_symbolic_effects,done,experiments/bt_selection_benchmark/results/bt_candidate_evaluations_v1_supported_by_with_sim.csv,v1_supported_by,v1_supported_by,v1_supported_by::state_002_t2::place_block3_on_block5
place_block3_on_block5,state_002_t2,2,wrong_support_bt,wrong_support_bt,experiments/bt_selection_benchmark/bt_candidates/place_block3_on_block5/wrong_support_bt.json,place block_3 on block_5,"supported_by(block_3, block_5)",block_3,block_5,0,0,0.0,1,1,0,0,6,3,0.5,0.464745,0.584371,0,1,-19.816192,bad,success,0,fallback_symbolic_effects,done,experiments/bt_selection_benchmark/results/bt_candidate_evaluations_v1_supported_by_with_sim.csv,v1_supported_by,v1_supported_by,v1_supported_by::state_002_t2::place_block3_on_block5
place_block3_on_block5,state_002_t2,2,redundant_bt,redundant_bt,experiments/bt_selection_benchmark/bt_candidates/place_block3_on_block5/redundant_bt.json,place block_3 on block_5,"supported_by(block_3, block_5)",block_3,block_5,1,1,1.0,1,1,0,0,8,3,1.0,0.004262,0.657932,1,1,163.641516,good,success,0,fallback_symbolic_effects,done,experiments/bt_selection_benchmark/results/bt_candidate_evaluations_v1_supported_by_with_sim.csv,v1_supported_by,v1_supported_by,v1_supported_by::state_002_t2::place_block3_on_block5
place_block3_on_block5,state_002_t2,2,unsafe_or_invalid_bt,unsafe_or_invalid_bt,experiments/bt_selection_benchmark/bt_candidates/place_block3_on_block5/unsafe_or_invalid_bt.json,place block_3 on block_5,"supported_by(block_3, block_5)",block_3,block_5,0,0,0.0,1,1,0,2,4,3,0.0,1.0,0.0,0,1,-33.0,bad,success,0,fallback_symbolic_effects,skipped,experiments/bt_selection_benchmark/results/bt_candidate_evaluations_v1_supported_by_with_sim.csv,v1_supported_by,v1_supported_by,v1_supported_by::state_002_t2::place_block3_on_block5
place_block1_on_block5,state_002_t2,2,correct_bt,correct_bt,experiments/bt_selection_benchmark/bt_candidates/place_block1_on_block5/correct_bt.json,place block_1 on block_5,"supported_by(block_1, block_5)",block_1,block_5,1,1,1.0,1,1,0,0,6,3,1.0,0.000974,0.549535,1,1,164.89119,good,success,0,fallback_symbolic_effects,done,experiments/bt_selection_benchmark/results/bt_candidate_evaluations_v1_supported_by_with_sim.csv,v1_supported_by,v1_supported_by,v1_supported_by::state_002_t2::place_block1_on_block5
place_block1_on_block5,state_002_t2,2,missing_precondition_bt,missing_precondition_bt,experiments/bt_selection_benchmark/bt_candidates/place_block1_on_block5/missing_precondition_bt.json,place block_1 on block_5,"supported_by(block_1, block_5)",block_1,block_5,1,1,1.0,1,1,0,0,5,3,0.5,0.007771,0.631015,1,1,155.16026,good,success,0,fallback_symbolic_effects,done,experiments/bt_selection_benchmark/results/bt_candidate_evaluations_v1_supported_by_with_sim.csv,v1_supported_by,v1_supported_by,v1_supported_by::state_002_t2::place_block1_on_block5
place_block1_on_block5,state_002_t2,2,wrong_object_bt,wrong_object_bt,experiments/bt_selection_benchmark/bt_candidates/place_block1_on_block5/wrong_object_bt.json,place block_1 on block_5,"supported_by(block_1, block_5)",block_1,block_5,1,0,1.0,1,1,0,0,6,3,0.0,0.542225,0.206333,0,1,40.165084,bad,success,0,fallback_symbolic_effects,done,experiments/bt_selection_benchmark/results/bt_candidate_evaluations_v1_supported_by_with_sim.csv,v1_supported_by,v1_supported_by,v1_supported_by::state_002_t2::place_block1_on_block5
place_block1_on_block5,state_002_t2,2,wrong_support_bt,wrong_support_bt,experiments/bt_selection_benchmark/bt_candidates/place_block1_on_block5/wrong_support_bt.json,place block_1 on block_5,"supported_by(block_1, block_5)",block_1,block_5,1,0,1.0,1,1,0,0,6,3,0.5,0.457101,0.561455,0,1,50.30608,bad,success,0,fallback_symbolic_effects,done,experiments/bt_selection_benchmark/results/bt_candidate_evaluations_v1_supported_by_with_sim.csv,v1_supported_by,v1_supported_by,v1_supported_by::state_002_t2::place_block1_on_block5
place_block1_on_block5,state_002_t2,2,redundant_bt,redundant_bt,experiments/bt_selection_benchmark/bt_candidates/place_block1_on_block5/redundant_bt.json,place block_1 on block_5,"supported_by(block_1, block_5)",block_1,block_5,1,1,1.0,1,1,0,0,8,3,1.0,0.006738,0.654343,1,1,163.623934,good,success,0,fallback_symbolic_effects,done,experiments/bt_selection_benchmark/results/bt_candidate_evaluations_v1_supported_by_with_sim.csv,v1_supported_by,v1_supported_by,v1_supported_by::state_002_t2::place_block1_on_block5
place_block1_on_block5,state_002_t2,2,unsafe_or_invalid_bt,unsafe_or_invalid_bt,experiments/bt_selection_benchmark/bt_candidates/place_block1_on_block5/unsafe_or_invalid_bt.json,place block_1 on block_5,"supported_by(block_1, block_5)",block_1,block_5,1,0,1.0,1,1,0,2,4,3,0.0,0.0,0.0,0,1,47.0,bad,success,0,fallback_symbolic_effects,skipped,experiments/bt_selection_benchmark/results/bt_candidate_evaluations_v1_supported_by_with_sim.csv,v1_supported_by,v1_supported_by,v1_supported_by::state_002_t2::place_block1_on_block5
place_block2_on_block6,state_002_t2,2,correct_bt,correct_bt,experiments/bt_selection_benchmark/bt_candidates/place_block2_on_block6/correct_bt.json,place block_2 on block_6,"supported_by(block_2, block_6)",block_2,block_6,1,1,1.0,1,1,0,0,6,3,1.0,0.000886,0.544358,1,1,164.902424,good,success,0,fallback_symbolic_effects,done,experiments/bt_selection_benchmark/results/bt_candidate_evaluations_v1_supported_by_with_sim.csv,v1_supported_by,v1_supported_by,v1_supported_by::state_002_t2::place_block2_on_block6
place_block2_on_block6,state_002_t2,2,missing_precondition_bt,missing_precondition_bt,experiments/bt_selection_benchmark/bt_candidates/place_block2_on_block6/missing_precondition_bt.json,place block_2 on block_6,"supported_by(block_2, block_6)",block_2,block_6,1,1,1.0,1,1,0,0,5,3,0.5,0.001828,0.435171,1,1,155.611378,good,success,0,fallback_symbolic_effects,done,experiments/bt_selection_benchmark/results/bt_candidate_evaluations_v1_supported_by_with_sim.csv,v1_supported_by,v1_supported_by,v1_supported_by::state_002_t2::place_block2_on_block6
place_block2_on_block6,state_002_t2,2,wrong_object_bt,wrong_object_bt,experiments/bt_selection_benchmark/bt_candidates/place_block2_on_block6/wrong_object_bt.json,place block_2 on block_6,"supported_by(block_2, block_6)",block_2,block_6,0,0,0.0,1,1,0,0,6,3,0.0,0.913049,0.46655,0,1,-34.06359,bad,success,0,fallback_symbolic_effects,done,experiments/bt_selection_benchmark/results/bt_candidate_evaluations_v1_supported_by_with_sim.csv,v1_supported_by,v1_supported_by,v1_supported_by::state_002_t2::place_block2_on_block6
place_block2_on_block6,state_002_t2,2,wrong_support_bt,wrong_support_bt,experiments/bt_selection_benchmark/bt_candidates/place_block2_on_block6/wrong_support_bt.json,place block_2 on block_6,"supported_by(block_2, block_6)",block_2,block_6,0,0,0.0,1,1,0,0,6,3,0.5,0.465363,0.487265,0,1,-19.62816,bad,success,0,fallback_symbolic_effects,done,experiments/bt_selection_benchmark/results/bt_candidate_evaluations_v1_supported_by_with_sim.csv,v1_supported_by,v1_supported_by,v1_supported_by::state_002_t2::place_block2_on_block6
place_block2_on_block6,state_002_t2,2,redundant_bt,redundant_bt,experiments/bt_selection_benchmark/bt_candidates/place_block2_on_block6/redundant_bt.json,place block_2 on block_6,"supported_by(block_2, block_6)",block_2,block_6,1,1,1.0,1,1,0,0,8,3,1.0,0.00699,0.614418,1,1,163.701264,good,success,0,fallback_symbolic_effects,done,experiments/bt_selection_benchmark/results/bt_candidate_evaluations_v1_supported_by_with_sim.csv,v1_supported_by,v1_supported_by,v1_supported_by::state_002_t2::place_block2_on_block6
place_block2_on_block6,state_002_t2,2,unsafe_or_invalid_bt,unsafe_or_invalid_bt,experiments/bt_selection_benchmark/bt_candidates/place_block2_on_block6/unsafe_or_invalid_bt.json,place block_2 on block_6,"supported_by(block_2, block_6)",block_2,block_6,0,0,0.0,1,1,0,2,4,3,0.0,1.0,0.0,0,1,-33.0,bad,success,0,fallback_symbolic_effects,skipped,experiments/bt_selection_benchmark/results/bt_candidate_evaluations_v1_supported_by_with_sim.csv,v1_supported_by,v1_supported_by,v1_supported_by::state_002_t2::place_block2_on_block6
stack_block3_on_block1,state_002_t2,2,correct_bt,correct_bt,experiments/bt_selection_benchmark/bt_candidates/stack_block3_on_block1/correct_bt.json,stack block_3 on block_1,"supported_by(block_3, block_1)",block_3,block_1,1,0,1.0,1,1,0,0,6,3,1.0,0.089849,0.620543,0,1,63.860424,medium,success,0,fallback_symbolic_effects,done,experiments/bt_selection_benchmark/results/bt_candidate_evaluations_v1_supported_by_with_sim.csv,v1_supported_by,v1_supported_by,v1_supported_by::state_002_t2::stack_block3_on_block1
stack_block3_on_block1,state_002_t2,2,missing_precondition_bt,missing_precondition_bt,experiments/bt_selection_benchmark/bt_candidates/stack_block3_on_block1/missing_precondition_bt.json,stack block_3 on block_1,"supported_by(block_3, block_1)",block_3,block_1,1,0,1.0,1,1,0,0,5,3,0.5,0.082962,0.542444,0,1,54.585492,bad,success,0,fallback_symbolic_effects,done,experiments/bt_selection_benchmark/results/bt_candidate_evaluations_v1_supported_by_with_sim.csv,v1_supported_by,v1_supported_by,v1_supported_by::state_002_t2::stack_block3_on_block1
stack_block3_on_block1,state_002_t2,2,wrong_object_bt,wrong_object_bt,experiments/bt_selection_benchmark/bt_candidates/stack_block3_on_block1/wrong_object_bt.json,stack block_3 on block_1,"supported_by(block_3, block_1)",block_3,block_1,0,0,0.0,1,1,0,0,6,3,0.0,0.522242,0.812383,0,1,-30.847186,bad,success,0,fallback_symbolic_effects,done,experiments/bt_selection_benchmark/results/bt_candidate_evaluations_v1_supported_by_with_sim.csv,v1_supported_by,v1_supported_by,v1_supported_by::state_002_t2::stack_block3_on_block1
stack_block3_on_block1,state_002_t2,2,wrong_support_bt,wrong_support_bt,experiments/bt_selection_benchmark/bt_candidates/stack_block3_on_block1/wrong_support_bt.json,stack block_3 on block_1,"supported_by(block_3, block_1)",block_3,block_1,0,0,0.0,1,1,0,0,6,3,0.5,0.400789,0.761497,0,1,-19.530884,bad,success,0,fallback_symbolic_effects,done,experiments/bt_selection_benchmark/results/bt_candidate_evaluations_v1_supported_by_with_sim.csv,v1_supported_by,v1_supported_by,v1_supported_by::state_002_t2::stack_block3_on_block1
stack_block3_on_block1,state_002_t2,2,redundant_bt,redundant_bt,experiments/bt_selection_benchmark/bt_candidates/stack_block3_on_block1/redundant_bt.json,stack block_3 on block_1,"supported_by(block_3, block_1)",block_3,block_1,1,0,1.0,1,1,0,0,8,3,1.0,0.091641,0.634682,0,1,62.814226,medium,success,0,fallback_symbolic_effects,done,experiments/bt_selection_benchmark/results/bt_candidate_evaluations_v1_supported_by_with_sim.csv,v1_supported_by,v1_supported_by,v1_supported_by::state_002_t2::stack_block3_on_block1
stack_block3_on_block1,state_002_t2,2,unsafe_or_invalid_bt,unsafe_or_invalid_bt,experiments/bt_selection_benchmark/bt_candidates/stack_block3_on_block1/unsafe_or_invalid_bt.json,stack block_3 on block_1,"supported_by(block_3, block_1)",block_3,block_1,0,0,0.0,1,1,0,2,4,3,0.0,1.0,0.0,0,1,-33.0,bad,success,0,fallback_symbolic_effects,skipped,experiments/bt_selection_benchmark/results/bt_candidate_evaluations_v1_supported_by_with_sim.csv,v1_supported_by,v1_supported_by,v1_supported_by::state_002_t2::stack_block3_on_block1
place_block3_on_block5,state_003_t3,3,correct_bt,correct_bt,experiments/bt_selection_benchmark/bt_candidates/place_block3_on_block5/correct_bt.json,place block_3 on block_5,"supported_by(block_3, block_5)",block_3,block_5,1,1,1.0,1,1,0,0,6,3,1.0,0.002699,0.636707,1,1,164.699596,good,success,0,fallback_symbolic_effects,done,experiments/bt_selection_benchmark/results/bt_candidate_evaluations_v1_supported_by_with_sim.csv,v1_supported_by,v1_supported_by,v1_supported_by::state_003_t3::place_block3_on_block5
place_block3_on_block5,state_003_t3,3,missing_precondition_bt,missing_precondition_bt,experiments/bt_selection_benchmark/bt_candidates/place_block3_on_block5/missing_precondition_bt.json,place block_3 on block_5,"supported_by(block_3, block_5)",block_3,block_5,1,1,1.0,1,1,0,0,5,3,0.5,0.001407,0.725486,1,1,155.034958,good,success,0,fallback_symbolic_effects,done,experiments/bt_selection_benchmark/results/bt_candidate_evaluations_v1_supported_by_with_sim.csv,v1_supported_by,v1_supported_by,v1_supported_by::state_003_t3::place_block3_on_block5
place_block3_on_block5,state_003_t3,3,wrong_object_bt,wrong_object_bt,experiments/bt_selection_benchmark/bt_candidates/place_block3_on_block5/wrong_object_bt.json,place block_3 on block_5,"supported_by(block_3, block_5)",block_3,block_5,1,0,1.0,1,1,0,0,6,3,0.0,0.644921,0.540592,0,1,38.469606,bad,success,0,fallback_symbolic_effects,done,experiments/bt_selection_benchmark/results/bt_candidate_evaluations_v1_supported_by_with_sim.csv,v1_supported_by,v1_supported_by,v1_supported_by::state_003_t3::place_block3_on_block5
place_block3_on_block5,state_003_t3,3,wrong_support_bt,wrong_support_bt,experiments/bt_selection_benchmark/bt_candidates/place_block3_on_block5/wrong_support_bt.json,place block_3 on block_5,"supported_by(block_3, block_5)",block_3,block_5,1,0,1.0,1,1,0,0,6,3,0.5,0.464856,0.775042,0,1,49.801356,bad,success,0,fallback_symbolic_effects,done,experiments/bt_selection_benchmark/results/bt_candidate_evaluations_v1_supported_by_with_sim.csv,v1_supported_by,v1_supported_by,v1_supported_by::state_003_t3::place_block3_on_block5
place_block3_on_block5,state_003_t3,3,redundant_bt,redundant_bt,experiments/bt_selection_benchmark/bt_candidates/place_block3_on_block5/redundant_bt.json,place block_3 on block_5,"supported_by(block_3, block_5)",block_3,block_5,1,1,1.0,1,1,0,0,8,3,1.0,0.002629,0.755908,1,1,163.461894,good,success,0,fallback_symbolic_effects,done,experiments/bt_selection_benchmark/results/bt_candidate_evaluations_v1_supported_by_with_sim.csv,v1_supported_by,v1_supported_by,v1_supported_by::state_003_t3::place_block3_on_block5
place_block3_on_block5,state_003_t3,3,unsafe_or_invalid_bt,unsafe_or_invalid_bt,experiments/bt_selection_benchmark/bt_candidates/place_block3_on_block5/unsafe_or_invalid_bt.json,place block_3 on block_5,"supported_by(block_3, block_5)",block_3,block_5,1,0,1.0,1,1,0,2,4,3,0.0,0.0,0.0,0,1,47.0,bad,success,0,fallback_symbolic_effects,skipped,experiments/bt_selection_benchmark/results/bt_candidate_evaluations_v1_supported_by_with_sim.csv,v1_supported_by,v1_supported_by,v1_supported_by::state_003_t3::place_block3_on_block5
place_block1_on_block5,state_003_t3,3,correct_bt,correct_bt,experiments/bt_selection_benchmark/bt_candidates/place_block1_on_block5/correct_bt.json,place block_1 on block_5,"supported_by(block_1, block_5)",block_1,block_5,1,1,1.0,1,1,0,0,6,3,1.0,0.011499,0.671431,1,1,164.542148,good,success,0,fallback_symbolic_effects,done,experiments/bt_selection_benchmark/results/bt_candidate_evaluations_v1_supported_by_with_sim.csv,v1_supported_by,v1_supported_by,v1_supported_by::state_003_t3::place_block1_on_block5
place_block1_on_block5,state_003_t3,3,missing_precondition_bt,missing_precondition_bt,experiments/bt_selection_benchmark/bt_candidates/place_block1_on_block5/missing_precondition_bt.json,place block_1 on block_5,"supported_by(block_1, block_5)",block_1,block_5,1,1,1.0,1,1,0,0,5,3,0.5,0.009597,0.666675,1,1,155.07068,good,success,0,fallback_symbolic_effects,done,experiments/bt_selection_benchmark/results/bt_candidate_evaluations_v1_supported_by_with_sim.csv,v1_supported_by,v1_supported_by,v1_supported_by::state_003_t3::place_block1_on_block5
place_block1_on_block5,state_003_t3,3,wrong_object_bt,wrong_object_bt,experiments/bt_selection_benchmark/bt_candidates/place_block1_on_block5/wrong_object_bt.json,place block_1 on block_5,"supported_by(block_1, block_5)",block_1,block_5,1,0,1.0,1,1,0,0,6,3,0.0,0.510274,0.540739,0,1,39.815782,bad,success,0,fallback_symbolic_effects,done,experiments/bt_selection_benchmark/results/bt_candidate_evaluations_v1_supported_by_with_sim.csv,v1_supported_by,v1_supported_by,v1_supported_by::state_003_t3::place_block1_on_block5
place_block1_on_block5,state_003_t3,3,wrong_support_bt,wrong_support_bt,experiments/bt_selection_benchmark/bt_candidates/place_block1_on_block5/wrong_support_bt.json,place block_1 on block_5,"supported_by(block_1, block_5)",block_1,block_5,1,0,1.0,1,1,0,0,6,3,0.5,0.449263,0.598632,0,1,50.310106,bad,success,0,fallback_symbolic_effects,done,experiments/bt_selection_benchmark/results/bt_candidate_evaluations_v1_supported_by_with_sim.csv,v1_supported_by,v1_supported_by,v1_supported_by::state_003_t3::place_block1_on_block5
place_block1_on_block5,state_003_t3,3,redundant_bt,redundant_bt,experiments/bt_selection_benchmark/bt_candidates/place_block1_on_block5/redundant_bt.json,place block_1 on block_5,"supported_by(block_1, block_5)",block_1,block_5,1,1,1.0,1,1,0,0,8,3,1.0,0.001741,0.751079,1,1,163.480432,good,success,0,fallback_symbolic_effects,done,experiments/bt_selection_benchmark/results/bt_candidate_evaluations_v1_supported_by_with_sim.csv,v1_supported_by,v1_supported_by,v1_supported_by::state_003_t3::place_block1_on_block5
place_block1_on_block5,state_003_t3,3,unsafe_or_invalid_bt,unsafe_or_invalid_bt,experiments/bt_selection_benchmark/bt_candidates/place_block1_on_block5/unsafe_or_invalid_bt.json,place block_1 on block_5,"supported_by(block_1, block_5)",block_1,block_5,1,0,1.0,1,1,0,2,4,3,0.0,0.0,0.0,0,1,47.0,bad,success,0,fallback_symbolic_effects,skipped,experiments/bt_selection_benchmark/results/bt_candidate_evaluations_v1_supported_by_with_sim.csv,v1_supported_by,v1_supported_by,v1_supported_by::state_003_t3::place_block1_on_block5
place_block2_on_block6,state_003_t3,3,correct_bt,correct_bt,experiments/bt_selection_benchmark/bt_candidates/place_block2_on_block6/correct_bt.json,place block_2 on block_6,"supported_by(block_2, block_6)",block_2,block_6,1,1,1.0,1,1,0,0,6,3,1.0,0.006768,0.601839,1,1,164.728642,good,success,0,fallback_symbolic_effects,done,experiments/bt_selection_benchmark/results/bt_candidate_evaluations_v1_supported_by_with_sim.csv,v1_supported_by,v1_supported_by,v1_supported_by::state_003_t3::place_block2_on_block6
place_block2_on_block6,state_003_t3,3,missing_precondition_bt,missing_precondition_bt,experiments/bt_selection_benchmark/bt_candidates/place_block2_on_block6/missing_precondition_bt.json,place block_2 on block_6,"supported_by(block_2, block_6)",block_2,block_6,1,1,1.0,1,1,0,0,5,3,0.5,0.00059,0.680149,1,1,155.133802,good,success,0,fallback_symbolic_effects,done,experiments/bt_selection_benchmark/results/bt_candidate_evaluations_v1_supported_by_with_sim.csv,v1_supported_by,v1_supported_by,v1_supported_by::state_003_t3::place_block2_on_block6
place_block2_on_block6,state_003_t3,3,wrong_object_bt,wrong_object_bt,experiments/bt_selection_benchmark/bt_candidates/place_block2_on_block6/wrong_object_bt.json,place block_2 on block_6,"supported_by(block_2, block_6)",block_2,block_6,0,0,0.0,1,1,0,0,6,3,0.0,0.94528,0.468226,0,1,-34.389252,bad,success,0,fallback_symbolic_effects,done,experiments/bt_selection_benchmark/results/bt_candidate_evaluations_v1_supported_by_with_sim.csv,v1_supported_by,v1_supported_by,v1_supported_by::state_003_t3::place_block2_on_block6
place_block2_on_block6,state_003_t3,3,wrong_support_bt,wrong_support_bt,experiments/bt_selection_benchmark/bt_candidates/place_block2_on_block6/wrong_support_bt.json,place block_2 on block_6,"supported_by(block_2, block_6)",block_2,block_6,0,0,0.0,1,1,0,0,6,3,0.5,0.46632,0.519339,0,1,-19.701878,bad,success,0,fallback_symbolic_effects,done,experiments/bt_selection_benchmark/results/bt_candidate_evaluations_v1_supported_by_with_sim.csv,v1_supported_by,v1_supported_by,v1_supported_by::state_003_t3::place_block2_on_block6
place_block2_on_block6,state_003_t3,3,redundant_bt,redundant_bt,experiments/bt_selection_benchmark/bt_candidates/place_block2_on_block6/redundant_bt.json,place block_2 on block_6,"supported_by(block_2, block_6)",block_2,block_6,1,1,1.0,1,1,0,0,8,3,1.0,0.005149,0.560065,1,1,163.82838,good,success,0,fallback_symbolic_effects,done,experiments/bt_selection_benchmark/results/bt_candidate_evaluations_v1_supported_by_with_sim.csv,v1_supported_by,v1_supported_by,v1_supported_by::state_003_t3::place_block2_on_block6
place_block2_on_block6,state_003_t3,3,unsafe_or_invalid_bt,unsafe_or_invalid_bt,experiments/bt_selection_benchmark/bt_candidates/place_block2_on_block6/unsafe_or_invalid_bt.json,place block_2 on block_6,"supported_by(block_2, block_6)",block_2,block_6,0,0,0.0,1,1,0,2,4,3,0.0,1.0,0.0,0,1,-33.0,bad,success,0,fallback_symbolic_effects,skipped,experiments/bt_selection_benchmark/results/bt_candidate_evaluations_v1_supported_by_with_sim.csv,v1_supported_by,v1_supported_by,v1_supported_by::state_003_t3::place_block2_on_block6
stack_block3_on_block1,state_003_t3,3,correct_bt,correct_bt,experiments/bt_selection_benchmark/bt_candidates/stack_block3_on_block1/correct_bt.json,stack block_3 on block_1,"supported_by(block_3, block_1)",block_3,block_1,1,0,1.0,1,1,0,0,6,3,1.0,0.092335,0.632041,0,1,63.812568,medium,success,0,fallback_symbolic_effects,done,experiments/bt_selection_benchmark/results/bt_candidate_evaluations_v1_supported_by_with_sim.csv,v1_supported_by,v1_supported_by,v1_supported_by::state_003_t3::stack_block3_on_block1
stack_block3_on_block1,state_003_t3,3,missing_precondition_bt,missing_precondition_bt,experiments/bt_selection_benchmark/bt_candidates/stack_block3_on_block1/missing_precondition_bt.json,stack block_3 on block_1,"supported_by(block_3, block_1)",block_3,block_1,1,0,1.0,1,1,0,0,5,3,0.5,0.087335,0.720928,0,1,54.184794,bad,success,0,fallback_symbolic_effects,done,experiments/bt_selection_benchmark/results/bt_candidate_evaluations_v1_supported_by_with_sim.csv,v1_supported_by,v1_supported_by,v1_supported_by::state_003_t3::stack_block3_on_block1
stack_block3_on_block1,state_003_t3,3,wrong_object_bt,wrong_object_bt,experiments/bt_selection_benchmark/bt_candidates/stack_block3_on_block1/wrong_object_bt.json,stack block_3 on block_1,"supported_by(block_3, block_1)",block_3,block_1,0,0,0.0,1,1,0,0,6,3,0.0,0.607643,0.642666,0,1,-31.361762,bad,success,0,fallback_symbolic_effects,done,experiments/bt_selection_benchmark/results/bt_candidate_evaluations_v1_supported_by_with_sim.csv,v1_supported_by,v1_supported_by,v1_supported_by::state_003_t3::stack_block3_on_block1
stack_block3_on_block1,state_003_t3,3,wrong_support_bt,wrong_support_bt,experiments/bt_selection_benchmark/bt_candidates/stack_block3_on_block1/wrong_support_bt.json,stack block_3 on block_1,"supported_by(block_3, block_1)",block_3,block_1,0,0,0.0,1,1,0,0,6,3,0.5,0.394009,0.566784,0,1,-19.073658,bad,success,0,fallback_symbolic_effects,done,experiments/bt_selection_benchmark/results/bt_candidate_evaluations_v1_supported_by_with_sim.csv,v1_supported_by,v1_supported_by,v1_supported_by::state_003_t3::stack_block3_on_block1
stack_block3_on_block1,state_003_t3,3,redundant_bt,redundant_bt,experiments/bt_selection_benchmark/bt_candidates/stack_block3_on_block1/redundant_bt.json,stack block_3 on block_1,"supported_by(block_3, block_1)",block_3,block_1,1,0,1.0,1,1,0,0,8,3,1.0,0.08219,0.644224,0,1,62.889652,medium,success,0,fallback_symbolic_effects,done,experiments/bt_selection_benchmark/results/bt_candidate_evaluations_v1_supported_by_with_sim.csv,v1_supported_by,v1_supported_by,v1_supported_by::state_003_t3::stack_block3_on_block1
stack_block3_on_block1,state_003_t3,3,unsafe_or_invalid_bt,unsafe_or_invalid_bt,experiments/bt_selection_benchmark/bt_candidates/stack_block3_on_block1/unsafe_or_invalid_bt.json,stack block_3 on block_1,"supported_by(block_3, block_1)",block_3,block_1,0,0,0.0,1,1,0,2,4,3,0.0,1.0,0.0,0,1,-33.0,bad,success,0,fallback_symbolic_effects,skipped,experiments/bt_selection_benchmark/results/bt_candidate_evaluations_v1_supported_by_with_sim.csv,v1_supported_by,v1_supported_by,v1_supported_by::state_003_t3::stack_block3_on_block1
place_block3_on_block5,state_004_t4,4,correct_bt,correct_bt,experiments/bt_selection_benchmark/bt_candidates/place_block3_on_block5/correct_bt.json,place block_3 on block_5,"supported_by(block_3, block_5)",block_3,block_5,1,1,1.0,1,1,0,0,6,3,1.0,0.007397,0.622583,1,1,164.680864,good,success,0,fallback_symbolic_effects,done,experiments/bt_selection_benchmark/results/bt_candidate_evaluations_v1_supported_by_with_sim.csv,v1_supported_by,v1_supported_by,v1_supported_by::state_004_t4::place_block3_on_block5
place_block3_on_block5,state_004_t4,4,missing_precondition_bt,missing_precondition_bt,experiments/bt_selection_benchmark/bt_candidates/place_block3_on_block5/missing_precondition_bt.json,place block_3 on block_5,"supported_by(block_3, block_5)",block_3,block_5,1,1,1.0,1,1,0,0,5,3,0.5,0.001068,0.675453,1,1,155.138414,good,success,0,fallback_symbolic_effects,done,experiments/bt_selection_benchmark/results/bt_candidate_evaluations_v1_supported_by_with_sim.csv,v1_supported_by,v1_supported_by,v1_supported_by::state_004_t4::place_block3_on_block5
place_block3_on_block5,state_004_t4,4,wrong_object_bt,wrong_object_bt,experiments/bt_selection_benchmark/bt_candidates/place_block3_on_block5/wrong_object_bt.json,place block_3 on block_5,"supported_by(block_3, block_5)",block_3,block_5,1,0,1.0,1,1,0,0,6,3,0.0,0.493025,0.689247,0,1,39.691256,bad,success,0,fallback_symbolic_effects,done,experiments/bt_selection_benchmark/results/bt_candidate_evaluations_v1_supported_by_with_sim.csv,v1_supported_by,v1_supported_by,v1_supported_by::state_004_t4::place_block3_on_block5
place_block3_on_block5,state_004_t4,4,wrong_support_bt,wrong_support_bt,experiments/bt_selection_benchmark/bt_candidates/place_block3_on_block5/wrong_support_bt.json,place block_3 on block_5,"supported_by(block_3, block_5)",block_3,block_5,1,0,1.0,1,1,0,0,6,3,0.5,0.466039,0.543685,0,1,50.25224,bad,success,0,fallback_symbolic_effects,done,experiments/bt_selection_benchmark/results/bt_candidate_evaluations_v1_supported_by_with_sim.csv,v1_supported_by,v1_supported_by,v1_supported_by::state_004_t4::place_block3_on_block5
place_block3_on_block5,state_004_t4,4,redundant_bt,redundant_bt,experiments/bt_selection_benchmark/bt_candidates/place_block3_on_block5/redundant_bt.json,place block_3 on block_5,"supported_by(block_3, block_5)",block_3,block_5,1,1,1.0,1,1,0,0,8,3,1.0,0.003541,0.66286,1,1,163.63887,good,success,0,fallback_symbolic_effects,done,experiments/bt_selection_benchmark/results/bt_candidate_evaluations_v1_supported_by_with_sim.csv,v1_supported_by,v1_supported_by,v1_supported_by::state_004_t4::place_block3_on_block5
place_block3_on_block5,state_004_t4,4,unsafe_or_invalid_bt,unsafe_or_invalid_bt,experiments/bt_selection_benchmark/bt_candidates/place_block3_on_block5/unsafe_or_invalid_bt.json,place block_3 on block_5,"supported_by(block_3, block_5)",block_3,block_5,1,0,1.0,1,1,0,2,4,3,0.0,0.0,0.0,0,1,47.0,bad,success,0,fallback_symbolic_effects,skipped,experiments/bt_selection_benchmark/results/bt_candidate_evaluations_v1_supported_by_with_sim.csv,v1_supported_by,v1_supported_by,v1_supported_by::state_004_t4::place_block3_on_block5
place_block1_on_block5,state_004_t4,4,correct_bt,correct_bt,experiments/bt_selection_benchmark/bt_candidates/place_block1_on_block5/correct_bt.json,place block_1 on block_5,"supported_by(block_1, block_5)",block_1,block_5,1,1,1.0,1,1,0,0,6,3,1.0,0.011437,0.763223,1,1,164.359184,good,success,0,fallback_symbolic_effects,done,experiments/bt_selection_benchmark/results/bt_candidate_evaluations_v1_supported_by_with_sim.csv,v1_supported_by,v1_supported_by,v1_supported_by::state_004_t4::place_block1_on_block5
place_block1_on_block5,state_004_t4,4,missing_precondition_bt,missing_precondition_bt,experiments/bt_selection_benchmark/bt_candidates/place_block1_on_block5/missing_precondition_bt.json,place block_1 on block_5,"supported_by(block_1, block_5)",block_1,block_5,1,1,1.0,1,1,0,0,5,3,0.5,0.000562,0.72821,1,1,155.03796,good,success,0,fallback_symbolic_effects,done,experiments/bt_selection_benchmark/results/bt_candidate_evaluations_v1_supported_by_with_sim.csv,v1_supported_by,v1_supported_by,v1_supported_by::state_004_t4::place_block1_on_block5
place_block1_on_block5,state_004_t4,4,wrong_object_bt,wrong_object_bt,experiments/bt_selection_benchmark/bt_candidates/place_block1_on_block5/wrong_object_bt.json,place block_1 on block_5,"supported_by(block_1, block_5)",block_1,block_5,1,0,1.0,1,1,0,0,6,3,0.0,0.56732,0.64896,0,1,39.02888,bad,success,0,fallback_symbolic_effects,done,experiments/bt_selection_benchmark/results/bt_candidate_evaluations_v1_supported_by_with_sim.csv,v1_supported_by,v1_supported_by,v1_supported_by::state_004_t4::place_block1_on_block5
place_block1_on_block5,state_004_t4,4,wrong_support_bt,wrong_support_bt,experiments/bt_selection_benchmark/bt_candidates/place_block1_on_block5/wrong_support_bt.json,place block_1 on block_5,"supported_by(block_1, block_5)",block_1,block_5,1,0,1.0,1,1,0,0,6,3,0.5,0.456973,0.650047,0,1,50.130176,bad,success,0,fallback_symbolic_effects,done,experiments/bt_selection_benchmark/results/bt_candidate_evaluations_v1_supported_by_with_sim.csv,v1_supported_by,v1_supported_by,v1_supported_by::state_004_t4::place_block1_on_block5
place_block1_on_block5,state_004_t4,4,redundant_bt,redundant_bt,experiments/bt_selection_benchmark/bt_candidates/place_block1_on_block5/redundant_bt.json,place block_1 on block_5,"supported_by(block_1, block_5)",block_1,block_5,1,1,1.0,1,1,0,0,8,3,1.0,0.008702,0.712533,1,1,163.487914,good,success,0,fallback_symbolic_effects,done,experiments/bt_selection_benchmark/results/bt_candidate_evaluations_v1_supported_by_with_sim.csv,v1_supported_by,v1_supported_by,v1_supported_by::state_004_t4::place_block1_on_block5
place_block1_on_block5,state_004_t4,4,unsafe_or_invalid_bt,unsafe_or_invalid_bt,experiments/bt_selection_benchmark/bt_candidates/place_block1_on_block5/unsafe_or_invalid_bt.json,place block_1 on block_5,"supported_by(block_1, block_5)",block_1,block_5,1,0,1.0,1,1,0,2,4,3,0.0,0.0,0.0,0,1,47.0,bad,success,0,fallback_symbolic_effects,skipped,experiments/bt_selection_benchmark/results/bt_candidate_evaluations_v1_supported_by_with_sim.csv,v1_supported_by,v1_supported_by,v1_supported_by::state_004_t4::place_block1_on_block5
place_block2_on_block6,state_004_t4,4,correct_bt,correct_bt,experiments/bt_selection_benchmark/bt_candidates/place_block2_on_block6/correct_bt.json,place block_2 on block_6,"supported_by(block_2, block_6)",block_2,block_6,1,1,1.0,1,1,0,0,6,3,1.0,0.003069,0.630728,1,1,164.707854,good,success,0,fallback_symbolic_effects,done,experiments/bt_selection_benchmark/results/bt_candidate_evaluations_v1_supported_by_with_sim.csv,v1_supported_by,v1_supported_by,v1_supported_by::state_004_t4::place_block2_on_block6
place_block2_on_block6,state_004_t4,4,missing_precondition_bt,missing_precondition_bt,experiments/bt_selection_benchmark/bt_candidates/place_block2_on_block6/missing_precondition_bt.json,place block_2 on block_6,"supported_by(block_2, block_6)",block_2,block_6,1,1,1.0,1,1,0,0,5,3,0.5,0.006854,0.7389,1,1,154.95366,good,success,0,fallback_symbolic_effects,done,experiments/bt_selection_benchmark/results/bt_candidate_evaluations_v1_supported_by_with_sim.csv,v1_supported_by,v1_supported_by,v1_supported_by::state_004_t4::place_block2_on_block6
place_block2_on_block6,state_004_t4,4,wrong_object_bt,wrong_object_bt,experiments/bt_selection_benchmark/bt_candidates/place_block2_on_block6/wrong_object_bt.json,place block_2 on block_6,"supported_by(block_2, block_6)",block_2,block_6,0,0,0.0,1,1,0,0,6,3,0.0,0.946893,0.690874,0,1,-34.850678,bad,success,0,fallback_symbolic_effects,done,experiments/bt_selection_benchmark/results/bt_candidate_evaluations_v1_supported_by_with_sim.csv,v1_supported_by,v1_supported_by,v1_supported_by::state_004_t4::place_block2_on_block6
place_block2_on_block6,state_004_t4,4,wrong_support_bt,wrong_support_bt,experiments/bt_selection_benchmark/bt_candidates/place_block2_on_block6/wrong_support_bt.json,place block_2 on block_6,"supported_by(block_2, block_6)",block_2,block_6,0,0,0.0,1,1,0,0,6,3,0.5,0.465518,0.730877,0,1,-20.116934,bad,success,0,fallback_symbolic_effects,done,experiments/bt_selection_benchmark/results/bt_candidate_evaluations_v1_supported_by_with_sim.csv,v1_supported_by,v1_supported_by,v1_supported_by::state_004_t4::place_block2_on_block6
place_block2_on_block6,state_004_t4,4,redundant_bt,redundant_bt,experiments/bt_selection_benchmark/bt_candidates/place_block2_on_block6/redundant_bt.json,place block_2 on block_6,"supported_by(block_2, block_6)",block_2,block_6,1,1,1.0,1,1,0,0,8,3,1.0,0.002486,0.541143,1,1,163.892854,good,success,0,fallback_symbolic_effects,done,experiments/bt_selection_benchmark/results/bt_candidate_evaluations_v1_supported_by_with_sim.csv,v1_supported_by,v1_supported_by,v1_supported_by::state_004_t4::place_block2_on_block6
place_block2_on_block6,state_004_t4,4,unsafe_or_invalid_bt,unsafe_or_invalid_bt,experiments/bt_selection_benchmark/bt_candidates/place_block2_on_block6/unsafe_or_invalid_bt.json,place block_2 on block_6,"supported_by(block_2, block_6)",block_2,block_6,0,0,0.0,1,1,0,2,4,3,0.0,1.0,0.0,0,1,-33.0,bad,success,0,fallback_symbolic_effects,skipped,experiments/bt_selection_benchmark/results/bt_candidate_evaluations_v1_supported_by_with_sim.csv,v1_supported_by,v1_supported_by,v1_supported_by::state_004_t4::place_block2_on_block6
stack_block3_on_block1,state_004_t4,4,correct_bt,correct_bt,experiments/bt_selection_benchmark/bt_candidates/stack_block3_on_block1/correct_bt.json,stack block_3 on block_1,"supported_by(block_3, block_1)",block_3,block_1,1,0,1.0,1,1,0,0,6,3,1.0,0.085926,0.614936,0,1,63.910868,medium,success,0,fallback_symbolic_effects,done,experiments/bt_selection_benchmark/results/bt_candidate_evaluations_v1_supported_by_with_sim.csv,v1_supported_by,v1_supported_by,v1_supported_by::state_004_t4::stack_block3_on_block1
stack_block3_on_block1,state_004_t4,4,missing_precondition_bt,missing_precondition_bt,experiments/bt_selection_benchmark/bt_candidates/stack_block3_on_block1/missing_precondition_bt.json,stack block_3 on block_1,"supported_by(block_3, block_1)",block_3,block_1,1,0,1.0,1,1,0,0,5,3,0.5,0.08016,0.658116,0,1,54.382168,bad,success,0,fallback_symbolic_effects,done,experiments/bt_selection_benchmark/results/bt_candidate_evaluations_v1_supported_by_with_sim.csv,v1_supported_by,v1_supported_by,v1_supported_by::state_004_t4::stack_block3_on_block1
stack_block3_on_block1,state_004_t4,4,wrong_object_bt,wrong_object_bt,experiments/bt_selection_benchmark/bt_candidates/stack_block3_on_block1/wrong_object_bt.json,stack block_3 on block_1,"supported_by(block_3, block_1)",block_3,block_1,0,0,0.0,1,1,0,0,6,3,0.0,0.53195,0.746454,0,1,-30.812408,bad,success,0,fallback_symbolic_effects,done,experiments/bt_selection_benchmark/results/bt_candidate_evaluations_v1_supported_by_with_sim.csv,v1_supported_by,v1_supported_by,v1_supported_by::state_004_t4::stack_block3_on_block1
stack_block3_on_block1,state_004_t4,4,wrong_support_bt,wrong_support_bt,experiments/bt_selection_benchmark/bt_candidates/stack_block3_on_block1/wrong_support_bt.json,stack block_3 on block_1,"supported_by(block_3, block_1)",block_3,block_1,0,0,0.0,1,1,0,0,6,3,0.5,0.389675,0.738649,0,1,-19.374048,bad,success,0,fallback_symbolic_effects,done,experiments/bt_selection_benchmark/results/bt_candidate_evaluations_v1_supported_by_with_sim.csv,v1_supported_by,v1_supported_by,v1_supported_by::state_004_t4::stack_block3_on_block1
stack_block3_on_block1,state_004_t4,4,redundant_bt,redundant_bt,experiments/bt_selection_benchmark/bt_candidates/stack_block3_on_block1/redundant_bt.json,stack block_3 on block_1,"supported_by(block_3, block_1)",block_3,block_1,1,0,1.0,1,1,0,0,8,3,1.0,0.078414,0.672511,0,1,62.870838,medium,success,0,fallback_symbolic_effects,done,experiments/bt_selection_benchmark/results/bt_candidate_evaluations_v1_supported_by_with_sim.csv,v1_supported_by,v1_supported_by,v1_supported_by::state_004_t4::stack_block3_on_block1
stack_block3_on_block1,state_004_t4,4,unsafe_or_invalid_bt,unsafe_or_invalid_bt,experiments/bt_selection_benchmark/bt_candidates/stack_block3_on_block1/unsafe_or_invalid_bt.json,stack block_3 on block_1,"supported_by(block_3, block_1)",block_3,block_1,0,0,0.0,1,1,0,2,4,3,0.0,1.0,0.0,0,1,-33.0,bad,success,0,fallback_symbolic_effects,skipped,experiments/bt_selection_benchmark/results/bt_candidate_evaluations_v1_supported_by_with_sim.csv,v1_supported_by,v1_supported_by,v1_supported_by::state_004_t4::stack_block3_on_block1
place_block3_on_block5,state_000_t0,0,correct_bt,correct_bt,experiments/bt_selection_benchmark/bt_candidates/place_block3_on_block5/correct_bt.json,place block_3 on block_5,"supported_by(block_3, block_5)",block_3,block_5,1,1,1.0,1,1,0,0,6,3,1.0,0.001111,0.197463,1,1,165.593964,good,success,0,fallback_symbolic_effects,done,experiments/bt_selection_benchmark/results/bt_candidate_evaluations_v2_stacking_probe_with_sim.csv,v2_stacking_probe,v2_stacking_probe,v2_stacking_probe::state_000_t0::place_block3_on_block5
place_block3_on_block5,state_000_t0,0,missing_precondition_bt,missing_precondition_bt,experiments/bt_selection_benchmark/bt_candidates/place_block3_on_block5/missing_precondition_bt.json,place block_3 on block_5,"supported_by(block_3, block_5)",block_3,block_5,1,1,1.0,1,1,0,0,5,3,0.5,0.002416,0.211834,1,1,156.052172,good,success,0,fallback_symbolic_effects,done,experiments/bt_selection_benchmark/results/bt_candidate_evaluations_v2_stacking_probe_with_sim.csv,v2_stacking_probe,v2_stacking_probe,v2_stacking_probe::state_000_t0::place_block3_on_block5
place_block3_on_block5,state_000_t0,0,wrong_object_bt,wrong_object_bt,experiments/bt_selection_benchmark/bt_candidates/place_block3_on_block5/wrong_object_bt.json,place block_3 on block_5,"supported_by(block_3, block_5)",block_3,block_5,0,0,0.0,1,1,0,0,6,3,0.0,0.561535,0.464595,0,1,-30.54454,bad,success,0,fallback_symbolic_effects,done,experiments/bt_selection_benchmark/results/bt_candidate_evaluations_v2_stacking_probe_with_sim.csv,v2_stacking_probe,v2_stacking_probe,v2_stacking_probe::state_000_t0::place_block3_on_block5
place_block3_on_block5,state_000_t0,0,wrong_support_bt,wrong_support_bt,experiments/bt_selection_benchmark/bt_candidates/place_block3_on_block5/wrong_support_bt.json,place block_3 on block_5,"supported_by(block_3, block_5)",block_3,block_5,0,0,0.0,1,1,0,0,6,3,0.5,0.463525,0.483453,0,1,-19.602156,bad,success,0,fallback_symbolic_effects,done,experiments/bt_selection_benchmark/results/bt_candidate_evaluations_v2_stacking_probe_with_sim.csv,v2_stacking_probe,v2_stacking_probe,v2_stacking_probe::state_000_t0::place_block3_on_block5
place_block3_on_block5,state_000_t0,0,redundant_bt,redundant_bt,experiments/bt_selection_benchmark/bt_candidates/place_block3_on_block5/redundant_bt.json,place block_3 on block_5,"supported_by(block_3, block_5)",block_3,block_5,1,1,1.0,1,1,0,0,8,3,1.0,0.001084,0.423584,1,1,164.141992,good,success,0,fallback_symbolic_effects,done,experiments/bt_selection_benchmark/results/bt_candidate_evaluations_v2_stacking_probe_with_sim.csv,v2_stacking_probe,v2_stacking_probe,v2_stacking_probe::state_000_t0::place_block3_on_block5
place_block3_on_block5,state_000_t0,0,unsafe_or_invalid_bt,unsafe_or_invalid_bt,experiments/bt_selection_benchmark/bt_candidates/place_block3_on_block5/unsafe_or_invalid_bt.json,place block_3 on block_5,"supported_by(block_3, block_5)",block_3,block_5,0,0,0.0,1,1,0,2,4,3,0.0,1.0,0.0,0,1,-33.0,bad,success,0,fallback_symbolic_effects,skipped,experiments/bt_selection_benchmark/results/bt_candidate_evaluations_v2_stacking_probe_with_sim.csv,v2_stacking_probe,v2_stacking_probe,v2_stacking_probe::state_000_t0::place_block3_on_block5
place_block1_on_block5,state_000_t0,0,correct_bt,correct_bt,experiments/bt_selection_benchmark/bt_candidates/place_block1_on_block5/correct_bt.json,place block_1 on block_5,"supported_by(block_1, block_5)",block_1,block_5,1,1,1.0,1,1,0,0,6,3,1.0,0.012322,0.520414,1,1,164.835952,good,success,0,fallback_symbolic_effects,done,experiments/bt_selection_benchmark/results/bt_candidate_evaluations_v2_stacking_probe_with_sim.csv,v2_stacking_probe,v2_stacking_probe,v2_stacking_probe::state_000_t0::place_block1_on_block5
place_block1_on_block5,state_000_t0,0,missing_precondition_bt,missing_precondition_bt,experiments/bt_selection_benchmark/bt_candidates/place_block1_on_block5/missing_precondition_bt.json,place block_1 on block_5,"supported_by(block_1, block_5)",block_1,block_5,1,1,1.0,1,1,0,0,5,3,0.5,0.000988,0.498276,1,1,155.493568,good,success,0,fallback_symbolic_effects,done,experiments/bt_selection_benchmark/results/bt_candidate_evaluations_v2_stacking_probe_with_sim.csv,v2_stacking_probe,v2_stacking_probe,v2_stacking_probe::state_000_t0::place_block1_on_block5
place_block1_on_block5,state_000_t0,0,wrong_object_bt,wrong_object_bt,experiments/bt_selection_benchmark/bt_candidates/place_block1_on_block5/wrong_object_bt.json,place block_1 on block_5,"supported_by(block_1, block_5)",block_1,block_5,0,0,0.0,1,1,0,0,6,3,0.0,0.617422,0.500604,0,1,-31.175428,bad,success,0,fallback_symbolic_effects,done,experiments/bt_selection_benchmark/results/bt_candidate_evaluations_v2_stacking_probe_with_sim.csv,v2_stacking_probe,v2_stacking_probe,v2_stacking_probe::state_000_t0::place_block1_on_block5
place_block1_on_block5,state_000_t0,0,wrong_support_bt,wrong_support_bt,experiments/bt_selection_benchmark/bt_candidates/place_block1_on_block5/wrong_support_bt.json,place block_1 on block_5,"supported_by(block_1, block_5)",block_1,block_5,0,0,0.0,1,1,0,0,6,3,0.5,0.456636,0.502378,0,1,-19.571116,bad,success,0,fallback_symbolic_effects,done,experiments/bt_selection_benchmark/results/bt_candidate_evaluations_v2_stacking_probe_with_sim.csv,v2_stacking_probe,v2_stacking_probe,v2_stacking_probe::state_000_t0::place_block1_on_block5
place_block1_on_block5,state_000_t0,0,redundant_bt,redundant_bt,experiments/bt_selection_benchmark/bt_candidates/place_block1_on_block5/redundant_bt.json,place block_1 on block_5,"supported_by(block_1, block_5)",block_1,block_5,1,1,1.0,1,1,0,0,8,3,1.0,0.01027,0.388377,1,1,164.120546,good,success,0,fallback_symbolic_effects,done,experiments/bt_selection_benchmark/results/bt_candidate_evaluations_v2_stacking_probe_with_sim.csv,v2_stacking_probe,v2_stacking_probe,v2_stacking_probe::state_000_t0::place_block1_on_block5
place_block1_on_block5,state_000_t0,0,unsafe_or_invalid_bt,unsafe_or_invalid_bt,experiments/bt_selection_benchmark/bt_candidates/place_block1_on_block5/unsafe_or_invalid_bt.json,place block_1 on block_5,"supported_by(block_1, block_5)",block_1,block_5,0,0,0.0,1,1,0,2,4,3,0.0,1.0,0.0,0,1,-33.0,bad,success,0,fallback_symbolic_effects,skipped,experiments/bt_selection_benchmark/results/bt_candidate_evaluations_v2_stacking_probe_with_sim.csv,v2_stacking_probe,v2_stacking_probe,v2_stacking_probe::state_000_t0::place_block1_on_block5
place_block2_on_block6,state_000_t0,0,correct_bt,correct_bt,experiments/bt_selection_benchmark/bt_candidates/place_block2_on_block6/correct_bt.json,place block_2 on block_6,"supported_by(block_2, block_6)",block_2,block_6,1,1,1.0,1,1,0,0,6,3,1.0,0.002544,0.32657,1,1,165.32142,good,success,0,fallback_symbolic_effects,done,experiments/bt_selection_benchmark/results/bt_candidate_evaluations_v2_stacking_probe_with_sim.csv,v2_stacking_probe,v2_stacking_probe,v2_stacking_probe::state_000_t0::place_block2_on_block6
place_block2_on_block6,state_000_t0,0,missing_precondition_bt,missing_precondition_bt,experiments/bt_selection_benchmark/bt_candidates/place_block2_on_block6/missing_precondition_bt.json,place block_2 on block_6,"supported_by(block_2, block_6)",block_2,block_6,1,1,1.0,1,1,0,0,5,3,0.5,0.004556,0.296972,1,1,155.860496,good,success,0,fallback_symbolic_effects,done,experiments/bt_selection_benchmark/results/bt_candidate_evaluations_v2_stacking_probe_with_sim.csv,v2_stacking_probe,v2_stacking_probe,v2_stacking_probe::state_000_t0::place_block2_on_block6
place_block2_on_block6,state_000_t0,0,wrong_object_bt,wrong_object_bt,experiments/bt_selection_benchmark/bt_candidates/place_block2_on_block6/wrong_object_bt.json,place block_2 on block_6,"supported_by(block_2, block_6)",block_2,block_6,0,0,0.0,1,1,0,0,6,3,0.0,0.900955,0.88255,0,1,-34.77465,bad,success,0,fallback_symbolic_effects,done,experiments/bt_selection_benchmark/results/bt_candidate_evaluations_v2_stacking_probe_with_sim.csv,v2_stacking_probe,v2_stacking_probe,v2_stacking_probe::state_000_t0::place_block2_on_block6
place_block2_on_block6,state_000_t0,0,wrong_support_bt,wrong_support_bt,experiments/bt_selection_benchmark/bt_candidates/place_block2_on_block6/wrong_support_bt.json,place block_2 on block_6,"supported_by(block_2, block_6)",block_2,block_6,0,0,0.0,1,1,0,0,6,3,0.5,0.454189,0.433326,0,1,-19.408542,bad,success,0,fallback_symbolic_effects,done,experiments/bt_selection_benchmark/results/bt_candidate_evaluations_v2_stacking_probe_with_sim.csv,v2_stacking_probe,v2_stacking_probe,v2_stacking_probe::state_000_t0::place_block2_on_block6
place_block2_on_block6,state_000_t0,0,redundant_bt,redundant_bt,experiments/bt_selection_benchmark/bt_candidates/place_block2_on_block6/redundant_bt.json,place block_2 on block_6,"supported_by(block_2, block_6)",block_2,block_6,1,1,1.0,1,1,0,0,8,3,1.0,0.005531,0.218599,1,1,164.507492,good,success,0,fallback_symbolic_effects,done,experiments/bt_selection_benchmark/results/bt_candidate_evaluations_v2_stacking_probe_with_sim.csv,v2_stacking_probe,v2_stacking_probe,v2_stacking_probe::state_000_t0::place_block2_on_block6
place_block2_on_block6,state_000_t0,0,unsafe_or_invalid_bt,unsafe_or_invalid_bt,experiments/bt_selection_benchmark/bt_candidates/place_block2_on_block6/unsafe_or_invalid_bt.json,place block_2 on block_6,"supported_by(block_2, block_6)",block_2,block_6,0,0,0.0,1,1,0,2,4,3,0.0,1.0,0.0,0,1,-33.0,bad,success,0,fallback_symbolic_effects,skipped,experiments/bt_selection_benchmark/results/bt_candidate_evaluations_v2_stacking_probe_with_sim.csv,v2_stacking_probe,v2_stacking_probe,v2_stacking_probe::state_000_t0::place_block2_on_block6
stack_block3_on_block1,state_000_t0,0,correct_bt,correct_bt,experiments/bt_selection_benchmark/bt_candidates/stack_block3_on_block1/correct_bt.json,stack block_3 on block_1,"supported_by(block_3, block_1)",block_3,block_1,1,0,1.0,1,1,0,0,6,3,1.0,0.005613,0.491167,0,1,64.961536,medium,success,0,fallback_symbolic_effects,done,experiments/bt_selection_benchmark/results/bt_candidate_evaluations_v2_stacking_probe_with_sim.csv,v2_stacking_probe,v2_stacking_probe,v2_stacking_probe::state_000_t0::stack_block3_on_block1
stack_block3_on_block1,state_000_t0,0,missing_precondition_bt,missing_precondition_bt,experiments/bt_selection_benchmark/bt_candidates/stack_block3_on_block1/missing_precondition_bt.json,stack block_3 on block_1,"supported_by(block_3, block_1)",block_3,block_1,1,0,1.0,1,1,0,0,5,3,0.5,0.080106,0.516321,0,1,54.666298,bad,success,0,fallback_symbolic_effects,done,experiments/bt_selection_benchmark/results/bt_candidate_evaluations_v2_stacking_probe_with_sim.csv,v2_stacking_probe,v2_stacking_probe,v2_stacking_probe::state_000_t0::stack_block3_on_block1
stack_block3_on_block1,state_000_t0,0,wrong_object_bt,wrong_object_bt,experiments/bt_selection_benchmark/bt_candidates/stack_block3_on_block1/wrong_object_bt.json,stack block_3 on block_1,"supported_by(block_3, block_1)",block_3,block_1,0,0,0.0,1,1,0,0,6,3,0.0,0.3133,0.440533,0,1,-28.014066,bad,success,0,fallback_symbolic_effects,done,experiments/bt_selection_benchmark/results/bt_candidate_evaluations_v2_stacking_probe_with_sim.csv,v2_stacking_probe,v2_stacking_probe,v2_stacking_probe::state_000_t0::stack_block3_on_block1
stack_block3_on_block1,state_000_t0,0,wrong_support_bt,wrong_support_bt,experiments/bt_selection_benchmark/bt_candidates/stack_block3_on_block1/wrong_support_bt.json,stack block_3 on block_1,"supported_by(block_3, block_1)",block_3,block_1,0,0,0.0,1,1,0,0,6,3,0.5,0.797558,0.253198,0,1,-22.481976,bad,success,0,fallback_symbolic_effects,done,experiments/bt_selection_benchmark/results/bt_candidate_evaluations_v2_stacking_probe_with_sim.csv,v2_stacking_probe,v2_stacking_probe,v2_stacking_probe::state_000_t0::stack_block3_on_block1
stack_block3_on_block1,state_000_t0,0,redundant_bt,redundant_bt,experiments/bt_selection_benchmark/bt_candidates/stack_block3_on_block1/redundant_bt.json,stack block_3 on block_1,"supported_by(block_3, block_1)",block_3,block_1,1,0,1.0,1,1,0,0,8,3,1.0,0.078112,0.387515,0,1,63.44385,medium,success,0,fallback_symbolic_effects,done,experiments/bt_selection_benchmark/results/bt_candidate_evaluations_v2_stacking_probe_with_sim.csv,v2_stacking_probe,v2_stacking_probe,v2_stacking_probe::state_000_t0::stack_block3_on_block1
stack_block3_on_block1,state_000_t0,0,unsafe_or_invalid_bt,unsafe_or_invalid_bt,experiments/bt_selection_benchmark/bt_candidates/stack_block3_on_block1/unsafe_or_invalid_bt.json,stack block_3 on block_1,"supported_by(block_3, block_1)",block_3,block_1,0,0,0.0,1,1,0,2,4,3,0.0,1.0,0.0,0,1,-33.0,bad,success,0,fallback_symbolic_effects,skipped,experiments/bt_selection_benchmark/results/bt_candidate_evaluations_v2_stacking_probe_with_sim.csv,v2_stacking_probe,v2_stacking_probe,v2_stacking_probe::state_000_t0::stack_block3_on_block1
stack_block1_on_block3,state_000_t0,0,correct_bt,correct_bt,experiments/bt_selection_benchmark/bt_candidates/stack_block1_on_block3/correct_bt.json,stack block_1 on block_3,"supported_by(block_1, block_3)",block_1,block_3,1,0,1.0,1,1,0,0,6,3,1.0,0.082502,0.440581,0,1,64.293818,medium,success,0,fallback_symbolic_effects,done,experiments/bt_selection_benchmark/results/bt_candidate_evaluations_v2_stacking_probe_with_sim.csv,v2_stacking_probe,v2_stacking_probe,v2_stacking_probe::state_000_t0::stack_block1_on_block3
stack_block1_on_block3,state_000_t0,0,missing_precondition_bt,missing_precondition_bt,experiments/bt_selection_benchmark/bt_candidates/stack_block1_on_block3/missing_precondition_bt.json,stack block_1 on block_3,"supported_by(block_1, block_3)",block_1,block_3,1,0,1.0,1,1,0,0,5,3,0.5,0.075796,0.498458,0,1,54.745124,bad,success,0,fallback_symbolic_effects,done,experiments/bt_selection_benchmark/results/bt_candidate_evaluations_v2_stacking_probe_with_sim.csv,v2_stacking_probe,v2_stacking_probe,v2_stacking_probe::state_000_t0::stack_block1_on_block3
stack_block1_on_block3,state_000_t0,0,wrong_object_bt,wrong_object_bt,experiments/bt_selection_benchmark/bt_candidates/stack_block1_on_block3/wrong_object_bt.json,stack block_1 on block_3,"supported_by(block_1, block_3)",block_1,block_3,0,0,0.0,1,1,0,0,6,3,0.0,0.160662,0.474323,0,1,-26.555266,bad,success,0,fallback_symbolic_effects,done,experiments/bt_selection_benchmark/results/bt_candidate_evaluations_v2_stacking_probe_with_sim.csv,v2_stacking_probe,v2_stacking_probe,v2_stacking_probe::state_000_t0::stack_block1_on_block3
stack_block1_on_block3,state_000_t0,0,wrong_support_bt,wrong_support_bt,experiments/bt_selection_benchmark/bt_candidates/stack_block1_on_block3/wrong_support_bt.json,stack block_1 on block_3,"supported_by(block_1, block_3)",block_1,block_3,0,0,0.0,1,1,0,0,6,3,0.5,0.896296,0.397978,0,1,-23.758916,bad,success,0,fallback_symbolic_effects,done,experiments/bt_selection_benchmark/results/bt_candidate_evaluations_v2_stacking_probe_with_sim.csv,v2_stacking_probe,v2_stacking_probe,v2_stacking_probe::state_000_t0::stack_block1_on_block3
stack_block1_on_block3,state_000_t0,0,redundant_bt,redundant_bt,experiments/bt_selection_benchmark/bt_candidates/stack_block1_on_block3/redundant_bt.json,stack block_1 on block_3,"supported_by(block_1, block_3)",block_1,block_3,1,0,1.0,1,1,0,0,8,3,1.0,0.072191,0.348503,0,1,63.581084,medium,success,0,fallback_symbolic_effects,done,experiments/bt_selection_benchmark/results/bt_candidate_evaluations_v2_stacking_probe_with_sim.csv,v2_stacking_probe,v2_stacking_probe,v2_stacking_probe::state_000_t0::stack_block1_on_block3
stack_block1_on_block3,state_000_t0,0,unsafe_or_invalid_bt,unsafe_or_invalid_bt,experiments/bt_selection_benchmark/bt_candidates/stack_block1_on_block3/unsafe_or_invalid_bt.json,stack block_1 on block_3,"supported_by(block_1, block_3)",block_1,block_3,0,0,0.0,1,1,0,2,4,3,0.0,1.0,0.0,0,1,-33.0,bad,success,0,fallback_symbolic_effects,skipped,experiments/bt_selection_benchmark/results/bt_candidate_evaluations_v2_stacking_probe_with_sim.csv,v2_stacking_probe,v2_stacking_probe,v2_stacking_probe::state_000_t0::stack_block1_on_block3
stack_block2_on_block1,state_000_t0,0,correct_bt,correct_bt,experiments/bt_selection_benchmark/bt_candidates/stack_block2_on_block1/correct_bt.json,stack block_2 on block_1,"supported_by(block_2, block_1)",block_2,block_1,1,0,1.0,1,1,0,0,6,3,1.0,0.091207,0.23403,0,1,64.61987,medium,success,0,fallback_symbolic_effects,done,experiments/bt_selection_benchmark/results/bt_candidate_evaluations_v2_stacking_probe_with_sim.csv,v2_stacking_probe,v2_stacking_probe,v2_stacking_probe::state_000_t0::stack_block2_on_block1
stack_block2_on_block1,state_000_t0,0,missing_precondition_bt,missing_precondition_bt,experiments/bt_selection_benchmark/bt_candidates/stack_block2_on_block1/missing_precondition_bt.json,stack block_2 on block_1,"supported_by(block_2, block_1)",block_2,block_1,1,0,1.0,1,1,0,0,5,3,0.5,0.089746,0.205871,0,1,55.190798,bad,success,0,fallback_symbolic_effects,done,experiments/bt_selection_benchmark/results/bt_candidate_evaluations_v2_stacking_probe_with_sim.csv,v2_stacking_probe,v2_stacking_probe,v2_stacking_probe::state_000_t0::stack_block2_on_block1
stack_block2_on_block1,state_000_t0,0,wrong_object_bt,wrong_object_bt,experiments/bt_selection_benchmark/bt_candidates/stack_block2_on_block1/wrong_object_bt.json,stack block_2 on block_1,"supported_by(block_2, block_1)",block_2,block_1,0,0,0.0,1,1,0,0,6,3,0.0,0.138172,0.409706,0,1,-26.201132,bad,success,0,fallback_symbolic_effects,done,experiments/bt_selection_benchmark/results/bt_candidate_evaluations_v2_stacking_probe_with_sim.csv,v2_stacking_probe,v2_stacking_probe,v2_stacking_probe::state_000_t0::stack_block2_on_block1
stack_block2_on_block1,state_000_t0,0,wrong_support_bt,wrong_support_bt,experiments/bt_selection_benchmark/bt_candidates/stack_block2_on_block1/wrong_support_bt.json,stack block_2 on block_1,"supported_by(block_2, block_1)",block_2,block_1,0,0,0.0,1,1,0,0,6,3,0.5,0.801478,0.271492,0,1,-22.557764,bad,success,0,fallback_symbolic_effects,done,experiments/bt_selection_benchmark/results/bt_candidate_evaluations_v2_stacking_probe_with_sim.csv,v2_stacking_probe,v2_stacking_probe,v2_stacking_probe::state_000_t0::stack_block2_on_block1
stack_block2_on_block1,state_000_t0,0,redundant_bt,redundant_bt,experiments/bt_selection_benchmark/bt_candidates/stack_block2_on_block1/redundant_bt.json,stack block_2 on block_1,"supported_by(block_2, block_1)",block_2,block_1,1,0,1.0,1,1,0,0,8,3,1.0,0.086807,0.245389,0,1,63.641152,medium,success,0,fallback_symbolic_effects,done,experiments/bt_selection_benchmark/results/bt_candidate_evaluations_v2_stacking_probe_with_sim.csv,v2_stacking_probe,v2_stacking_probe,v2_stacking_probe::state_000_t0::stack_block2_on_block1
stack_block2_on_block1,state_000_t0,0,unsafe_or_invalid_bt,unsafe_or_invalid_bt,experiments/bt_selection_benchmark/bt_candidates/stack_block2_on_block1/unsafe_or_invalid_bt.json,stack block_2 on block_1,"supported_by(block_2, block_1)",block_2,block_1,0,0,0.0,1,1,0,2,4,3,0.0,1.0,0.0,0,1,-33.0,bad,success,0,fallback_symbolic_effects,skipped,experiments/bt_selection_benchmark/results/bt_candidate_evaluations_v2_stacking_probe_with_sim.csv,v2_stacking_probe,v2_stacking_probe,v2_stacking_probe::state_000_t0::stack_block2_on_block1
stack_block4_on_block1,state_000_t0,0,correct_bt,correct_bt,experiments/bt_selection_benchmark/bt_candidates/stack_block4_on_block1/correct_bt.json,stack block_4 on block_1,"supported_by(block_4, block_1)",block_4,block_1,1,0,1.0,1,1,0,0,6,3,1.0,0.000291,0.250547,0,1,65.495996,medium,success,0,fallback_symbolic_effects,done,experiments/bt_selection_benchmark/results/bt_candidate_evaluations_v2_stacking_probe_with_sim.csv,v2_stacking_probe,v2_stacking_probe,v2_stacking_probe::state_000_t0::stack_block4_on_block1
stack_block4_on_block1,state_000_t0,0,missing_precondition_bt,missing_precondition_bt,experiments/bt_selection_benchmark/bt_candidates/stack_block4_on_block1/missing_precondition_bt.json,stack block_4 on block_1,"supported_by(block_4, block_1)",block_4,block_1,1,0,1.0,1,1,0,0,5,3,0.5,0.090586,0.484924,0,1,54.624292,bad,success,0,fallback_symbolic_effects,done,experiments/bt_selection_benchmark/results/bt_candidate_evaluations_v2_stacking_probe_with_sim.csv,v2_stacking_probe,v2_stacking_probe,v2_stacking_probe::state_000_t0::stack_block4_on_block1
stack_block4_on_block1,state_000_t0,0,wrong_object_bt,wrong_object_bt,experiments/bt_selection_benchmark/bt_candidates/stack_block4_on_block1/wrong_object_bt.json,stack block_4 on block_1,"supported_by(block_4, block_1)",block_4,block_1,0,0,0.0,1,1,0,0,6,3,0.0,0.284662,0.245058,0,1,-27.336736,bad,success,0,fallback_symbolic_effects,done,experiments/bt_selection_benchmark/results/bt_candidate_evaluations_v2_stacking_probe_with_sim.csv,v2_stacking_probe,v2_stacking_probe,v2_stacking_probe::state_000_t0::stack_block4_on_block1
stack_block4_on_block1,state_000_t0,0,wrong_support_bt,wrong_support_bt,experiments/bt_selection_benchmark/bt_candidates/stack_block4_on_block1/wrong_support_bt.json,stack block_4 on block_1,"supported_by(block_4, block_1)",block_4,block_1,0,0,0.0,1,1,0,0,6,3,0.5,0.800347,0.299016,0,1,-22.601502,bad,success,0,fallback_symbolic_effects,done,experiments/bt_selection_benchmark/results/bt_candidate_evaluations_v2_stacking_probe_with_sim.csv,v2_stacking_probe,v2_stacking_probe,v2_stacking_probe::state_000_t0::stack_block4_on_block1
stack_block4_on_block1,state_000_t0,0,redundant_bt,redundant_bt,experiments/bt_selection_benchmark/bt_candidates/stack_block4_on_block1/redundant_bt.json,stack block_4 on block_1,"supported_by(block_4, block_1)",block_4,block_1,1,0,1.0,1,1,0,0,8,3,1.0,0.02015,0.304577,0,1,64.189346,medium,success,0,fallback_symbolic_effects,done,experiments/bt_selection_benchmark/results/bt_candidate_evaluations_v2_stacking_probe_with_sim.csv,v2_stacking_probe,v2_stacking_probe,v2_stacking_probe::state_000_t0::stack_block4_on_block1
stack_block4_on_block1,state_000_t0,0,unsafe_or_invalid_bt,unsafe_or_invalid_bt,experiments/bt_selection_benchmark/bt_candidates/stack_block4_on_block1/unsafe_or_invalid_bt.json,stack block_4 on block_1,"supported_by(block_4, block_1)",block_4,block_1,0,0,0.0,1,1,0,2,4,3,0.0,1.0,0.0,0,1,-33.0,bad,success,0,fallback_symbolic_effects,skipped,experiments/bt_selection_benchmark/results/bt_candidate_evaluations_v2_stacking_probe_with_sim.csv,v2_stacking_probe,v2_stacking_probe,v2_stacking_probe::state_000_t0::stack_block4_on_block1
stack_block3_on_block2,state_000_t0,0,correct_bt,correct_bt,experiments/bt_selection_benchmark/bt_candidates/stack_block3_on_block2/correct_bt.json,stack block_3 on block_2,"supported_by(block_3, block_2)",block_3,block_2,1,0,1.0,1,1,0,0,6,3,1.0,0.077675,0.387247,0,1,64.448756,medium,success,0,fallback_symbolic_effects,done,experiments/bt_selection_benchmark/results/bt_candidate_evaluations_v2_stacking_probe_with_sim.csv,v2_stacking_probe,v2_stacking_probe,v2_stacking_probe::state_000_t0::stack_block3_on_block2
stack_block3_on_block2,state_000_t0,0,missing_precondition_bt,missing_precondition_bt,experiments/bt_selection_benchmark/bt_candidates/stack_block3_on_block2/missing_precondition_bt.json,stack block_3 on block_2,"supported_by(block_3, block_2)",block_3,block_2,1,0,1.0,1,1,0,0,5,3,0.5,0.082205,0.350817,0,1,54.976316,bad,success,0,fallback_symbolic_effects,done,experiments/bt_selection_benchmark/results/bt_candidate_evaluations_v2_stacking_probe_with_sim.csv,v2_stacking_probe,v2_stacking_probe,v2_stacking_probe::state_000_t0::stack_block3_on_block2
stack_block3_on_block2,state_000_t0,0,wrong_object_bt,wrong_object_bt,experiments/bt_selection_benchmark/bt_candidates/stack_block3_on_block2/wrong_object_bt.json,stack block_3 on block_2,"supported_by(block_3, block_2)",block_3,block_2,0,0,0.0,1,1,0,0,6,3,0.0,0.48169,0.266756,0,1,-29.350412,bad,success,0,fallback_symbolic_effects,done,experiments/bt_selection_benchmark/results/bt_candidate_evaluations_v2_stacking_probe_with_sim.csv,v2_stacking_probe,v2_stacking_probe,v2_stacking_probe::state_000_t0::stack_block3_on_block2
stack_block3_on_block2,state_000_t0,0,wrong_support_bt,wrong_support_bt,experiments/bt_selection_benchmark/bt_candidates/stack_block3_on_block2/wrong_support_bt.json,stack block_3 on block_2,"supported_by(block_3, block_2)",block_3,block_2,0,0,0.0,1,1,0,0,6,3,0.5,0.831519,0.406432,0,1,-23.128054,bad,success,0,fallback_symbolic_effects,done,experiments/bt_selection_benchmark/results/bt_candidate_evaluations_v2_stacking_probe_with_sim.csv,v2_stacking_probe,v2_stacking_probe,v2_stacking_probe::state_000_t0::stack_block3_on_block2
stack_block3_on_block2,state_000_t0,0,redundant_bt,redundant_bt,experiments/bt_selection_benchmark/bt_candidates/stack_block3_on_block2/redundant_bt.json,stack block_3 on block_2,"supported_by(block_3, block_2)",block_3,block_2,1,0,1.0,1,1,0,0,8,3,1.0,0.072208,0.253097,0,1,63.771726,medium,success,0,fallback_symbolic_effects,done,experiments/bt_selection_benchmark/results/bt_candidate_evaluations_v2_stacking_probe_with_sim.csv,v2_stacking_probe,v2_stacking_probe,v2_stacking_probe::state_000_t0::stack_block3_on_block2
stack_block3_on_block2,state_000_t0,0,unsafe_or_invalid_bt,unsafe_or_invalid_bt,experiments/bt_selection_benchmark/bt_candidates/stack_block3_on_block2/unsafe_or_invalid_bt.json,stack block_3 on block_2,"supported_by(block_3, block_2)",block_3,block_2,0,0,0.0,1,1,0,2,4,3,0.0,1.0,0.0,0,1,-33.0,bad,success,0,fallback_symbolic_effects,skipped,experiments/bt_selection_benchmark/results/bt_candidate_evaluations_v2_stacking_probe_with_sim.csv,v2_stacking_probe,v2_stacking_probe,v2_stacking_probe::state_000_t0::stack_block3_on_block2
place_block3_on_block5,state_001_t1,1,correct_bt,correct_bt,experiments/bt_selection_benchmark/bt_candidates/place_block3_on_block5/correct_bt.json,place block_3 on block_5,"supported_by(block_3, block_5)",block_3,block_5,1,1,1.0,1,1,0,0,6,3,1.0,0.005003,0.625217,1,1,164.699536,good,success,0,fallback_symbolic_effects,done,experiments/bt_selection_benchmark/results/bt_candidate_evaluations_v2_stacking_probe_with_sim.csv,v2_stacking_probe,v2_stacking_probe,v2_stacking_probe::state_001_t1::place_block3_on_block5
place_block3_on_block5,state_001_t1,1,missing_precondition_bt,missing_precondition_bt,experiments/bt_selection_benchmark/bt_candidates/place_block3_on_block5/missing_precondition_bt.json,place block_3 on block_5,"supported_by(block_3, block_5)",block_3,block_5,1,1,1.0,1,1,0,0,5,3,0.5,0.000112,0.592225,1,1,155.31443,good,success,0,fallback_symbolic_effects,done,experiments/bt_selection_benchmark/results/bt_candidate_evaluations_v2_stacking_probe_with_sim.csv,v2_stacking_probe,v2_stacking_probe,v2_stacking_probe::state_001_t1::place_block3_on_block5
place_block3_on_block5,state_001_t1,1,wrong_object_bt,wrong_object_bt,experiments/bt_selection_benchmark/bt_candidates/place_block3_on_block5/wrong_object_bt.json,place block_3 on block_5,"supported_by(block_3, block_5)",block_3,block_5,0,0,0.0,1,1,0,0,6,3,0.0,0.516986,0.676006,0,1,-30.521872,bad,success,0,fallback_symbolic_effects,done,experiments/bt_selection_benchmark/results/bt_candidate_evaluations_v2_stacking_probe_with_sim.csv,v2_stacking_probe,v2_stacking_probe,v2_stacking_probe::state_001_t1::place_block3_on_block5
place_block3_on_block5,state_001_t1,1,wrong_support_bt,wrong_support_bt,experiments/bt_selection_benchmark/bt_candidates/place_block3_on_block5/wrong_support_bt.json,place block_3 on block_5,"supported_by(block_3, block_5)",block_3,block_5,0,0,0.0,1,1,0,0,6,3,0.5,0.4545,0.65041,0,1,-19.84582,bad,success,0,fallback_symbolic_effects,done,experiments/bt_selection_benchmark/results/bt_candidate_evaluations_v2_stacking_probe_with_sim.csv,v2_stacking_probe,v2_stacking_probe,v2_stacking_probe::state_001_t1::place_block3_on_block5
place_block3_on_block5,state_001_t1,1,redundant_bt,redundant_bt,experiments/bt_selection_benchmark/bt_candidates/place_block3_on_block5/redundant_bt.json,place block_3 on block_5,"supported_by(block_3, block_5)",block_3,block_5,1,1,1.0,1,1,0,0,8,3,1.0,0.007733,0.557681,1,1,163.807308,good,success,0,fallback_symbolic_effects,done,experiments/bt_selection_benchmark/results/bt_candidate_evaluations_v2_stacking_probe_with_sim.csv,v2_stacking_probe,v2_stacking_probe,v2_stacking_probe::state_001_t1::place_block3_on_block5
place_block3_on_block5,state_001_t1,1,unsafe_or_invalid_bt,unsafe_or_invalid_bt,experiments/bt_selection_benchmark/bt_candidates/place_block3_on_block5/unsafe_or_invalid_bt.json,place block_3 on block_5,"supported_by(block_3, block_5)",block_3,block_5,0,0,0.0,1,1,0,2,4,3,0.0,1.0,0.0,0,1,-33.0,bad,success,0,fallback_symbolic_effects,skipped,experiments/bt_selection_benchmark/results/bt_candidate_evaluations_v2_stacking_probe_with_sim.csv,v2_stacking_probe,v2_stacking_probe,v2_stacking_probe::state_001_t1::place_block3_on_block5
place_block1_on_block5,state_001_t1,1,correct_bt,correct_bt,experiments/bt_selection_benchmark/bt_candidates/place_block1_on_block5/correct_bt.json,place block_1 on block_5,"supported_by(block_1, block_5)",block_1,block_5,1,1,1.0,1,1,0,0,6,3,1.0,0.011336,0.566492,1,1,164.753656,good,success,0,fallback_symbolic_effects,done,experiments/bt_selection_benchmark/results/bt_candidate_evaluations_v2_stacking_probe_with_sim.csv,v2_stacking_probe,v2_stacking_probe,v2_stacking_probe::state_001_t1::place_block1_on_block5
place_block1_on_block5,state_001_t1,1,missing_precondition_bt,missing_precondition_bt,experiments/bt_selection_benchmark/bt_candidates/place_block1_on_block5/missing_precondition_bt.json,place block_1 on block_5,"supported_by(block_1, block_5)",block_1,block_5,1,1,1.0,1,1,0,0,5,3,0.5,0.012598,0.672955,1,1,155.02811,good,success,0,fallback_symbolic_effects,done,experiments/bt_selection_benchmark/results/bt_candidate_evaluations_v2_stacking_probe_with_sim.csv,v2_stacking_probe,v2_stacking_probe,v2_stacking_probe::state_001_t1::place_block1_on_block5
place_block1_on_block5,state_001_t1,1,wrong_object_bt,wrong_object_bt,experiments/bt_selection_benchmark/bt_candidates/place_block1_on_block5/wrong_object_bt.json,place block_1 on block_5,"supported_by(block_1, block_5)",block_1,block_5,0,0,0.0,1,1,0,0,6,3,0.0,0.499019,0.339659,0,1,-29.669508,bad,success,0,fallback_symbolic_effects,done,experiments/bt_selection_benchmark/results/bt_candidate_evaluations_v2_stacking_probe_with_sim.csv,v2_stacking_probe,v2_stacking_probe,v2_stacking_probe::state_001_t1::place_block1_on_block5
place_block1_on_block5,state_001_t1,1,wrong_support_bt,wrong_support_bt,experiments/bt_selection_benchmark/bt_candidates/place_block1_on_block5/wrong_support_bt.json,place block_1 on block_5,"supported_by(block_1, block_5)",block_1,block_5,0,0,0.0,1,1,0,0,6,3,0.5,0.457014,0.650262,0,1,-19.870664,bad,success,0,fallback_symbolic_effects,done,experiments/bt_selection_benchmark/results/bt_candidate_evaluations_v2_stacking_probe_with_sim.csv,v2_stacking_probe,v2_stacking_probe,v2_stacking_probe::state_001_t1::place_block1_on_block5
place_block1_on_block5,state_001_t1,1,redundant_bt,redundant_bt,experiments/bt_selection_benchmark/bt_candidates/place_block1_on_block5/redundant_bt.json,place block_1 on block_5,"supported_by(block_1, block_5)",block_1,block_5,1,1,1.0,1,1,0,0,8,3,1.0,0.009332,0.718087,1,1,163.470506,good,success,0,fallback_symbolic_effects,done,experiments/bt_selection_benchmark/results/bt_candidate_evaluations_v2_stacking_probe_with_sim.csv,v2_stacking_probe,v2_stacking_probe,v2_stacking_probe::state_001_t1::place_block1_on_block5
place_block1_on_block5,state_001_t1,1,unsafe_or_invalid_bt,unsafe_or_invalid_bt,experiments/bt_selection_benchmark/bt_candidates/place_block1_on_block5/unsafe_or_invalid_bt.json,place block_1 on block_5,"supported_by(block_1, block_5)",block_1,block_5,0,0,0.0,1,1,0,2,4,3,0.0,1.0,0.0,0,1,-33.0,bad,success,0,fallback_symbolic_effects,skipped,experiments/bt_selection_benchmark/results/bt_candidate_evaluations_v2_stacking_probe_with_sim.csv,v2_stacking_probe,v2_stacking_probe,v2_stacking_probe::state_001_t1::place_block1_on_block5
place_block2_on_block6,state_001_t1,1,correct_bt,correct_bt,experiments/bt_selection_benchmark/bt_candidates/place_block2_on_block6/correct_bt.json,place block_2 on block_6,"supported_by(block_2, block_6)",block_2,block_6,1,1,1.0,1,1,0,0,6,3,1.0,0.001545,0.364227,1,1,165.256096,good,success,0,fallback_symbolic_effects,done,experiments/bt_selection_benchmark/results/bt_candidate_evaluations_v2_stacking_probe_with_sim.csv,v2_stacking_probe,v2_stacking_probe,v2_stacking_probe::state_001_t1::place_block2_on_block6
place_block2_on_block6,state_001_t1,1,missing_precondition_bt,missing_precondition_bt,experiments/bt_selection_benchmark/bt_candidates/place_block2_on_block6/missing_precondition_bt.json,place block_2 on block_6,"supported_by(block_2, block_6)",block_2,block_6,1,1,1.0,1,1,0,0,5,3,0.5,0.005318,0.539426,1,1,155.367968,good,success,0,fallback_symbolic_effects,done,experiments/bt_selection_benchmark/results/bt_candidate_evaluations_v2_stacking_probe_with_sim.csv,v2_stacking_probe,v2_stacking_probe,v2_stacking_probe::state_001_t1::place_block2_on_block6
place_block2_on_block6,state_001_t1,1,wrong_object_bt,wrong_object_bt,experiments/bt_selection_benchmark/bt_candidates/place_block2_on_block6/wrong_object_bt.json,place block_2 on block_6,"supported_by(block_2, block_6)",block_2,block_6,0,0,0.0,1,1,0,0,6,3,0.0,0.964462,0.871779,0,1,-35.388178,bad,success,0,fallback_symbolic_effects,done,experiments/bt_selection_benchmark/results/bt_candidate_evaluations_v2_stacking_probe_with_sim.csv,v2_stacking_probe,v2_stacking_probe,v2_stacking_probe::state_001_t1::place_block2_on_block6
place_block2_on_block6,state_001_t1,1,wrong_support_bt,wrong_support_bt,experiments/bt_selection_benchmark/bt_candidates/place_block2_on_block6/wrong_support_bt.json,place block_2 on block_6,"supported_by(block_2, block_6)",block_2,block_6,0,0,0.0,1,1,0,0,6,3,0.5,0.461773,0.229048,0,1,-19.075826,bad,success,0,fallback_symbolic_effects,done,experiments/bt_selection_benchmark/results/bt_candidate_evaluations_v2_stacking_probe_with_sim.csv,v2_stacking_probe,v2_stacking_probe,v2_stacking_probe::state_001_t1::place_block2_on_block6
place_block2_on_block6,state_001_t1,1,redundant_bt,redundant_bt,experiments/bt_selection_benchmark/bt_candidates/place_block2_on_block6/redundant_bt.json,place block_2 on block_6,"supported_by(block_2, block_6)",block_2,block_6,1,1,1.0,1,1,0,0,8,3,1.0,0.00439,0.49866,1,1,163.95878,good,success,0,fallback_symbolic_effects,done,experiments/bt_selection_benchmark/results/bt_candidate_evaluations_v2_stacking_probe_with_sim.csv,v2_stacking_probe,v2_stacking_probe,v2_stacking_probe::state_001_t1::place_block2_on_block6
place_block2_on_block6,state_001_t1,1,unsafe_or_invalid_bt,unsafe_or_invalid_bt,experiments/bt_selection_benchmark/bt_candidates/place_block2_on_block6/unsafe_or_invalid_bt.json,place block_2 on block_6,"supported_by(block_2, block_6)",block_2,block_6,0,0,0.0,1,1,0,2,4,3,0.0,1.0,0.0,0,1,-33.0,bad,success,0,fallback_symbolic_effects,skipped,experiments/bt_selection_benchmark/results/bt_candidate_evaluations_v2_stacking_probe_with_sim.csv,v2_stacking_probe,v2_stacking_probe,v2_stacking_probe::state_001_t1::place_block2_on_block6
stack_block3_on_block1,state_001_t1,1,correct_bt,correct_bt,experiments/bt_selection_benchmark/bt_candidates/stack_block3_on_block1/correct_bt.json,stack block_3 on block_1,"supported_by(block_3, block_1)",block_3,block_1,1,0,1.0,1,1,0,0,6,3,1.0,0.087455,0.765036,0,1,63.595378,medium,success,0,fallback_symbolic_effects,done,experiments/bt_selection_benchmark/results/bt_candidate_evaluations_v2_stacking_probe_with_sim.csv,v2_stacking_probe,v2_stacking_probe,v2_stacking_probe::state_001_t1::stack_block3_on_block1
stack_block3_on_block1,state_001_t1,1,missing_precondition_bt,missing_precondition_bt,experiments/bt_selection_benchmark/bt_candidates/stack_block3_on_block1/missing_precondition_bt.json,stack block_3 on block_1,"supported_by(block_3, block_1)",block_3,block_1,1,0,1.0,1,1,0,0,5,3,0.5,0.101847,0.683503,0,1,54.114524,bad,success,0,fallback_symbolic_effects,done,experiments/bt_selection_benchmark/results/bt_candidate_evaluations_v2_stacking_probe_with_sim.csv,v2_stacking_probe,v2_stacking_probe,v2_stacking_probe::state_001_t1::stack_block3_on_block1
stack_block3_on_block1,state_001_t1,1,wrong_object_bt,wrong_object_bt,experiments/bt_selection_benchmark/bt_candidates/stack_block3_on_block1/wrong_object_bt.json,stack block_3 on block_1,"supported_by(block_3, block_1)",block_3,block_1,0,0,0.0,1,1,0,0,6,3,0.0,0.191457,0.612509,0,1,-27.139588,bad,success,0,fallback_symbolic_effects,done,experiments/bt_selection_benchmark/results/bt_candidate_evaluations_v2_stacking_probe_with_sim.csv,v2_stacking_probe,v2_stacking_probe,v2_stacking_probe::state_001_t1::stack_block3_on_block1
stack_block3_on_block1,state_001_t1,1,wrong_support_bt,wrong_support_bt,experiments/bt_selection_benchmark/bt_candidates/stack_block3_on_block1/wrong_support_bt.json,stack block_3 on block_1,"supported_by(block_3, block_1)",block_3,block_1,0,0,0.0,1,1,0,0,6,3,0.5,0.809546,0.66135,0,1,-23.41816,bad,success,0,fallback_symbolic_effects,done,experiments/bt_selection_benchmark/results/bt_candidate_evaluations_v2_stacking_probe_with_sim.csv,v2_stacking_probe,v2_stacking_probe,v2_stacking_probe::state_001_t1::stack_block3_on_block1
stack_block3_on_block1,state_001_t1,1,redundant_bt,redundant_bt,experiments/bt_selection_benchmark/bt_candidates/stack_block3_on_block1/redundant_bt.json,stack block_3 on block_1,"supported_by(block_3, block_1)",block_3,block_1,1,0,1.0,1,1,0,0,8,3,1.0,0.102898,0.620948,0,1,62.729124,medium,success,0,fallback_symbolic_effects,done,experiments/bt_selection_benchmark/results/bt_candidate_evaluations_v2_stacking_probe_with_sim.csv,v2_stacking_probe,v2_stacking_probe,v2_stacking_probe::state_001_t1::stack_block3_on_block1
stack_block3_on_block1,state_001_t1,1,unsafe_or_invalid_bt,unsafe_or_invalid_bt,experiments/bt_selection_benchmark/bt_candidates/stack_block3_on_block1/unsafe_or_invalid_bt.json,stack block_3 on block_1,"supported_by(block_3, block_1)",block_3,block_1,0,0,0.0,1,1,0,2,4,3,0.0,1.0,0.0,0,1,-33.0,bad,success,0,fallback_symbolic_effects,skipped,experiments/bt_selection_benchmark/results/bt_candidate_evaluations_v2_stacking_probe_with_sim.csv,v2_stacking_probe,v2_stacking_probe,v2_stacking_probe::state_001_t1::stack_block3_on_block1
stack_block1_on_block3,state_001_t1,1,correct_bt,correct_bt,experiments/bt_selection_benchmark/bt_candidates/stack_block1_on_block3/correct_bt.json,stack block_1 on block_3,"supported_by(block_1, block_3)",block_1,block_3,1,0,1.0,1,1,0,0,6,3,1.0,0.085161,0.575993,0,1,63.996404,medium,success,0,fallback_symbolic_effects,done,experiments/bt_selection_benchmark/results/bt_candidate_evaluations_v2_stacking_probe_with_sim.csv,v2_stacking_probe,v2_stacking_probe,v2_stacking_probe::state_001_t1::stack_block1_on_block3
stack_block1_on_block3,state_001_t1,1,missing_precondition_bt,missing_precondition_bt,experiments/bt_selection_benchmark/bt_candidates/stack_block1_on_block3/missing_precondition_bt.json,stack block_1 on block_3,"supported_by(block_1, block_3)",block_1,block_3,1,0,1.0,1,1,0,0,5,3,0.5,0.087709,0.679605,0,1,54.2637,bad,success,0,fallback_symbolic_effects,done,experiments/bt_selection_benchmark/results/bt_candidate_evaluations_v2_stacking_probe_with_sim.csv,v2_stacking_probe,v2_stacking_probe,v2_stacking_probe::state_001_t1::stack_block1_on_block3
stack_block1_on_block3,state_001_t1,1,wrong_object_bt,wrong_object_bt,experiments/bt_selection_benchmark/bt_candidates/stack_block1_on_block3/wrong_object_bt.json,stack block_1 on block_3,"supported_by(block_1, block_3)",block_1,block_3,0,0,0.0,1,1,0,0,6,3,0.0,0.298479,0.72494,0,1,-28.43467,bad,success,0,fallback_symbolic_effects,done,experiments/bt_selection_benchmark/results/bt_candidate_evaluations_v2_stacking_probe_with_sim.csv,v2_stacking_probe,v2_stacking_probe,v2_stacking_probe::state_001_t1::stack_block1_on_block3
stack_block1_on_block3,state_001_t1,1,wrong_support_bt,wrong_support_bt,experiments/bt_selection_benchmark/bt_candidates/stack_block1_on_block3/wrong_support_bt.json,stack block_1 on block_3,"supported_by(block_1, block_3)",block_1,block_3,0,0,0.0,1,1,0,0,6,3,0.5,0.893012,0.584801,0,1,-24.099722,bad,success,0,fallback_symbolic_effects,done,experiments/bt_selection_benchmark/results/bt_candidate_evaluations_v2_stacking_probe_with_sim.csv,v2_stacking_probe,v2_stacking_probe,v2_stacking_probe::state_001_t1::stack_block1_on_block3
stack_block1_on_block3,state_001_t1,1,redundant_bt,redundant_bt,experiments/bt_selection_benchmark/bt_candidates/stack_block1_on_block3/redundant_bt.json,stack block_1 on block_3,"supported_by(block_1, block_3)",block_1,block_3,1,0,1.0,1,1,0,0,8,3,1.0,0.073728,0.556566,0,1,63.149588,medium,success,0,fallback_symbolic_effects,done,experiments/bt_selection_benchmark/results/bt_candidate_evaluations_v2_stacking_probe_with_sim.csv,v2_stacking_probe,v2_stacking_probe,v2_stacking_probe::state_001_t1::stack_block1_on_block3
stack_block1_on_block3,state_001_t1,1,unsafe_or_invalid_bt,unsafe_or_invalid_bt,experiments/bt_selection_benchmark/bt_candidates/stack_block1_on_block3/unsafe_or_invalid_bt.json,stack block_1 on block_3,"supported_by(block_1, block_3)",block_1,block_3,0,0,0.0,1,1,0,2,4,3,0.0,1.0,0.0,0,1,-33.0,bad,success,0,fallback_symbolic_effects,skipped,experiments/bt_selection_benchmark/results/bt_candidate_evaluations_v2_stacking_probe_with_sim.csv,v2_stacking_probe,v2_stacking_probe,v2_stacking_probe::state_001_t1::stack_block1_on_block3
stack_block2_on_block1,state_001_t1,1,correct_bt,correct_bt,experiments/bt_selection_benchmark/bt_candidates/stack_block2_on_block1/correct_bt.json,stack block_2 on block_1,"supported_by(block_2, block_1)",block_2,block_1,1,0,1.0,1,1,0,0,6,3,1.0,0.024282,0.47003,0,1,64.81712,medium,success,0,fallback_symbolic_effects,done,experiments/bt_selection_benchmark/results/bt_candidate_evaluations_v2_stacking_probe_with_sim.csv,v2_stacking_probe,v2_stacking_probe,v2_stacking_probe::state_001_t1::stack_block2_on_block1
stack_block2_on_block1,state_001_t1,1,missing_precondition_bt,missing_precondition_bt,experiments/bt_selection_benchmark/bt_candidates/stack_block2_on_block1/missing_precondition_bt.json,stack block_2 on block_1,"supported_by(block_2, block_1)",block_2,block_1,1,0,1.0,1,1,0,0,5,3,0.5,0.090717,0.27205,0,1,55.04873,bad,success,0,fallback_symbolic_effects,done,experiments/bt_selection_benchmark/results/bt_candidate_evaluations_v2_stacking_probe_with_sim.csv,v2_stacking_probe,v2_stacking_probe,v2_stacking_probe::state_001_t1::stack_block2_on_block1
stack_block2_on_block1,state_001_t1,1,wrong_object_bt,wrong_object_bt,experiments/bt_selection_benchmark/bt_candidates/stack_block2_on_block1/wrong_object_bt.json,stack block_2 on block_1,"supported_by(block_2, block_1)",block_2,block_1,0,0,0.0,1,1,0,0,6,3,0.0,0.206678,0.323557,0,1,-26.713894,bad,success,0,fallback_symbolic_effects,done,experiments/bt_selection_benchmark/results/bt_candidate_evaluations_v2_stacking_probe_with_sim.csv,v2_stacking_probe,v2_stacking_probe,v2_stacking_probe::state_001_t1::stack_block2_on_block1
stack_block2_on_block1,state_001_t1,1,wrong_support_bt,wrong_support_bt,experiments/bt_selection_benchmark/bt_candidates/stack_block2_on_block1/wrong_support_bt.json,stack block_2 on block_1,"supported_by(block_2, block_1)",block_2,block_1,0,0,0.0,1,1,0,0,6,3,0.5,0.799203,0.34515,0,1,-22.68233,bad,success,0,fallback_symbolic_effects,done,experiments/bt_selection_benchmark/results/bt_candidate_evaluations_v2_stacking_probe_with_sim.csv,v2_stacking_probe,v2_stacking_probe,v2_stacking_probe::state_001_t1::stack_block2_on_block1
stack_block2_on_block1,state_001_t1,1,redundant_bt,redundant_bt,experiments/bt_selection_benchmark/bt_candidates/stack_block2_on_block1/redundant_bt.json,stack block_2 on block_1,"supported_by(block_2, block_1)",block_2,block_1,1,0,1.0,1,1,0,0,8,3,1.0,0.091416,0.41846,0,1,63.24892,medium,success,0,fallback_symbolic_effects,done,experiments/bt_selection_benchmark/results/bt_candidate_evaluations_v2_stacking_probe_with_sim.csv,v2_stacking_probe,v2_stacking_probe,v2_stacking_probe::state_001_t1::stack_block2_on_block1
stack_block2_on_block1,state_001_t1,1,unsafe_or_invalid_bt,unsafe_or_invalid_bt,experiments/bt_selection_benchmark/bt_candidates/stack_block2_on_block1/unsafe_or_invalid_bt.json,stack block_2 on block_1,"supported_by(block_2, block_1)",block_2,block_1,0,0,0.0,1,1,0,2,4,3,0.0,1.0,0.0,0,1,-33.0,bad,success,0,fallback_symbolic_effects,skipped,experiments/bt_selection_benchmark/results/bt_candidate_evaluations_v2_stacking_probe_with_sim.csv,v2_stacking_probe,v2_stacking_probe,v2_stacking_probe::state_001_t1::stack_block2_on_block1
stack_block4_on_block1,state_001_t1,1,correct_bt,correct_bt,experiments/bt_selection_benchmark/bt_candidates/stack_block4_on_block1/correct_bt.json,stack block_4 on block_1,"supported_by(block_4, block_1)",block_4,block_1,1,0,1.0,1,1,0,0,6,3,1.0,0.083826,0.588172,0,1,63.985396,medium,success,0,fallback_symbolic_effects,done,experiments/bt_selection_benchmark/results/bt_candidate_evaluations_v2_stacking_probe_with_sim.csv,v2_stacking_probe,v2_stacking_probe,v2_stacking_probe::state_001_t1::stack_block4_on_block1
stack_block4_on_block1,state_001_t1,1,missing_precondition_bt,missing_precondition_bt,experiments/bt_selection_benchmark/bt_candidates/stack_block4_on_block1/missing_precondition_bt.json,stack block_4 on block_1,"supported_by(block_4, block_1)",block_4,block_1,1,0,1.0,1,1,0,0,5,3,0.5,0.092196,0.71801,0,1,54.14202,bad,success,0,fallback_symbolic_effects,done,experiments/bt_selection_benchmark/results/bt_candidate_evaluations_v2_stacking_probe_with_sim.csv,v2_stacking_probe,v2_stacking_probe,v2_stacking_probe::state_001_t1::stack_block4_on_block1
stack_block4_on_block1,state_001_t1,1,wrong_object_bt,wrong_object_bt,experiments/bt_selection_benchmark/bt_candidates/stack_block4_on_block1/wrong_object_bt.json,stack block_4 on block_1,"supported_by(block_4, block_1)",block_4,block_1,0,0,0.0,1,1,0,0,6,3,0.0,0.141013,0.674776,0,1,-26.759682,bad,success,0,fallback_symbolic_effects,done,experiments/bt_selection_benchmark/results/bt_candidate_evaluations_v2_stacking_probe_with_sim.csv,v2_stacking_probe,v2_stacking_probe,v2_stacking_probe::state_001_t1::stack_block4_on_block1
stack_block4_on_block1,state_001_t1,1,wrong_support_bt,wrong_support_bt,experiments/bt_selection_benchmark/bt_candidates/stack_block4_on_block1/wrong_support_bt.json,stack block_4 on block_1,"supported_by(block_4, block_1)",block_4,block_1,0,0,0.0,1,1,0,0,6,3,0.5,0.806385,0.622719,0,1,-23.309288,bad,success,0,fallback_symbolic_effects,done,experiments/bt_selection_benchmark/results/bt_candidate_evaluations_v2_stacking_probe_with_sim.csv,v2_stacking_probe,v2_stacking_probe,v2_stacking_probe::state_001_t1::stack_block4_on_block1
stack_block4_on_block1,state_001_t1,1,redundant_bt,redundant_bt,experiments/bt_selection_benchmark/bt_candidates/stack_block4_on_block1/redundant_bt.json,stack block_4 on block_1,"supported_by(block_4, block_1)",block_4,block_1,1,0,1.0,1,1,0,0,8,3,1.0,0.109873,0.542984,0,1,62.815302,medium,success,0,fallback_symbolic_effects,done,experiments/bt_selection_benchmark/results/bt_candidate_evaluations_v2_stacking_probe_with_sim.csv,v2_stacking_probe,v2_stacking_probe,v2_stacking_probe::state_001_t1::stack_block4_on_block1
stack_block4_on_block1,state_001_t1,1,unsafe_or_invalid_bt,unsafe_or_invalid_bt,experiments/bt_selection_benchmark/bt_candidates/stack_block4_on_block1/unsafe_or_invalid_bt.json,stack block_4 on block_1,"supported_by(block_4, block_1)",block_4,block_1,0,0,0.0,1,1,0,2,4,3,0.0,1.0,0.0,0,1,-33.0,bad,success,0,fallback_symbolic_effects,skipped,experiments/bt_selection_benchmark/results/bt_candidate_evaluations_v2_stacking_probe_with_sim.csv,v2_stacking_probe,v2_stacking_probe,v2_stacking_probe::state_001_t1::stack_block4_on_block1
stack_block3_on_block2,state_001_t1,1,correct_bt,correct_bt,experiments/bt_selection_benchmark/bt_candidates/stack_block3_on_block2/correct_bt.json,stack block_3 on block_2,"supported_by(block_3, block_2)",block_3,block_2,1,0,1.0,1,1,0,0,6,3,1.0,0.07813,0.588577,0,1,64.041546,medium,success,0,fallback_symbolic_effects,done,experiments/bt_selection_benchmark/results/bt_candidate_evaluations_v2_stacking_probe_with_sim.csv,v2_stacking_probe,v2_stacking_probe,v2_stacking_probe::state_001_t1::stack_block3_on_block2
stack_block3_on_block2,state_001_t1,1,missing_precondition_bt,missing_precondition_bt,experiments/bt_selection_benchmark/bt_candidates/stack_block3_on_block2/missing_precondition_bt.json,stack block_3 on block_2,"supported_by(block_3, block_2)",block_3,block_2,1,0,1.0,1,1,0,0,5,3,0.5,0.080305,0.634363,0,1,54.428224,bad,success,0,fallback_symbolic_effects,done,experiments/bt_selection_benchmark/results/bt_candidate_evaluations_v2_stacking_probe_with_sim.csv,v2_stacking_probe,v2_stacking_probe,v2_stacking_probe::state_001_t1::stack_block3_on_block2
stack_block3_on_block2,state_001_t1,1,wrong_object_bt,wrong_object_bt,experiments/bt_selection_benchmark/bt_candidates/stack_block3_on_block2/wrong_object_bt.json,stack block_3 on block_2,"supported_by(block_3, block_2)",block_3,block_2,0,0,0.0,1,1,0,0,6,3,0.0,0.63995,0.744967,0,1,-31.889434,bad,success,0,fallback_symbolic_effects,done,experiments/bt_selection_benchmark/results/bt_candidate_evaluations_v2_stacking_probe_with_sim.csv,v2_stacking_probe,v2_stacking_probe,v2_stacking_probe::state_001_t1::stack_block3_on_block2
stack_block3_on_block2,state_001_t1,1,wrong_support_bt,wrong_support_bt,experiments/bt_selection_benchmark/bt_candidates/stack_block3_on_block2/wrong_support_bt.json,stack block_3 on block_2,"supported_by(block_3, block_2)",block_3,block_2,0,0,0.0,1,1,0,0,6,3,0.5,0.414072,0.719324,0,1,-19.579368,bad,success,0,fallback_symbolic_effects,done,experiments/bt_selection_benchmark/results/bt_candidate_evaluations_v2_stacking_probe_with_sim.csv,v2_stacking_probe,v2_stacking_probe,v2_stacking_probe::state_001_t1::stack_block3_on_block2
stack_block3_on_block2,state_001_t1,1,redundant_bt,redundant_bt,experiments/bt_selection_benchmark/bt_candidates/stack_block3_on_block2/redundant_bt.json,stack block_3 on block_2,"supported_by(block_3, block_2)",block_3,block_2,1,0,1.0,1,1,0,0,8,3,1.0,0.07517,0.731664,0,1,62.784972,medium,success,0,fallback_symbolic_effects,done,experiments/bt_selection_benchmark/results/bt_candidate_evaluations_v2_stacking_probe_with_sim.csv,v2_stacking_probe,v2_stacking_probe,v2_stacking_probe::state_001_t1::stack_block3_on_block2
stack_block3_on_block2,state_001_t1,1,unsafe_or_invalid_bt,unsafe_or_invalid_bt,experiments/bt_selection_benchmark/bt_candidates/stack_block3_on_block2/unsafe_or_invalid_bt.json,stack block_3 on block_2,"supported_by(block_3, block_2)",block_3,block_2,0,0,0.0,1,1,0,2,4,3,0.0,1.0,0.0,0,1,-33.0,bad,success,0,fallback_symbolic_effects,skipped,experiments/bt_selection_benchmark/results/bt_candidate_evaluations_v2_stacking_probe_with_sim.csv,v2_stacking_probe,v2_stacking_probe,v2_stacking_probe::state_001_t1::stack_block3_on_block2
place_block3_on_block5,state_002_t2,2,correct_bt,correct_bt,experiments/bt_selection_benchmark/bt_candidates/place_block3_on_block5/correct_bt.json,place block_3 on block_5,"supported_by(block_3, block_5)",block_3,block_5,1,1,1.0,1,1,0,0,6,3,1.0,0.005005,0.597865,1,1,164.75422,good,success,0,fallback_symbolic_effects,done,experiments/bt_selection_benchmark/results/bt_candidate_evaluations_v2_stacking_probe_with_sim.csv,v2_stacking_probe,v2_stacking_probe,v2_stacking_probe::state_002_t2::place_block3_on_block5
place_block3_on_block5,state_002_t2,2,missing_precondition_bt,missing_precondition_bt,experiments/bt_selection_benchmark/bt_candidates/place_block3_on_block5/missing_precondition_bt.json,place block_3 on block_5,"supported_by(block_3, block_5)",block_3,block_5,1,1,1.0,1,1,0,0,5,3,0.5,0.003432,0.579432,1,1,155.306816,good,success,0,fallback_symbolic_effects,done,experiments/bt_selection_benchmark/results/bt_candidate_evaluations_v2_stacking_probe_with_sim.csv,v2_stacking_probe,v2_stacking_probe,v2_stacking_probe::state_002_t2::place_block3_on_block5
place_block3_on_block5,state_002_t2,2,wrong_object_bt,wrong_object_bt,experiments/bt_selection_benchmark/bt_candidates/place_block3_on_block5/wrong_object_bt.json,place block_3 on block_5,"supported_by(block_3, block_5)",block_3,block_5,0,0,0.0,1,1,0,0,6,3,0.0,0.477063,0.676004,0,1,-30.122638,bad,success,0,fallback_symbolic_effects,done,experiments/bt_selection_benchmark/results/bt_candidate_evaluations_v2_stacking_probe_with_sim.csv,v2_stacking_probe,v2_stacking_probe,v2_stacking_probe::state_002_t2::place_block3_on_block5
place_block3_on_block5,state_002_t2,2,wrong_support_bt,wrong_support_bt,experiments/bt_selection_benchmark/bt_candidates/place_block3_on_block5/wrong_support_bt.json,place block_3 on block_5,"supported_by(block_3, block_5)",block_3,block_5,0,0,0.0,1,1,0,0,6,3,0.5,0.46278,0.672291,0,1,-19.972382,bad,success,0,fallback_symbolic_effects,done,experiments/bt_selection_benchmark/results/bt_candidate_evaluations_v2_stacking_probe_with_sim.csv,v2_stacking_probe,v2_stacking_probe,v2_stacking_probe::state_002_t2::place_block3_on_block5
place_block3_on_block5,state_002_t2,2,redundant_bt,redundant_bt,experiments/bt_selection_benchmark/bt_candidates/place_block3_on_block5/redundant_bt.json,place block_3 on block_5,"supported_by(block_3, block_5)",block_3,block_5,1,1,1.0,1,1,0,0,8,3,1.0,0.00086,0.630461,1,1,163.730478,good,success,0,fallback_symbolic_effects,done,experiments/bt_selection_benchmark/results/bt_candidate_evaluations_v2_stacking_probe_with_sim.csv,v2_stacking_probe,v2_stacking_probe,v2_stacking_probe::state_002_t2::place_block3_on_block5
place_block3_on_block5,state_002_t2,2,unsafe_or_invalid_bt,unsafe_or_invalid_bt,experiments/bt_selection_benchmark/bt_candidates/place_block3_on_block5/unsafe_or_invalid_bt.json,place block_3 on block_5,"supported_by(block_3, block_5)",block_3,block_5,0,0,0.0,1,1,0,2,4,3,0.0,1.0,0.0,0,1,-33.0,bad,success,0,fallback_symbolic_effects,skipped,experiments/bt_selection_benchmark/results/bt_candidate_evaluations_v2_stacking_probe_with_sim.csv,v2_stacking_probe,v2_stacking_probe,v2_stacking_probe::state_002_t2::place_block3_on_block5
place_block1_on_block5,state_002_t2,2,correct_bt,correct_bt,experiments/bt_selection_benchmark/bt_candidates/place_block1_on_block5/correct_bt.json,place block_1 on block_5,"supported_by(block_1, block_5)",block_1,block_5,1,1,1.0,1,1,0,0,6,3,1.0,0.003515,0.607099,1,1,164.750652,good,success,0,fallback_symbolic_effects,done,experiments/bt_selection_benchmark/results/bt_candidate_evaluations_v2_stacking_probe_with_sim.csv,v2_stacking_probe,v2_stacking_probe,v2_stacking_probe::state_002_t2::place_block1_on_block5
place_block1_on_block5,state_002_t2,2,missing_precondition_bt,missing_precondition_bt,experiments/bt_selection_benchmark/bt_candidates/place_block1_on_block5/missing_precondition_bt.json,place block_1 on block_5,"supported_by(block_1, block_5)",block_1,block_5,1,1,1.0,1,1,0,0,5,3,0.5,0.001847,0.616487,1,1,155.248556,good,success,0,fallback_symbolic_effects,done,experiments/bt_selection_benchmark/results/bt_candidate_evaluations_v2_stacking_probe_with_sim.csv,v2_stacking_probe,v2_stacking_probe,v2_stacking_probe::state_002_t2::place_block1_on_block5
place_block1_on_block5,state_002_t2,2,wrong_object_bt,wrong_object_bt,experiments/bt_selection_benchmark/bt_candidates/place_block1_on_block5/wrong_object_bt.json,place block_1 on block_5,"supported_by(block_1, block_5)",block_1,block_5,1,0,1.0,1,1,0,0,6,3,0.0,0.481832,0.373138,0,1,40.435404,bad,success,0,fallback_symbolic_effects,done,experiments/bt_selection_benchmark/results/bt_candidate_evaluations_v2_stacking_probe_with_sim.csv,v2_stacking_probe,v2_stacking_probe,v2_stacking_probe::state_002_t2::place_block1_on_block5
place_block1_on_block5,state_002_t2,2,wrong_support_bt,wrong_support_bt,experiments/bt_selection_benchmark/bt_candidates/place_block1_on_block5/wrong_support_bt.json,place block_1 on block_5,"supported_by(block_1, block_5)",block_1,block_5,1,0,1.0,1,1,0,0,6,3,0.5,0.448807,0.673834,0,1,50.164262,bad,success,0,fallback_symbolic_effects,done,experiments/bt_selection_benchmark/results/bt_candidate_evaluations_v2_stacking_probe_with_sim.csv,v2_stacking_probe,v2_stacking_probe,v2_stacking_probe::state_002_t2::place_block1_on_block5
place_block1_on_block5,state_002_t2,2,redundant_bt,redundant_bt,experiments/bt_selection_benchmark/bt_candidates/place_block1_on_block5/redundant_bt.json,place block_1 on block_5,"supported_by(block_1, block_5)",block_1,block_5,1,1,1.0,1,1,0,0,8,3,1.0,0.006556,0.667174,1,1,163.600092,good,success,0,fallback_symbolic_effects,done,experiments/bt_selection_benchmark/results/bt_candidate_evaluations_v2_stacking_probe_with_sim.csv,v2_stacking_probe,v2_stacking_probe,v2_stacking_probe::state_002_t2::place_block1_on_block5
place_block1_on_block5,state_002_t2,2,unsafe_or_invalid_bt,unsafe_or_invalid_bt,experiments/bt_selection_benchmark/bt_candidates/place_block1_on_block5/unsafe_or_invalid_bt.json,place block_1 on block_5,"supported_by(block_1, block_5)",block_1,block_5,1,0,1.0,1,1,0,2,4,3,0.0,0.0,0.0,0,1,47.0,bad,success,0,fallback_symbolic_effects,skipped,experiments/bt_selection_benchmark/results/bt_candidate_evaluations_v2_stacking_probe_with_sim.csv,v2_stacking_probe,v2_stacking_probe,v2_stacking_probe::state_002_t2::place_block1_on_block5
place_block2_on_block6,state_002_t2,2,correct_bt,correct_bt,experiments/bt_selection_benchmark/bt_candidates/place_block2_on_block6/correct_bt.json,place block_2 on block_6,"supported_by(block_2, block_6)",block_2,block_6,1,1,1.0,1,1,0,0,6,3,1.0,0.003082,0.47253,1,1,165.02412,good,success,0,fallback_symbolic_effects,done,experiments/bt_selection_benchmark/results/bt_candidate_evaluations_v2_stacking_probe_with_sim.csv,v2_stacking_probe,v2_stacking_probe,v2_stacking_probe::state_002_t2::place_block2_on_block6
place_block2_on_block6,state_002_t2,2,missing_precondition_bt,missing_precondition_bt,experiments/bt_selection_benchmark/bt_candidates/place_block2_on_block6/missing_precondition_bt.json,place block_2 on block_6,"supported_by(block_2, block_6)",block_2,block_6,1,1,1.0,1,1,0,0,5,3,0.5,0.006912,0.425997,1,1,155.578886,good,success,0,fallback_symbolic_effects,done,experiments/bt_selection_benchmark/results/bt_candidate_evaluations_v2_stacking_probe_with_sim.csv,v2_stacking_probe,v2_stacking_probe,v2_stacking_probe::state_002_t2::place_block2_on_block6
place_block2_on_block6,state_002_t2,2,wrong_object_bt,wrong_object_bt,experiments/bt_selection_benchmark/bt_candidates/place_block2_on_block6/wrong_object_bt.json,place block_2 on block_6,"supported_by(block_2, block_6)",block_2,block_6,0,0,0.0,1,1,0,0,6,3,0.0,0.897484,0.478323,0,1,-33.931486,bad,success,0,fallback_symbolic_effects,done,experiments/bt_selection_benchmark/results/bt_candidate_evaluations_v2_stacking_probe_with_sim.csv,v2_stacking_probe,v2_stacking_probe,v2_stacking_probe::state_002_t2::place_block2_on_block6
place_block2_on_block6,state_002_t2,2,wrong_support_bt,wrong_support_bt,experiments/bt_selection_benchmark/bt_candidates/place_block2_on_block6/wrong_support_bt.json,place block_2 on block_6,"supported_by(block_2, block_6)",block_2,block_6,0,0,0.0,1,1,0,0,6,3,0.5,0.45748,0.498018,0,1,-19.570836,bad,success,0,fallback_symbolic_effects,done,experiments/bt_selection_benchmark/results/bt_candidate_evaluations_v2_stacking_probe_with_sim.csv,v2_stacking_probe,v2_stacking_probe,v2_stacking_probe::state_002_t2::place_block2_on_block6
place_block2_on_block6,state_002_t2,2,redundant_bt,redundant_bt,experiments/bt_selection_benchmark/bt_candidates/place_block2_on_block6/redundant_bt.json,place block_2 on block_6,"supported_by(block_2, block_6)",block_2,block_6,1,1,1.0,1,1,0,0,8,3,1.0,0.002847,0.535539,1,1,163.900452,good,success,0,fallback_symbolic_effects,done,experiments/bt_selection_benchmark/results/bt_candidate_evaluations_v2_stacking_probe_with_sim.csv,v2_stacking_probe,v2_stacking_probe,v2_stacking_probe::state_002_t2::place_block2_on_block6
place_block2_on_block6,state_002_t2,2,unsafe_or_invalid_bt,unsafe_or_invalid_bt,experiments/bt_selection_benchmark/bt_candidates/place_block2_on_block6/unsafe_or_invalid_bt.json,place block_2 on block_6,"supported_by(block_2, block_6)",block_2,block_6,0,0,0.0,1,1,0,2,4,3,0.0,1.0,0.0,0,1,-33.0,bad,success,0,fallback_symbolic_effects,skipped,experiments/bt_selection_benchmark/results/bt_candidate_evaluations_v2_stacking_probe_with_sim.csv,v2_stacking_probe,v2_stacking_probe,v2_stacking_probe::state_002_t2::place_block2_on_block6
stack_block3_on_block1,state_002_t2,2,correct_bt,correct_bt,experiments/bt_selection_benchmark/bt_candidates/stack_block3_on_block1/correct_bt.json,stack block_3 on block_1,"supported_by(block_3, block_1)",block_3,block_1,1,0,1.0,1,1,0,0,6,3,1.0,0.077669,0.637212,0,1,63.948886,medium,success,0,fallback_symbolic_effects,done,experiments/bt_selection_benchmark/results/bt_candidate_evaluations_v2_stacking_probe_with_sim.csv,v2_stacking_probe,v2_stacking_probe,v2_stacking_probe::state_002_t2::stack_block3_on_block1
stack_block3_on_block1,state_002_t2,2,missing_precondition_bt,missing_precondition_bt,experiments/bt_selection_benchmark/bt_candidates/stack_block3_on_block1/missing_precondition_bt.json,stack block_3 on block_1,"supported_by(block_3, block_1)",block_3,block_1,1,0,1.0,1,1,0,0,5,3,0.5,0.083609,0.719188,0,1,54.225534,bad,success,0,fallback_symbolic_effects,done,experiments/bt_selection_benchmark/results/bt_candidate_evaluations_v2_stacking_probe_with_sim.csv,v2_stacking_probe,v2_stacking_probe,v2_stacking_probe::state_002_t2::stack_block3_on_block1
stack_block3_on_block1,state_002_t2,2,wrong_object_bt,wrong_object_bt,experiments/bt_selection_benchmark/bt_candidates/stack_block3_on_block1/wrong_object_bt.json,stack block_3 on block_1,"supported_by(block_3, block_1)",block_3,block_1,0,0,0.0,1,1,0,0,6,3,0.0,0.578258,0.587185,0,1,-30.95695,bad,success,0,fallback_symbolic_effects,done,experiments/bt_selection_benchmark/results/bt_candidate_evaluations_v2_stacking_probe_with_sim.csv,v2_stacking_probe,v2_stacking_probe,v2_stacking_probe::state_002_t2::stack_block3_on_block1
stack_block3_on_block1,state_002_t2,2,wrong_support_bt,wrong_support_bt,experiments/bt_selection_benchmark/bt_candidates/stack_block3_on_block1/wrong_support_bt.json,stack block_3 on block_1,"supported_by(block_3, block_1)",block_3,block_1,0,0,0.0,1,1,0,0,6,3,0.5,0.388132,0.60152,0,1,-19.08436,bad,success,0,fallback_symbolic_effects,done,experiments/bt_selection_benchmark/results/bt_candidate_evaluations_v2_stacking_probe_with_sim.csv,v2_stacking_probe,v2_stacking_probe,v2_stacking_probe::state_002_t2::stack_block3_on_block1
stack_block3_on_block1,state_002_t2,2,redundant_bt,redundant_bt,experiments/bt_selection_benchmark/bt_candidates/stack_block3_on_block1/redundant_bt.json,stack block_3 on block_1,"supported_by(block_3, block_1)",block_3,block_1,1,0,1.0,1,1,0,0,8,3,1.0,0.089332,0.629397,0,1,62.847886,medium,success,0,fallback_symbolic_effects,done,experiments/bt_selection_benchmark/results/bt_candidate_evaluations_v2_stacking_probe_with_sim.csv,v2_stacking_probe,v2_stacking_probe,v2_stacking_probe::state_002_t2::stack_block3_on_block1
stack_block3_on_block1,state_002_t2,2,unsafe_or_invalid_bt,unsafe_or_invalid_bt,experiments/bt_selection_benchmark/bt_candidates/stack_block3_on_block1/unsafe_or_invalid_bt.json,stack block_3 on block_1,"supported_by(block_3, block_1)",block_3,block_1,0,0,0.0,1,1,0,2,4,3,0.0,1.0,0.0,0,1,-33.0,bad,success,0,fallback_symbolic_effects,skipped,experiments/bt_selection_benchmark/results/bt_candidate_evaluations_v2_stacking_probe_with_sim.csv,v2_stacking_probe,v2_stacking_probe,v2_stacking_probe::state_002_t2::stack_block3_on_block1
stack_block1_on_block3,state_002_t2,2,correct_bt,correct_bt,experiments/bt_selection_benchmark/bt_candidates/stack_block1_on_block3/correct_bt.json,stack block_1 on block_3,"supported_by(block_1, block_3)",block_1,block_3,1,1,1.0,1,1,0,0,6,3,1.0,0.009803,0.699722,1,1,164.502526,good,success,0,fallback_symbolic_effects,done,experiments/bt_selection_benchmark/results/bt_candidate_evaluations_v2_stacking_probe_with_sim.csv,v2_stacking_probe,v2_stacking_probe,v2_stacking_probe::state_002_t2::stack_block1_on_block3
stack_block1_on_block3,state_002_t2,2,missing_precondition_bt,missing_precondition_bt,experiments/bt_selection_benchmark/bt_candidates/stack_block1_on_block3/missing_precondition_bt.json,stack block_1 on block_3,"supported_by(block_1, block_3)",block_1,block_3,1,0,1.0,1,1,0,0,5,3,0.5,0.011356,0.599506,0,1,55.187428,bad,success,0,fallback_symbolic_effects,done,experiments/bt_selection_benchmark/results/bt_candidate_evaluations_v2_stacking_probe_with_sim.csv,v2_stacking_probe,v2_stacking_probe,v2_stacking_probe::state_002_t2::stack_block1_on_block3
stack_block1_on_block3,state_002_t2,2,wrong_object_bt,wrong_object_bt,experiments/bt_selection_benchmark/bt_candidates/stack_block1_on_block3/wrong_object_bt.json,stack block_1 on block_3,"supported_by(block_1, block_3)",block_1,block_3,0,0,0.0,1,1,0,0,6,3,0.0,0.136079,0.724076,0,1,-26.808942,bad,success,0,fallback_symbolic_effects,done,experiments/bt_selection_benchmark/results/bt_candidate_evaluations_v2_stacking_probe_with_sim.csv,v2_stacking_probe,v2_stacking_probe,v2_stacking_probe::state_002_t2::stack_block1_on_block3
stack_block1_on_block3,state_002_t2,2,wrong_support_bt,wrong_support_bt,experiments/bt_selection_benchmark/bt_candidates/stack_block1_on_block3/wrong_support_bt.json,stack block_1 on block_3,"supported_by(block_1, block_3)",block_1,block_3,0,0,0.0,1,1,0,0,6,3,0.5,0.893251,0.73237,0,1,-24.39725,bad,success,0,fallback_symbolic_effects,done,experiments/bt_selection_benchmark/results/bt_candidate_evaluations_v2_stacking_probe_with_sim.csv,v2_stacking_probe,v2_stacking_probe,v2_stacking_probe::state_002_t2::stack_block1_on_block3
stack_block1_on_block3,state_002_t2,2,redundant_bt,redundant_bt,experiments/bt_selection_benchmark/bt_candidates/stack_block1_on_block3/redundant_bt.json,stack block_1 on block_3,"supported_by(block_1, block_3)",block_1,block_3,1,0,1.0,1,1,0,0,8,3,1.0,0.0761,0.696437,0,1,62.846126,medium,success,0,fallback_symbolic_effects,done,experiments/bt_selection_benchmark/results/bt_candidate_evaluations_v2_stacking_probe_with_sim.csv,v2_stacking_probe,v2_stacking_probe,v2_stacking_probe::state_002_t2::stack_block1_on_block3
stack_block1_on_block3,state_002_t2,2,unsafe_or_invalid_bt,unsafe_or_invalid_bt,experiments/bt_selection_benchmark/bt_candidates/stack_block1_on_block3/unsafe_or_invalid_bt.json,stack block_1 on block_3,"supported_by(block_1, block_3)",block_1,block_3,0,0,0.0,1,1,0,2,4,3,0.0,1.0,0.0,0,1,-33.0,bad,success,0,fallback_symbolic_effects,skipped,experiments/bt_selection_benchmark/results/bt_candidate_evaluations_v2_stacking_probe_with_sim.csv,v2_stacking_probe,v2_stacking_probe,v2_stacking_probe::state_002_t2::stack_block1_on_block3
stack_block2_on_block1,state_002_t2,2,correct_bt,correct_bt,experiments/bt_selection_benchmark/bt_candidates/stack_block2_on_block1/correct_bt.json,stack block_2 on block_1,"supported_by(block_2, block_1)",block_2,block_1,1,0,1.0,1,1,0,0,6,3,1.0,0.084675,0.529979,0,1,64.093292,medium,success,0,fallback_symbolic_effects,done,experiments/bt_selection_benchmark/results/bt_candidate_evaluations_v2_stacking_probe_with_sim.csv,v2_stacking_probe,v2_stacking_probe,v2_stacking_probe::state_002_t2::stack_block2_on_block1
stack_block2_on_block1,state_002_t2,2,missing_precondition_bt,missing_precondition_bt,experiments/bt_selection_benchmark/bt_candidates/stack_block2_on_block1/missing_precondition_bt.json,stack block_2 on block_1,"supported_by(block_2, block_1)",block_2,block_1,1,0,1.0,1,1,0,0,5,3,0.5,0.093441,0.51938,0,1,54.52683,bad,success,0,fallback_symbolic_effects,done,experiments/bt_selection_benchmark/results/bt_candidate_evaluations_v2_stacking_probe_with_sim.csv,v2_stacking_probe,v2_stacking_probe,v2_stacking_probe::state_002_t2::stack_block2_on_block1
stack_block2_on_block1,state_002_t2,2,wrong_object_bt,wrong_object_bt,experiments/bt_selection_benchmark/bt_candidates/stack_block2_on_block1/wrong_object_bt.json,stack block_2 on block_1,"supported_by(block_2, block_1)",block_2,block_1,0,0,0.0,1,1,0,0,6,3,0.0,0.612893,0.399658,0,1,-30.928246,bad,success,0,fallback_symbolic_effects,done,experiments/bt_selection_benchmark/results/bt_candidate_evaluations_v2_stacking_probe_with_sim.csv,v2_stacking_probe,v2_stacking_probe,v2_stacking_probe::state_002_t2::stack_block2_on_block1
stack_block2_on_block1,state_002_t2,2,wrong_support_bt,wrong_support_bt,experiments/bt_selection_benchmark/bt_candidates/stack_block2_on_block1/wrong_support_bt.json,stack block_2 on block_1,"supported_by(block_2, block_1)",block_2,block_1,0,0,0.0,1,1,0,0,6,3,0.5,0.399569,0.50448,0,1,-19.00465,bad,success,0,fallback_symbolic_effects,done,experiments/bt_selection_benchmark/results/bt_candidate_evaluations_v2_stacking_probe_with_sim.csv,v2_stacking_probe,v2_stacking_probe,v2_stacking_probe::state_002_t2::stack_block2_on_block1
stack_block2_on_block1,state_002_t2,2,redundant_bt,redundant_bt,experiments/bt_selection_benchmark/bt_candidates/stack_block2_on_block1/redundant_bt.json,stack block_2 on block_1,"supported_by(block_2, block_1)",block_2,block_1,1,0,1.0,1,1,0,0,8,3,1.0,0.081113,0.476893,0,1,63.235084,medium,success,0,fallback_symbolic_effects,done,experiments/bt_selection_benchmark/results/bt_candidate_evaluations_v2_stacking_probe_with_sim.csv,v2_stacking_probe,v2_stacking_probe,v2_stacking_probe::state_002_t2::stack_block2_on_block1
stack_block2_on_block1,state_002_t2,2,unsafe_or_invalid_bt,unsafe_or_invalid_bt,experiments/bt_selection_benchmark/bt_candidates/stack_block2_on_block1/unsafe_or_invalid_bt.json,stack block_2 on block_1,"supported_by(block_2, block_1)",block_2,block_1,0,0,0.0,1,1,0,2,4,3,0.0,1.0,0.0,0,1,-33.0,bad,success,0,fallback_symbolic_effects,skipped,experiments/bt_selection_benchmark/results/bt_candidate_evaluations_v2_stacking_probe_with_sim.csv,v2_stacking_probe,v2_stacking_probe,v2_stacking_probe::state_002_t2::stack_block2_on_block1
stack_block4_on_block1,state_002_t2,2,correct_bt,correct_bt,experiments/bt_selection_benchmark/bt_candidates/stack_block4_on_block1/correct_bt.json,stack block_4 on block_1,"supported_by(block_4, block_1)",block_4,block_1,1,0,1.0,1,1,0,0,6,3,1.0,0.092037,0.596741,0,1,63.886148,medium,success,0,fallback_symbolic_effects,done,experiments/bt_selection_benchmark/results/bt_candidate_evaluations_v2_stacking_probe_with_sim.csv,v2_stacking_probe,v2_stacking_probe,v2_stacking_probe::state_002_t2::stack_block4_on_block1
stack_block4_on_block1,state_002_t2,2,missing_precondition_bt,missing_precondition_bt,experiments/bt_selection_benchmark/bt_candidates/stack_block4_on_block1/missing_precondition_bt.json,stack block_4 on block_1,"supported_by(block_4, block_1)",block_4,block_1,1,0,1.0,1,1,0,0,5,3,0.5,0.085522,0.716488,0,1,54.211804,bad,success,0,fallback_symbolic_effects,done,experiments/bt_selection_benchmark/results/bt_candidate_evaluations_v2_stacking_probe_with_sim.csv,v2_stacking_probe,v2_stacking_probe,v2_stacking_probe::state_002_t2::stack_block4_on_block1
stack_block4_on_block1,state_002_t2,2,wrong_object_bt,wrong_object_bt,experiments/bt_selection_benchmark/bt_candidates/stack_block4_on_block1/wrong_object_bt.json,stack block_4 on block_1,"supported_by(block_4, block_1)",block_4,block_1,0,0,0.0,1,1,0,0,6,3,0.0,0.640623,0.673843,0,1,-31.753916,bad,success,0,fallback_symbolic_effects,done,experiments/bt_selection_benchmark/results/bt_candidate_evaluations_v2_stacking_probe_with_sim.csv,v2_stacking_probe,v2_stacking_probe,v2_stacking_probe::state_002_t2::stack_block4_on_block1
stack_block4_on_block1,state_002_t2,2,wrong_support_bt,wrong_support_bt,experiments/bt_selection_benchmark/bt_candidates/stack_block4_on_block1/wrong_support_bt.json,stack block_4 on block_1,"supported_by(block_4, block_1)",block_4,block_1,0,0,0.0,1,1,0,0,6,3,0.5,0.3938,0.744604,0,1,-19.427208,bad,success,0,fallback_symbolic_effects,done,experiments/bt_selection_benchmark/results/bt_candidate_evaluations_v2_stacking_probe_with_sim.csv,v2_stacking_probe,v2_stacking_probe,v2_stacking_probe::state_002_t2::stack_block4_on_block1
stack_block4_on_block1,state_002_t2,2,redundant_bt,redundant_bt,experiments/bt_selection_benchmark/bt_candidates/stack_block4_on_block1/redundant_bt.json,stack block_4 on block_1,"supported_by(block_4, block_1)",block_4,block_1,1,0,1.0,1,1,0,0,8,3,1.0,0.083471,0.651095,0,1,62.8631,medium,success,0,fallback_symbolic_effects,done,experiments/bt_selection_benchmark/results/bt_candidate_evaluations_v2_stacking_probe_with_sim.csv,v2_stacking_probe,v2_stacking_probe,v2_stacking_probe::state_002_t2::stack_block4_on_block1
stack_block4_on_block1,state_002_t2,2,unsafe_or_invalid_bt,unsafe_or_invalid_bt,experiments/bt_selection_benchmark/bt_candidates/stack_block4_on_block1/unsafe_or_invalid_bt.json,stack block_4 on block_1,"supported_by(block_4, block_1)",block_4,block_1,0,0,0.0,1,1,0,2,4,3,0.0,1.0,0.0,0,1,-33.0,bad,success,0,fallback_symbolic_effects,skipped,experiments/bt_selection_benchmark/results/bt_candidate_evaluations_v2_stacking_probe_with_sim.csv,v2_stacking_probe,v2_stacking_probe,v2_stacking_probe::state_002_t2::stack_block4_on_block1
stack_block3_on_block2,state_002_t2,2,correct_bt,correct_bt,experiments/bt_selection_benchmark/bt_candidates/stack_block3_on_block2/correct_bt.json,stack block_3 on block_2,"supported_by(block_3, block_2)",block_3,block_2,1,0,1.0,1,1,0,0,6,3,1.0,0.082588,0.751412,0,1,63.671296,medium,success,0,fallback_symbolic_effects,done,experiments/bt_selection_benchmark/results/bt_candidate_evaluations_v2_stacking_probe_with_sim.csv,v2_stacking_probe,v2_stacking_probe,v2_stacking_probe::state_002_t2::stack_block3_on_block2
stack_block3_on_block2,state_002_t2,2,missing_precondition_bt,missing_precondition_bt,experiments/bt_selection_benchmark/bt_candidates/stack_block3_on_block2/missing_precondition_bt.json,stack block_3 on block_2,"supported_by(block_3, block_2)",block_3,block_2,1,0,1.0,1,1,0,0,5,3,0.5,0.07868,0.611822,0,1,54.489556,bad,success,0,fallback_symbolic_effects,done,experiments/bt_selection_benchmark/results/bt_candidate_evaluations_v2_stacking_probe_with_sim.csv,v2_stacking_probe,v2_stacking_probe,v2_stacking_probe::state_002_t2::stack_block3_on_block2
stack_block3_on_block2,state_002_t2,2,wrong_object_bt,wrong_object_bt,experiments/bt_selection_benchmark/bt_candidates/stack_block3_on_block2/wrong_object_bt.json,stack block_3 on block_2,"supported_by(block_3, block_2)",block_3,block_2,0,0,0.0,1,1,0,0,6,3,0.0,0.706242,0.657788,0,1,-32.377996,bad,success,0,fallback_symbolic_effects,done,experiments/bt_selection_benchmark/results/bt_candidate_evaluations_v2_stacking_probe_with_sim.csv,v2_stacking_probe,v2_stacking_probe,v2_stacking_probe::state_002_t2::stack_block3_on_block2
stack_block3_on_block2,state_002_t2,2,wrong_support_bt,wrong_support_bt,experiments/bt_selection_benchmark/bt_candidates/stack_block3_on_block2/wrong_support_bt.json,stack block_3 on block_2,"supported_by(block_3, block_2)",block_3,block_2,0,0,0.0,1,1,0,0,6,3,0.5,0.417716,0.591305,0,1,-19.35977,bad,success,0,fallback_symbolic_effects,done,experiments/bt_selection_benchmark/results/bt_candidate_evaluations_v2_stacking_probe_with_sim.csv,v2_stacking_probe,v2_stacking_probe,v2_stacking_probe::state_002_t2::stack_block3_on_block2
stack_block3_on_block2,state_002_t2,2,redundant_bt,redundant_bt,experiments/bt_selection_benchmark/bt_candidates/stack_block3_on_block2/redundant_bt.json,stack block_3 on block_2,"supported_by(block_3, block_2)",block_3,block_2,1,0,1.0,1,1,0,0,8,3,1.0,0.080206,0.657812,0,1,62.882316,medium,success,0,fallback_symbolic_effects,done,experiments/bt_selection_benchmark/results/bt_candidate_evaluations_v2_stacking_probe_with_sim.csv,v2_stacking_probe,v2_stacking_probe,v2_stacking_probe::state_002_t2::stack_block3_on_block2
stack_block3_on_block2,state_002_t2,2,unsafe_or_invalid_bt,unsafe_or_invalid_bt,experiments/bt_selection_benchmark/bt_candidates/stack_block3_on_block2/unsafe_or_invalid_bt.json,stack block_3 on block_2,"supported_by(block_3, block_2)",block_3,block_2,0,0,0.0,1,1,0,2,4,3,0.0,1.0,0.0,0,1,-33.0,bad,success,0,fallback_symbolic_effects,skipped,experiments/bt_selection_benchmark/results/bt_candidate_evaluations_v2_stacking_probe_with_sim.csv,v2_stacking_probe,v2_stacking_probe,v2_stacking_probe::state_002_t2::stack_block3_on_block2
place_block3_on_block5,state_003_t3,3,correct_bt,correct_bt,experiments/bt_selection_benchmark/bt_candidates/place_block3_on_block5/correct_bt.json,place block_3 on block_5,"supported_by(block_3, block_5)",block_3,block_5,1,1,1.0,1,1,0,0,6,3,1.0,0.003195,0.617118,1,1,164.733814,good,success,0,fallback_symbolic_effects,done,experiments/bt_selection_benchmark/results/bt_candidate_evaluations_v2_stacking_probe_with_sim.csv,v2_stacking_probe,v2_stacking_probe,v2_stacking_probe::state_003_t3::place_block3_on_block5
place_block3_on_block5,state_003_t3,3,missing_precondition_bt,missing_precondition_bt,experiments/bt_selection_benchmark/bt_candidates/place_block3_on_block5/missing_precondition_bt.json,place block_3 on block_5,"supported_by(block_3, block_5)",block_3,block_5,1,1,1.0,1,1,0,0,5,3,0.5,0.007139,0.71454,1,1,154.99953,good,success,0,fallback_symbolic_effects,done,experiments/bt_selection_benchmark/results/bt_candidate_evaluations_v2_stacking_probe_with_sim.csv,v2_stacking_probe,v2_stacking_probe,v2_stacking_probe::state_003_t3::place_block3_on_block5
place_block3_on_block5,state_003_t3,3,wrong_object_bt,wrong_object_bt,experiments/bt_selection_benchmark/bt_candidates/place_block3_on_block5/wrong_object_bt.json,place block_3 on block_5,"supported_by(block_3, block_5)",block_3,block_5,1,0,1.0,1,1,0,0,6,3,0.0,0.602062,0.735973,0,1,38.507434,bad,success,0,fallback_symbolic_effects,done,experiments/bt_selection_benchmark/results/bt_candidate_evaluations_v2_stacking_probe_with_sim.csv,v2_stacking_probe,v2_stacking_probe,v2_stacking_probe::state_003_t3::place_block3_on_block5
place_block3_on_block5,state_003_t3,3,wrong_support_bt,wrong_support_bt,experiments/bt_selection_benchmark/bt_candidates/place_block3_on_block5/wrong_support_bt.json,place block_3 on block_5,"supported_by(block_3, block_5)",block_3,block_5,1,0,1.0,1,1,0,0,6,3,0.5,0.467412,0.550468,0,1,50.224944,bad,success,0,fallback_symbolic_effects,done,experiments/bt_selection_benchmark/results/bt_candidate_evaluations_v2_stacking_probe_with_sim.csv,v2_stacking_probe,v2_stacking_probe,v2_stacking_probe::state_003_t3::place_block3_on_block5
place_block3_on_block5,state_003_t3,3,redundant_bt,redundant_bt,experiments/bt_selection_benchmark/bt_candidates/place_block3_on_block5/redundant_bt.json,place block_3 on block_5,"supported_by(block_3, block_5)",block_3,block_5,1,1,1.0,1,1,0,0,8,3,1.0,0.002641,0.689953,1,1,163.593684,good,success,0,fallback_symbolic_effects,done,experiments/bt_selection_benchmark/results/bt_candidate_evaluations_v2_stacking_probe_with_sim.csv,v2_stacking_probe,v2_stacking_probe,v2_stacking_probe::state_003_t3::place_block3_on_block5
place_block3_on_block5,state_003_t3,3,unsafe_or_invalid_bt,unsafe_or_invalid_bt,experiments/bt_selection_benchmark/bt_candidates/place_block3_on_block5/unsafe_or_invalid_bt.json,place block_3 on block_5,"supported_by(block_3, block_5)",block_3,block_5,1,0,1.0,1,1,0,2,4,3,0.0,0.0,0.0,0,1,47.0,bad,success,0,fallback_symbolic_effects,skipped,experiments/bt_selection_benchmark/results/bt_candidate_evaluations_v2_stacking_probe_with_sim.csv,v2_stacking_probe,v2_stacking_probe,v2_stacking_probe::state_003_t3::place_block3_on_block5
place_block1_on_block5,state_003_t3,3,correct_bt,correct_bt,experiments/bt_selection_benchmark/bt_candidates/place_block1_on_block5/correct_bt.json,place block_1 on block_5,"supported_by(block_1, block_5)",block_1,block_5,1,1,1.0,1,1,0,0,6,3,1.0,0.000263,0.718231,1,1,164.560908,good,success,0,fallback_symbolic_effects,done,experiments/bt_selection_benchmark/results/bt_candidate_evaluations_v2_stacking_probe_with_sim.csv,v2_stacking_probe,v2_stacking_probe,v2_stacking_probe::state_003_t3::place_block1_on_block5
place_block1_on_block5,state_003_t3,3,missing_precondition_bt,missing_precondition_bt,experiments/bt_selection_benchmark/bt_candidates/place_block1_on_block5/missing_precondition_bt.json,place block_1 on block_5,"supported_by(block_1, block_5)",block_1,block_5,1,1,1.0,1,1,0,0,5,3,0.5,0.000876,0.728028,1,1,155.035184,good,success,0,fallback_symbolic_effects,done,experiments/bt_selection_benchmark/results/bt_candidate_evaluations_v2_stacking_probe_with_sim.csv,v2_stacking_probe,v2_stacking_probe,v2_stacking_probe::state_003_t3::place_block1_on_block5
place_block1_on_block5,state_003_t3,3,wrong_object_bt,wrong_object_bt,experiments/bt_selection_benchmark/bt_candidates/place_block1_on_block5/wrong_object_bt.json,place block_1 on block_5,"supported_by(block_1, block_5)",block_1,block_5,1,0,1.0,1,1,0,0,6,3,0.0,0.531634,0.61533,0,1,39.453,bad,success,0,fallback_symbolic_effects,done,experiments/bt_selection_benchmark/results/bt_candidate_evaluations_v2_stacking_probe_with_sim.csv,v2_stacking_probe,v2_stacking_probe,v2_stacking_probe::state_003_t3::place_block1_on_block5
place_block1_on_block5,state_003_t3,3,wrong_support_bt,wrong_support_bt,experiments/bt_selection_benchmark/bt_candidates/place_block1_on_block5/wrong_support_bt.json,place block_1 on block_5,"supported_by(block_1, block_5)",block_1,block_5,1,0,1.0,1,1,0,0,6,3,0.5,0.451239,0.712466,0,1,50.062678,bad,success,0,fallback_symbolic_effects,done,experiments/bt_selection_benchmark/results/bt_candidate_evaluations_v2_stacking_probe_with_sim.csv,v2_stacking_probe,v2_stacking_probe,v2_stacking_probe::state_003_t3::place_block1_on_block5
place_block1_on_block5,state_003_t3,3,redundant_bt,redundant_bt,experiments/bt_selection_benchmark/bt_candidates/place_block1_on_block5/redundant_bt.json,place block_1 on block_5,"supported_by(block_1, block_5)",block_1,block_5,1,1,1.0,1,1,0,0,8,3,1.0,0.002703,0.62066,1,1,163.73165,good,success,0,fallback_symbolic_effects,done,experiments/bt_selection_benchmark/results/bt_candidate_evaluations_v2_stacking_probe_with_sim.csv,v2_stacking_probe,v2_stacking_probe,v2_stacking_probe::state_003_t3::place_block1_on_block5
place_block1_on_block5,state_003_t3,3,unsafe_or_invalid_bt,unsafe_or_invalid_bt,experiments/bt_selection_benchmark/bt_candidates/place_block1_on_block5/unsafe_or_invalid_bt.json,place block_1 on block_5,"supported_by(block_1, block_5)",block_1,block_5,1,0,1.0,1,1,0,2,4,3,0.0,0.0,0.0,0,1,47.0,bad,success,0,fallback_symbolic_effects,skipped,experiments/bt_selection_benchmark/results/bt_candidate_evaluations_v2_stacking_probe_with_sim.csv,v2_stacking_probe,v2_stacking_probe,v2_stacking_probe::state_003_t3::place_block1_on_block5
place_block2_on_block6,state_003_t3,3,correct_bt,correct_bt,experiments/bt_selection_benchmark/bt_candidates/place_block2_on_block6/correct_bt.json,place block_2 on block_6,"supported_by(block_2, block_6)",block_2,block_6,1,1,1.0,1,1,0,0,6,3,1.0,0.000156,0.478744,1,1,165.040952,good,success,0,fallback_symbolic_effects,done,experiments/bt_selection_benchmark/results/bt_candidate_evaluations_v2_stacking_probe_with_sim.csv,v2_stacking_probe,v2_stacking_probe,v2_stacking_probe::state_003_t3::place_block2_on_block6
place_block2_on_block6,state_003_t3,3,missing_precondition_bt,missing_precondition_bt,experiments/bt_selection_benchmark/bt_candidates/place_block2_on_block6/missing_precondition_bt.json,place block_2 on block_6,"supported_by(block_2, block_6)",block_2,block_6,1,1,1.0,1,1,0,0,5,3,0.5,0.004751,0.450891,1,1,155.550708,good,success,0,fallback_symbolic_effects,done,experiments/bt_selection_benchmark/results/bt_candidate_evaluations_v2_stacking_probe_with_sim.csv,v2_stacking_probe,v2_stacking_probe,v2_stacking_probe::state_003_t3::place_block2_on_block6
place_block2_on_block6,state_003_t3,3,wrong_object_bt,wrong_object_bt,experiments/bt_selection_benchmark/bt_candidates/place_block2_on_block6/wrong_object_bt.json,place block_2 on block_6,"supported_by(block_2, block_6)",block_2,block_6,0,0,0.0,1,1,0,0,6,3,0.0,0.911251,0.577328,0,1,-34.267166,bad,success,0,fallback_symbolic_effects,done,experiments/bt_selection_benchmark/results/bt_candidate_evaluations_v2_stacking_probe_with_sim.csv,v2_stacking_probe,v2_stacking_probe,v2_stacking_probe::state_003_t3::place_block2_on_block6
place_block2_on_block6,state_003_t3,3,wrong_support_bt,wrong_support_bt,experiments/bt_selection_benchmark/bt_candidates/place_block2_on_block6/wrong_support_bt.json,place block_2 on block_6,"supported_by(block_2, block_6)",block_2,block_6,0,0,0.0,1,1,0,0,6,3,0.5,0.462184,0.588053,0,1,-19.797946,bad,success,0,fallback_symbolic_effects,done,experiments/bt_selection_benchmark/results/bt_candidate_evaluations_v2_stacking_probe_with_sim.csv,v2_stacking_probe,v2_stacking_probe,v2_stacking_probe::state_003_t3::place_block2_on_block6
place_block2_on_block6,state_003_t3,3,redundant_bt,redundant_bt,experiments/bt_selection_benchmark/bt_candidates/place_block2_on_block6/redundant_bt.json,place block_2 on block_6,"supported_by(block_2, block_6)",block_2,block_6,1,1,1.0,1,1,0,0,8,3,1.0,0.007419,0.465766,1,1,163.994278,good,success,0,fallback_symbolic_effects,done,experiments/bt_selection_benchmark/results/bt_candidate_evaluations_v2_stacking_probe_with_sim.csv,v2_stacking_probe,v2_stacking_probe,v2_stacking_probe::state_003_t3::place_block2_on_block6
place_block2_on_block6,state_003_t3,3,unsafe_or_invalid_bt,unsafe_or_invalid_bt,experiments/bt_selection_benchmark/bt_candidates/place_block2_on_block6/unsafe_or_invalid_bt.json,place block_2 on block_6,"supported_by(block_2, block_6)",block_2,block_6,0,0,0.0,1,1,0,2,4,3,0.0,1.0,0.0,0,1,-33.0,bad,success,0,fallback_symbolic_effects,skipped,experiments/bt_selection_benchmark/results/bt_candidate_evaluations_v2_stacking_probe_with_sim.csv,v2_stacking_probe,v2_stacking_probe,v2_stacking_probe::state_003_t3::place_block2_on_block6
stack_block3_on_block1,state_003_t3,3,correct_bt,correct_bt,experiments/bt_selection_benchmark/bt_candidates/stack_block3_on_block1/correct_bt.json,stack block_3 on block_1,"supported_by(block_3, block_1)",block_3,block_1,1,0,1.0,1,1,0,0,6,3,1.0,0.079519,0.743227,0,1,63.718356,medium,success,0,fallback_symbolic_effects,done,experiments/bt_selection_benchmark/results/bt_candidate_evaluations_v2_stacking_probe_with_sim.csv,v2_stacking_probe,v2_stacking_probe,v2_stacking_probe::state_003_t3::stack_block3_on_block1
stack_block3_on_block1,state_003_t3,3,missing_precondition_bt,missing_precondition_bt,experiments/bt_selection_benchmark/bt_candidates/stack_block3_on_block1/missing_precondition_bt.json,stack block_3 on block_1,"supported_by(block_3, block_1)",block_3,block_1,1,0,1.0,1,1,0,0,5,3,0.5,0.084284,0.627138,0,1,54.402884,bad,success,0,fallback_symbolic_effects,done,experiments/bt_selection_benchmark/results/bt_candidate_evaluations_v2_stacking_probe_with_sim.csv,v2_stacking_probe,v2_stacking_probe,v2_stacking_probe::state_003_t3::stack_block3_on_block1
stack_block3_on_block1,state_003_t3,3,wrong_object_bt,wrong_object_bt,experiments/bt_selection_benchmark/bt_candidates/stack_block3_on_block1/wrong_object_bt.json,stack block_3 on block_1,"supported_by(block_3, block_1)",block_3,block_1,0,0,0.0,1,1,0,0,6,3,0.0,0.526196,0.711084,0,1,-30.684128,bad,success,0,fallback_symbolic_effects,done,experiments/bt_selection_benchmark/results/bt_candidate_evaluations_v2_stacking_probe_with_sim.csv,v2_stacking_probe,v2_stacking_probe,v2_stacking_probe::state_003_t3::stack_block3_on_block1
stack_block3_on_block1,state_003_t3,3,wrong_support_bt,wrong_support_bt,experiments/bt_selection_benchmark/bt_candidates/stack_block3_on_block1/wrong_support_bt.json,stack block_3 on block_1,"supported_by(block_3, block_1)",block_3,block_1,0,0,0.0,1,1,0,0,6,3,0.5,0.388433,0.655473,0,1,-19.195276,bad,success,0,fallback_symbolic_effects,done,experiments/bt_selection_benchmark/results/bt_candidate_evaluations_v2_stacking_probe_with_sim.csv,v2_stacking_probe,v2_stacking_probe,v2_stacking_probe::state_003_t3::stack_block3_on_block1
stack_block3_on_block1,state_003_t3,3,redundant_bt,redundant_bt,experiments/bt_selection_benchmark/bt_candidates/stack_block3_on_block1/redundant_bt.json,stack block_3 on block_1,"supported_by(block_3, block_1)",block_3,block_1,1,0,1.0,1,1,0,0,8,3,1.0,0.090179,0.579025,0,1,62.94016,medium,success,0,fallback_symbolic_effects,done,experiments/bt_selection_benchmark/results/bt_candidate_evaluations_v2_stacking_probe_with_sim.csv,v2_stacking_probe,v2_stacking_probe,v2_stacking_probe::state_003_t3::stack_block3_on_block1
stack_block3_on_block1,state_003_t3,3,unsafe_or_invalid_bt,unsafe_or_invalid_bt,experiments/bt_selection_benchmark/bt_candidates/stack_block3_on_block1/unsafe_or_invalid_bt.json,stack block_3 on block_1,"supported_by(block_3, block_1)",block_3,block_1,0,0,0.0,1,1,0,2,4,3,0.0,1.0,0.0,0,1,-33.0,bad,success,0,fallback_symbolic_effects,skipped,experiments/bt_selection_benchmark/results/bt_candidate_evaluations_v2_stacking_probe_with_sim.csv,v2_stacking_probe,v2_stacking_probe,v2_stacking_probe::state_003_t3::stack_block3_on_block1
stack_block1_on_block3,state_003_t3,3,correct_bt,correct_bt,experiments/bt_selection_benchmark/bt_candidates/stack_block1_on_block3/correct_bt.json,stack block_1 on block_3,"supported_by(block_1, block_3)",block_1,block_3,1,0,1.0,1,1,0,0,6,3,1.0,0.076446,0.671656,0,1,63.892228,medium,success,0,fallback_symbolic_effects,done,experiments/bt_selection_benchmark/results/bt_candidate_evaluations_v2_stacking_probe_with_sim.csv,v2_stacking_probe,v2_stacking_probe,v2_stacking_probe::state_003_t3::stack_block1_on_block3
stack_block1_on_block3,state_003_t3,3,missing_precondition_bt,missing_precondition_bt,experiments/bt_selection_benchmark/bt_candidates/stack_block1_on_block3/missing_precondition_bt.json,stack block_1 on block_3,"supported_by(block_1, block_3)",block_1,block_3,1,0,1.0,1,1,0,0,5,3,0.5,0.079787,0.580536,0,1,54.541058,bad,success,0,fallback_symbolic_effects,done,experiments/bt_selection_benchmark/results/bt_candidate_evaluations_v2_stacking_probe_with_sim.csv,v2_stacking_probe,v2_stacking_probe,v2_stacking_probe::state_003_t3::stack_block1_on_block3
stack_block1_on_block3,state_003_t3,3,wrong_object_bt,wrong_object_bt,experiments/bt_selection_benchmark/bt_candidates/stack_block1_on_block3/wrong_object_bt.json,stack block_1 on block_3,"supported_by(block_1, block_3)",block_1,block_3,0,0,0.0,1,1,0,0,6,3,0.0,0.560695,0.505145,0,1,-30.61724,bad,success,0,fallback_symbolic_effects,done,experiments/bt_selection_benchmark/results/bt_candidate_evaluations_v2_stacking_probe_with_sim.csv,v2_stacking_probe,v2_stacking_probe,v2_stacking_probe::state_003_t3::stack_block1_on_block3
stack_block1_on_block3,state_003_t3,3,wrong_support_bt,wrong_support_bt,experiments/bt_selection_benchmark/bt_candidates/stack_block1_on_block3/wrong_support_bt.json,stack block_1 on block_3,"supported_by(block_1, block_3)",block_1,block_3,0,0,0.0,1,1,0,0,6,3,0.5,0.417353,0.794577,0,1,-19.762684,bad,success,0,fallback_symbolic_effects,done,experiments/bt_selection_benchmark/results/bt_candidate_evaluations_v2_stacking_probe_with_sim.csv,v2_stacking_probe,v2_stacking_probe,v2_stacking_probe::state_003_t3::stack_block1_on_block3
stack_block1_on_block3,state_003_t3,3,redundant_bt,redundant_bt,experiments/bt_selection_benchmark/bt_candidates/stack_block1_on_block3/redundant_bt.json,stack block_1 on block_3,"supported_by(block_1, block_3)",block_1,block_3,1,0,1.0,1,1,0,0,8,3,1.0,0.083003,0.699876,0,1,62.770218,medium,success,0,fallback_symbolic_effects,done,experiments/bt_selection_benchmark/results/bt_candidate_evaluations_v2_stacking_probe_with_sim.csv,v2_stacking_probe,v2_stacking_probe,v2_stacking_probe::state_003_t3::stack_block1_on_block3
stack_block1_on_block3,state_003_t3,3,unsafe_or_invalid_bt,unsafe_or_invalid_bt,experiments/bt_selection_benchmark/bt_candidates/stack_block1_on_block3/unsafe_or_invalid_bt.json,stack block_1 on block_3,"supported_by(block_1, block_3)",block_1,block_3,0,0,0.0,1,1,0,2,4,3,0.0,1.0,0.0,0,1,-33.0,bad,success,0,fallback_symbolic_effects,skipped,experiments/bt_selection_benchmark/results/bt_candidate_evaluations_v2_stacking_probe_with_sim.csv,v2_stacking_probe,v2_stacking_probe,v2_stacking_probe::state_003_t3::stack_block1_on_block3
stack_block2_on_block1,state_003_t3,3,correct_bt,correct_bt,experiments/bt_selection_benchmark/bt_candidates/stack_block2_on_block1/correct_bt.json,stack block_2 on block_1,"supported_by(block_2, block_1)",block_2,block_1,1,0,1.0,1,1,0,0,6,3,1.0,0.083774,0.581771,0,1,63.998718,medium,success,0,fallback_symbolic_effects,done,experiments/bt_selection_benchmark/results/bt_candidate_evaluations_v2_stacking_probe_with_sim.csv,v2_stacking_probe,v2_stacking_probe,v2_stacking_probe::state_003_t3::stack_block2_on_block1
stack_block2_on_block1,state_003_t3,3,missing_precondition_bt,missing_precondition_bt,experiments/bt_selection_benchmark/bt_candidates/stack_block2_on_block1/missing_precondition_bt.json,stack block_2 on block_1,"supported_by(block_2, block_1)",block_2,block_1,1,0,1.0,1,1,0,0,5,3,0.5,0.083006,0.465845,0,1,54.73825,bad,success,0,fallback_symbolic_effects,done,experiments/bt_selection_benchmark/results/bt_candidate_evaluations_v2_stacking_probe_with_sim.csv,v2_stacking_probe,v2_stacking_probe,v2_stacking_probe::state_003_t3::stack_block2_on_block1
stack_block2_on_block1,state_003_t3,3,wrong_object_bt,wrong_object_bt,experiments/bt_selection_benchmark/bt_candidates/stack_block2_on_block1/wrong_object_bt.json,stack block_2 on block_1,"supported_by(block_2, block_1)",block_2,block_1,0,0,0.0,1,1,0,0,6,3,0.0,0.594083,0.471301,0,1,-30.883432,bad,success,0,fallback_symbolic_effects,done,experiments/bt_selection_benchmark/results/bt_candidate_evaluations_v2_stacking_probe_with_sim.csv,v2_stacking_probe,v2_stacking_probe,v2_stacking_probe::state_003_t3::stack_block2_on_block1
stack_block2_on_block1,state_003_t3,3,wrong_support_bt,wrong_support_bt,experiments/bt_selection_benchmark/bt_candidates/stack_block2_on_block1/wrong_support_bt.json,stack block_2 on block_1,"supported_by(block_2, block_1)",block_2,block_1,0,0,0.0,1,1,0,0,6,3,0.5,0.400671,0.49297,0,1,-18.99265,bad,success,0,fallback_symbolic_effects,done,experiments/bt_selection_benchmark/results/bt_candidate_evaluations_v2_stacking_probe_with_sim.csv,v2_stacking_probe,v2_stacking_probe,v2_stacking_probe::state_003_t3::stack_block2_on_block1
stack_block2_on_block1,state_003_t3,3,redundant_bt,redundant_bt,experiments/bt_selection_benchmark/bt_candidates/stack_block2_on_block1/redundant_bt.json,stack block_2 on block_1,"supported_by(block_2, block_1)",block_2,block_1,1,0,1.0,1,1,0,0,8,3,1.0,0.088254,0.521701,0,1,63.074058,medium,success,0,fallback_symbolic_effects,done,experiments/bt_selection_benchmark/results/bt_candidate_evaluations_v2_stacking_probe_with_sim.csv,v2_stacking_probe,v2_stacking_probe,v2_stacking_probe::state_003_t3::stack_block2_on_block1
stack_block2_on_block1,state_003_t3,3,unsafe_or_invalid_bt,unsafe_or_invalid_bt,experiments/bt_selection_benchmark/bt_candidates/stack_block2_on_block1/unsafe_or_invalid_bt.json,stack block_2 on block_1,"supported_by(block_2, block_1)",block_2,block_1,0,0,0.0,1,1,0,2,4,3,0.0,1.0,0.0,0,1,-33.0,bad,success,0,fallback_symbolic_effects,skipped,experiments/bt_selection_benchmark/results/bt_candidate_evaluations_v2_stacking_probe_with_sim.csv,v2_stacking_probe,v2_stacking_probe,v2_stacking_probe::state_003_t3::stack_block2_on_block1
stack_block4_on_block1,state_003_t3,3,correct_bt,correct_bt,experiments/bt_selection_benchmark/bt_candidates/stack_block4_on_block1/correct_bt.json,stack block_4 on block_1,"supported_by(block_4, block_1)",block_4,block_1,1,0,1.0,1,1,0,0,6,3,1.0,0.092593,0.597909,0,1,63.878252,medium,success,0,fallback_symbolic_effects,done,experiments/bt_selection_benchmark/results/bt_candidate_evaluations_v2_stacking_probe_with_sim.csv,v2_stacking_probe,v2_stacking_probe,v2_stacking_probe::state_003_t3::stack_block4_on_block1
stack_block4_on_block1,state_003_t3,3,missing_precondition_bt,missing_precondition_bt,experiments/bt_selection_benchmark/bt_candidates/stack_block4_on_block1/missing_precondition_bt.json,stack block_4 on block_1,"supported_by(block_4, block_1)",block_4,block_1,1,0,1.0,1,1,0,0,5,3,0.5,0.094379,0.729794,0,1,54.096622,bad,success,0,fallback_symbolic_effects,done,experiments/bt_selection_benchmark/results/bt_candidate_evaluations_v2_stacking_probe_with_sim.csv,v2_stacking_probe,v2_stacking_probe,v2_stacking_probe::state_003_t3::stack_block4_on_block1
stack_block4_on_block1,state_003_t3,3,wrong_object_bt,wrong_object_bt,experiments/bt_selection_benchmark/bt_candidates/stack_block4_on_block1/wrong_object_bt.json,stack block_4 on block_1,"supported_by(block_4, block_1)",block_4,block_1,0,0,0.0,1,1,0,0,6,3,0.0,0.516836,0.623605,0,1,-30.41557,bad,success,0,fallback_symbolic_effects,done,experiments/bt_selection_benchmark/results/bt_candidate_evaluations_v2_stacking_probe_with_sim.csv,v2_stacking_probe,v2_stacking_probe,v2_stacking_probe::state_003_t3::stack_block4_on_block1
stack_block4_on_block1,state_003_t3,3,wrong_support_bt,wrong_support_bt,experiments/bt_selection_benchmark/bt_candidates/stack_block4_on_block1/wrong_support_bt.json,stack block_4 on block_1,"supported_by(block_4, block_1)",block_4,block_1,0,0,0.0,1,1,0,0,6,3,0.5,0.386573,0.592926,0,1,-19.051582,bad,success,0,fallback_symbolic_effects,done,experiments/bt_selection_benchmark/results/bt_candidate_evaluations_v2_stacking_probe_with_sim.csv,v2_stacking_probe,v2_stacking_probe,v2_stacking_probe::state_003_t3::stack_block4_on_block1
stack_block4_on_block1,state_003_t3,3,redundant_bt,redundant_bt,experiments/bt_selection_benchmark/bt_candidates/stack_block4_on_block1/redundant_bt.json,stack block_4 on block_1,"supported_by(block_4, block_1)",block_4,block_1,1,0,1.0,1,1,0,0,8,3,1.0,0.080087,0.640943,0,1,62.917244,medium,success,0,fallback_symbolic_effects,done,experiments/bt_selection_benchmark/results/bt_candidate_evaluations_v2_stacking_probe_with_sim.csv,v2_stacking_probe,v2_stacking_probe,v2_stacking_probe::state_003_t3::stack_block4_on_block1
stack_block4_on_block1,state_003_t3,3,unsafe_or_invalid_bt,unsafe_or_invalid_bt,experiments/bt_selection_benchmark/bt_candidates/stack_block4_on_block1/unsafe_or_invalid_bt.json,stack block_4 on block_1,"supported_by(block_4, block_1)",block_4,block_1,0,0,0.0,1,1,0,2,4,3,0.0,1.0,0.0,0,1,-33.0,bad,success,0,fallback_symbolic_effects,skipped,experiments/bt_selection_benchmark/results/bt_candidate_evaluations_v2_stacking_probe_with_sim.csv,v2_stacking_probe,v2_stacking_probe,v2_stacking_probe::state_003_t3::stack_block4_on_block1
stack_block3_on_block2,state_003_t3,3,correct_bt,correct_bt,experiments/bt_selection_benchmark/bt_candidates/stack_block3_on_block2/correct_bt.json,stack block_3 on block_2,"supported_by(block_3, block_2)",block_3,block_2,1,0,1.0,1,1,0,0,6,3,1.0,0.07751,0.569608,0,1,64.085684,medium,success,0,fallback_symbolic_effects,done,experiments/bt_selection_benchmark/results/bt_candidate_evaluations_v2_stacking_probe_with_sim.csv,v2_stacking_probe,v2_stacking_probe,v2_stacking_probe::state_003_t3::stack_block3_on_block2
stack_block3_on_block2,state_003_t3,3,missing_precondition_bt,missing_precondition_bt,experiments/bt_selection_benchmark/bt_candidates/stack_block3_on_block2/missing_precondition_bt.json,stack block_3 on block_2,"supported_by(block_3, block_2)",block_3,block_2,1,0,1.0,1,1,0,0,5,3,0.5,0.069086,0.769281,0,1,54.270578,bad,success,0,fallback_symbolic_effects,done,experiments/bt_selection_benchmark/results/bt_candidate_evaluations_v2_stacking_probe_with_sim.csv,v2_stacking_probe,v2_stacking_probe,v2_stacking_probe::state_003_t3::stack_block3_on_block2
stack_block3_on_block2,state_003_t3,3,wrong_object_bt,wrong_object_bt,experiments/bt_selection_benchmark/bt_candidates/stack_block3_on_block2/wrong_object_bt.json,stack block_3 on block_2,"supported_by(block_3, block_2)",block_3,block_2,0,0,0.0,1,1,0,0,6,3,0.0,0.862428,0.559378,0,1,-33.743036,bad,success,0,fallback_symbolic_effects,done,experiments/bt_selection_benchmark/results/bt_candidate_evaluations_v2_stacking_probe_with_sim.csv,v2_stacking_probe,v2_stacking_probe,v2_stacking_probe::state_003_t3::stack_block3_on_block2
stack_block3_on_block2,state_003_t3,3,wrong_support_bt,wrong_support_bt,experiments/bt_selection_benchmark/bt_candidates/stack_block3_on_block2/wrong_support_bt.json,stack block_3 on block_2,"supported_by(block_3, block_2)",block_3,block_2,0,0,0.0,1,1,0,0,6,3,0.5,0.414349,0.614268,0,1,-19.372026,bad,success,0,fallback_symbolic_effects,done,experiments/bt_selection_benchmark/results/bt_candidate_evaluations_v2_stacking_probe_with_sim.csv,v2_stacking_probe,v2_stacking_probe,v2_stacking_probe::state_003_t3::stack_block3_on_block2
stack_block3_on_block2,state_003_t3,3,redundant_bt,redundant_bt,experiments/bt_selection_benchmark/bt_candidates/stack_block3_on_block2/redundant_bt.json,stack block_3 on block_2,"supported_by(block_3, block_2)",block_3,block_2,1,0,1.0,1,1,0,0,8,3,1.0,0.082704,0.745304,0,1,62.682352,medium,success,0,fallback_symbolic_effects,done,experiments/bt_selection_benchmark/results/bt_candidate_evaluations_v2_stacking_probe_with_sim.csv,v2_stacking_probe,v2_stacking_probe,v2_stacking_probe::state_003_t3::stack_block3_on_block2
stack_block3_on_block2,state_003_t3,3,unsafe_or_invalid_bt,unsafe_or_invalid_bt,experiments/bt_selection_benchmark/bt_candidates/stack_block3_on_block2/unsafe_or_invalid_bt.json,stack block_3 on block_2,"supported_by(block_3, block_2)",block_3,block_2,0,0,0.0,1,1,0,2,4,3,0.0,1.0,0.0,0,1,-33.0,bad,success,0,fallback_symbolic_effects,skipped,experiments/bt_selection_benchmark/results/bt_candidate_evaluations_v2_stacking_probe_with_sim.csv,v2_stacking_probe,v2_stacking_probe,v2_stacking_probe::state_003_t3::stack_block3_on_block2
place_block3_on_block5,state_004_t4,4,correct_bt,correct_bt,experiments/bt_selection_benchmark/bt_candidates/place_block3_on_block5/correct_bt.json,place block_3 on block_5,"supported_by(block_3, block_5)",block_3,block_5,1,1,1.0,1,1,0,0,6,3,1.0,0.001222,0.665408,1,1,164.656964,good,success,0,fallback_symbolic_effects,done,experiments/bt_selection_benchmark/results/bt_candidate_evaluations_v2_stacking_probe_with_sim.csv,v2_stacking_probe,v2_stacking_probe,v2_stacking_probe::state_004_t4::place_block3_on_block5
place_block3_on_block5,state_004_t4,4,missing_precondition_bt,missing_precondition_bt,experiments/bt_selection_benchmark/bt_candidates/place_block3_on_block5/missing_precondition_bt.json,place block_3 on block_5,"supported_by(block_3, block_5)",block_3,block_5,1,1,1.0,1,1,0,0,5,3,0.5,0.002412,0.727636,1,1,155.020608,good,success,0,fallback_symbolic_effects,done,experiments/bt_selection_benchmark/results/bt_candidate_evaluations_v2_stacking_probe_with_sim.csv,v2_stacking_probe,v2_stacking_probe,v2_stacking_probe::state_004_t4::place_block3_on_block5
place_block3_on_block5,state_004_t4,4,wrong_object_bt,wrong_object_bt,experiments/bt_selection_benchmark/bt_candidates/place_block3_on_block5/wrong_object_bt.json,place block_3 on block_5,"supported_by(block_3, block_5)",block_3,block_5,1,0,1.0,1,1,0,0,6,3,0.0,0.602339,0.706234,0,1,38.564142,bad,success,0,fallback_symbolic_effects,done,experiments/bt_selection_benchmark/results/bt_candidate_evaluations_v2_stacking_probe_with_sim.csv,v2_stacking_probe,v2_stacking_probe,v2_stacking_probe::state_004_t4::place_block3_on_block5
place_block3_on_block5,state_004_t4,4,wrong_support_bt,wrong_support_bt,experiments/bt_selection_benchmark/bt_candidates/place_block3_on_block5/wrong_support_bt.json,place block_3 on block_5,"supported_by(block_3, block_5)",block_3,block_5,1,0,1.0,1,1,0,0,6,3,0.5,0.454268,0.552526,0,1,50.352268,bad,success,0,fallback_symbolic_effects,done,experiments/bt_selection_benchmark/results/bt_candidate_evaluations_v2_stacking_probe_with_sim.csv,v2_stacking_probe,v2_stacking_probe,v2_stacking_probe::state_004_t4::place_block3_on_block5
place_block3_on_block5,state_004_t4,4,redundant_bt,redundant_bt,experiments/bt_selection_benchmark/bt_candidates/place_block3_on_block5/redundant_bt.json,place block_3 on block_5,"supported_by(block_3, block_5)",block_3,block_5,1,1,1.0,1,1,0,0,8,3,1.0,2.1e-05,0.737757,1,1,163.524276,good,success,0,fallback_symbolic_effects,done,experiments/bt_selection_benchmark/results/bt_candidate_evaluations_v2_stacking_probe_with_sim.csv,v2_stacking_probe,v2_stacking_probe,v2_stacking_probe::state_004_t4::place_block3_on_block5
place_block3_on_block5,state_004_t4,4,unsafe_or_invalid_bt,unsafe_or_invalid_bt,experiments/bt_selection_benchmark/bt_candidates/place_block3_on_block5/unsafe_or_invalid_bt.json,place block_3 on block_5,"supported_by(block_3, block_5)",block_3,block_5,1,0,1.0,1,1,0,2,4,3,0.0,0.0,0.0,0,1,47.0,bad,success,0,fallback_symbolic_effects,skipped,experiments/bt_selection_benchmark/results/bt_candidate_evaluations_v2_stacking_probe_with_sim.csv,v2_stacking_probe,v2_stacking_probe,v2_stacking_probe::state_004_t4::place_block3_on_block5
place_block1_on_block5,state_004_t4,4,correct_bt,correct_bt,experiments/bt_selection_benchmark/bt_candidates/place_block1_on_block5/correct_bt.json,place block_1 on block_5,"supported_by(block_1, block_5)",block_1,block_5,1,1,1.0,1,1,0,0,6,3,1.0,0.00249,0.663793,1,1,164.647514,good,success,0,fallback_symbolic_effects,done,experiments/bt_selection_benchmark/results/bt_candidate_evaluations_v2_stacking_probe_with_sim.csv,v2_stacking_probe,v2_stacking_probe,v2_stacking_probe::state_004_t4::place_block1_on_block5
place_block1_on_block5,state_004_t4,4,missing_precondition_bt,missing_precondition_bt,experiments/bt_selection_benchmark/bt_candidates/place_block1_on_block5/missing_precondition_bt.json,place block_1 on block_5,"supported_by(block_1, block_5)",block_1,block_5,1,1,1.0,1,1,0,0,5,3,0.5,0.001627,0.571318,1,1,155.341094,good,success,0,fallback_symbolic_effects,done,experiments/bt_selection_benchmark/results/bt_candidate_evaluations_v2_stacking_probe_with_sim.csv,v2_stacking_probe,v2_stacking_probe,v2_stacking_probe::state_004_t4::place_block1_on_block5
place_block1_on_block5,state_004_t4,4,wrong_object_bt,wrong_object_bt,experiments/bt_selection_benchmark/bt_candidates/place_block1_on_block5/wrong_object_bt.json,place block_1 on block_5,"supported_by(block_1, block_5)",block_1,block_5,1,0,1.0,1,1,0,0,6,3,0.0,0.563811,0.530902,0,1,39.300086,bad,success,0,fallback_symbolic_effects,done,experiments/bt_selection_benchmark/results/bt_candidate_evaluations_v2_stacking_probe_with_sim.csv,v2_stacking_probe,v2_stacking_probe,v2_stacking_probe::state_004_t4::place_block1_on_block5
place_block1_on_block5,state_004_t4,4,wrong_support_bt,wrong_support_bt,experiments/bt_selection_benchmark/bt_candidates/place_block1_on_block5/wrong_support_bt.json,place block_1 on block_5,"supported_by(block_1, block_5)",block_1,block_5,1,0,1.0,1,1,0,0,6,3,0.5,0.453751,0.613557,0,1,50.235376,bad,success,0,fallback_symbolic_effects,done,experiments/bt_selection_benchmark/results/bt_candidate_evaluations_v2_stacking_probe_with_sim.csv,v2_stacking_probe,v2_stacking_probe,v2_stacking_probe::state_004_t4::place_block1_on_block5
place_block1_on_block5,state_004_t4,4,redundant_bt,redundant_bt,experiments/bt_selection_benchmark/bt_candidates/place_block1_on_block5/redundant_bt.json,place block_1 on block_5,"supported_by(block_1, block_5)",block_1,block_5,1,1,1.0,1,1,0,0,8,3,1.0,0.003679,0.712529,1,1,163.538152,good,success,0,fallback_symbolic_effects,done,experiments/bt_selection_benchmark/results/bt_candidate_evaluations_v2_stacking_probe_with_sim.csv,v2_stacking_probe,v2_stacking_probe,v2_stacking_probe::state_004_t4::place_block1_on_block5
place_block1_on_block5,state_004_t4,4,unsafe_or_invalid_bt,unsafe_or_invalid_bt,experiments/bt_selection_benchmark/bt_candidates/place_block1_on_block5/unsafe_or_invalid_bt.json,place block_1 on block_5,"supported_by(block_1, block_5)",block_1,block_5,1,0,1.0,1,1,0,2,4,3,0.0,0.0,0.0,0,1,47.0,bad,success,0,fallback_symbolic_effects,skipped,experiments/bt_selection_benchmark/results/bt_candidate_evaluations_v2_stacking_probe_with_sim.csv,v2_stacking_probe,v2_stacking_probe,v2_stacking_probe::state_004_t4::place_block1_on_block5
place_block2_on_block6,state_004_t4,4,correct_bt,correct_bt,experiments/bt_selection_benchmark/bt_candidates/place_block2_on_block6/correct_bt.json,place block_2 on block_6,"supported_by(block_2, block_6)",block_2,block_6,1,1,1.0,1,1,0,0,6,3,1.0,0.007626,0.50186,1,1,164.92002,good,success,0,fallback_symbolic_effects,done,experiments/bt_selection_benchmark/results/bt_candidate_evaluations_v2_stacking_probe_with_sim.csv,v2_stacking_probe,v2_stacking_probe,v2_stacking_probe::state_004_t4::place_block2_on_block6
place_block2_on_block6,state_004_t4,4,missing_precondition_bt,missing_precondition_bt,experiments/bt_selection_benchmark/bt_candidates/place_block2_on_block6/missing_precondition_bt.json,place block_2 on block_6,"supported_by(block_2, block_6)",block_2,block_6,1,1,1.0,1,1,0,0,5,3,0.5,0.002066,0.604492,1,1,155.270356,good,success,0,fallback_symbolic_effects,done,experiments/bt_selection_benchmark/results/bt_candidate_evaluations_v2_stacking_probe_with_sim.csv,v2_stacking_probe,v2_stacking_probe,v2_stacking_probe::state_004_t4::place_block2_on_block6
place_block2_on_block6,state_004_t4,4,wrong_object_bt,wrong_object_bt,experiments/bt_selection_benchmark/bt_candidates/place_block2_on_block6/wrong_object_bt.json,place block_2 on block_6,"supported_by(block_2, block_6)",block_2,block_6,0,0,0.0,1,1,0,0,6,3,0.0,0.910651,0.68747,0,1,-34.48145,bad,success,0,fallback_symbolic_effects,done,experiments/bt_selection_benchmark/results/bt_candidate_evaluations_v2_stacking_probe_with_sim.csv,v2_stacking_probe,v2_stacking_probe,v2_stacking_probe::state_004_t4::place_block2_on_block6
place_block2_on_block6,state_004_t4,4,wrong_support_bt,wrong_support_bt,experiments/bt_selection_benchmark/bt_candidates/place_block2_on_block6/wrong_support_bt.json,place block_2 on block_6,"supported_by(block_2, block_6)",block_2,block_6,0,0,0.0,1,1,0,0,6,3,0.5,0.465654,0.493802,0,1,-19.644144,bad,success,0,fallback_symbolic_effects,done,experiments/bt_selection_benchmark/results/bt_candidate_evaluations_v2_stacking_probe_with_sim.csv,v2_stacking_probe,v2_stacking_probe,v2_stacking_probe::state_004_t4::place_block2_on_block6
place_block2_on_block6,state_004_t4,4,redundant_bt,redundant_bt,experiments/bt_selection_benchmark/bt_candidates/place_block2_on_block6/redundant_bt.json,place block_2 on block_6,"supported_by(block_2, block_6)",block_2,block_6,1,1,1.0,1,1,0,0,8,3,1.0,0.005099,0.681261,1,1,163.586488,good,success,0,fallback_symbolic_effects,done,experiments/bt_selection_benchmark/results/bt_candidate_evaluations_v2_stacking_probe_with_sim.csv,v2_stacking_probe,v2_stacking_probe,v2_stacking_probe::state_004_t4::place_block2_on_block6
place_block2_on_block6,state_004_t4,4,unsafe_or_invalid_bt,unsafe_or_invalid_bt,experiments/bt_selection_benchmark/bt_candidates/place_block2_on_block6/unsafe_or_invalid_bt.json,place block_2 on block_6,"supported_by(block_2, block_6)",block_2,block_6,0,0,0.0,1,1,0,2,4,3,0.0,1.0,0.0,0,1,-33.0,bad,success,0,fallback_symbolic_effects,skipped,experiments/bt_selection_benchmark/results/bt_candidate_evaluations_v2_stacking_probe_with_sim.csv,v2_stacking_probe,v2_stacking_probe,v2_stacking_probe::state_004_t4::place_block2_on_block6
stack_block3_on_block1,state_004_t4,4,correct_bt,correct_bt,experiments/bt_selection_benchmark/bt_candidates/stack_block3_on_block1/correct_bt.json,stack block_3 on block_1,"supported_by(block_3, block_1)",block_3,block_1,1,0,1.0,1,1,0,0,6,3,1.0,0.088703,0.660276,0,1,63.792418,medium,success,0,fallback_symbolic_effects,done,experiments/bt_selection_benchmark/results/bt_candidate_evaluations_v2_stacking_probe_with_sim.csv,v2_stacking_probe,v2_stacking_probe,v2_stacking_probe::state_004_t4::stack_block3_on_block1
stack_block3_on_block1,state_004_t4,4,missing_precondition_bt,missing_precondition_bt,experiments/bt_selection_benchmark/bt_candidates/stack_block3_on_block1/missing_precondition_bt.json,stack block_3 on block_1,"supported_by(block_3, block_1)",block_3,block_1,1,0,1.0,1,1,0,0,5,3,0.5,0.089994,0.57727,0,1,54.44552,bad,success,0,fallback_symbolic_effects,done,experiments/bt_selection_benchmark/results/bt_candidate_evaluations_v2_stacking_probe_with_sim.csv,v2_stacking_probe,v2_stacking_probe,v2_stacking_probe::state_004_t4::stack_block3_on_block1
stack_block3_on_block1,state_004_t4,4,wrong_object_bt,wrong_object_bt,experiments/bt_selection_benchmark/bt_candidates/stack_block3_on_block1/wrong_object_bt.json,stack block_3 on block_1,"supported_by(block_3, block_1)",block_3,block_1,0,0,0.0,1,1,0,0,6,3,0.0,0.595214,0.589774,0,1,-31.131688,bad,success,0,fallback_symbolic_effects,done,experiments/bt_selection_benchmark/results/bt_candidate_evaluations_v2_stacking_probe_with_sim.csv,v2_stacking_probe,v2_stacking_probe,v2_stacking_probe::state_004_t4::stack_block3_on_block1
stack_block3_on_block1,state_004_t4,4,wrong_support_bt,wrong_support_bt,experiments/bt_selection_benchmark/bt_candidates/stack_block3_on_block1/wrong_support_bt.json,stack block_3 on block_1,"supported_by(block_3, block_1)",block_3,block_1,0,0,0.0,1,1,0,0,6,3,0.5,0.39009,0.558824,0,1,-19.018548,bad,success,0,fallback_symbolic_effects,done,experiments/bt_selection_benchmark/results/bt_candidate_evaluations_v2_stacking_probe_with_sim.csv,v2_stacking_probe,v2_stacking_probe,v2_stacking_probe::state_004_t4::stack_block3_on_block1
stack_block3_on_block1,state_004_t4,4,redundant_bt,redundant_bt,experiments/bt_selection_benchmark/bt_candidates/stack_block3_on_block1/redundant_bt.json,stack block_3 on block_1,"supported_by(block_3, block_1)",block_3,block_1,1,0,1.0,1,1,0,0,8,3,1.0,0.078625,0.746227,0,1,62.721296,medium,success,0,fallback_symbolic_effects,done,experiments/bt_selection_benchmark/results/bt_candidate_evaluations_v2_stacking_probe_with_sim.csv,v2_stacking_probe,v2_stacking_probe,v2_stacking_probe::state_004_t4::stack_block3_on_block1
stack_block3_on_block1,state_004_t4,4,unsafe_or_invalid_bt,unsafe_or_invalid_bt,experiments/bt_selection_benchmark/bt_candidates/stack_block3_on_block1/unsafe_or_invalid_bt.json,stack block_3 on block_1,"supported_by(block_3, block_1)",block_3,block_1,0,0,0.0,1,1,0,2,4,3,0.0,1.0,0.0,0,1,-33.0,bad,success,0,fallback_symbolic_effects,skipped,experiments/bt_selection_benchmark/results/bt_candidate_evaluations_v2_stacking_probe_with_sim.csv,v2_stacking_probe,v2_stacking_probe,v2_stacking_probe::state_004_t4::stack_block3_on_block1
stack_block1_on_block3,state_004_t4,4,correct_bt,correct_bt,experiments/bt_selection_benchmark/bt_candidates/stack_block1_on_block3/correct_bt.json,stack block_1 on block_3,"supported_by(block_1, block_3)",block_1,block_3,1,0,1.0,1,1,0,0,6,3,1.0,0.074804,0.603875,0,1,64.04421,medium,success,0,fallback_symbolic_effects,done,experiments/bt_selection_benchmark/results/bt_candidate_evaluations_v2_stacking_probe_with_sim.csv,v2_stacking_probe,v2_stacking_probe,v2_stacking_probe::state_004_t4::stack_block1_on_block3
stack_block1_on_block3,state_004_t4,4,missing_precondition_bt,missing_precondition_bt,experiments/bt_selection_benchmark/bt_candidates/stack_block1_on_block3/missing_precondition_bt.json,stack block_1 on block_3,"supported_by(block_1, block_3)",block_1,block_3,1,0,1.0,1,1,0,0,5,3,0.5,0.08266,0.721041,0,1,54.231318,bad,success,0,fallback_symbolic_effects,done,experiments/bt_selection_benchmark/results/bt_candidate_evaluations_v2_stacking_probe_with_sim.csv,v2_stacking_probe,v2_stacking_probe,v2_stacking_probe::state_004_t4::stack_block1_on_block3
stack_block1_on_block3,state_004_t4,4,wrong_object_bt,wrong_object_bt,experiments/bt_selection_benchmark/bt_candidates/stack_block1_on_block3/wrong_object_bt.json,stack block_1 on block_3,"supported_by(block_1, block_3)",block_1,block_3,0,0,0.0,1,1,0,0,6,3,0.0,0.746157,0.626307,0,1,-32.714184,bad,success,0,fallback_symbolic_effects,done,experiments/bt_selection_benchmark/results/bt_candidate_evaluations_v2_stacking_probe_with_sim.csv,v2_stacking_probe,v2_stacking_probe,v2_stacking_probe::state_004_t4::stack_block1_on_block3
stack_block1_on_block3,state_004_t4,4,wrong_support_bt,wrong_support_bt,experiments/bt_selection_benchmark/bt_candidates/stack_block1_on_block3/wrong_support_bt.json,stack block_1 on block_3,"supported_by(block_1, block_3)",block_1,block_3,0,0,0.0,1,1,0,0,6,3,0.5,0.414196,0.722148,0,1,-19.586256,bad,success,0,fallback_symbolic_effects,done,experiments/bt_selection_benchmark/results/bt_candidate_evaluations_v2_stacking_probe_with_sim.csv,v2_stacking_probe,v2_stacking_probe,v2_stacking_probe::state_004_t4::stack_block1_on_block3
stack_block1_on_block3,state_004_t4,4,redundant_bt,redundant_bt,experiments/bt_selection_benchmark/bt_candidates/stack_block1_on_block3/redundant_bt.json,stack block_1 on block_3,"supported_by(block_1, block_3)",block_1,block_3,1,0,1.0,1,1,0,0,8,3,1.0,0.078993,0.777038,0,1,62.655994,medium,success,0,fallback_symbolic_effects,done,experiments/bt_selection_benchmark/results/bt_candidate_evaluations_v2_stacking_probe_with_sim.csv,v2_stacking_probe,v2_stacking_probe,v2_stacking_probe::state_004_t4::stack_block1_on_block3
stack_block1_on_block3,state_004_t4,4,unsafe_or_invalid_bt,unsafe_or_invalid_bt,experiments/bt_selection_benchmark/bt_candidates/stack_block1_on_block3/unsafe_or_invalid_bt.json,stack block_1 on block_3,"supported_by(block_1, block_3)",block_1,block_3,0,0,0.0,1,1,0,2,4,3,0.0,1.0,0.0,0,1,-33.0,bad,success,0,fallback_symbolic_effects,skipped,experiments/bt_selection_benchmark/results/bt_candidate_evaluations_v2_stacking_probe_with_sim.csv,v2_stacking_probe,v2_stacking_probe,v2_stacking_probe::state_004_t4::stack_block1_on_block3
stack_block2_on_block1,state_004_t4,4,correct_bt,correct_bt,experiments/bt_selection_benchmark/bt_candidates/stack_block2_on_block1/correct_bt.json,stack block_2 on block_1,"supported_by(block_2, block_1)",block_2,block_1,1,0,1.0,1,1,0,0,6,3,1.0,0.082461,0.720827,0,1,63.733736,medium,success,0,fallback_symbolic_effects,done,experiments/bt_selection_benchmark/results/bt_candidate_evaluations_v2_stacking_probe_with_sim.csv,v2_stacking_probe,v2_stacking_probe,v2_stacking_probe::state_004_t4::stack_block2_on_block1
stack_block2_on_block1,state_004_t4,4,missing_precondition_bt,missing_precondition_bt,experiments/bt_selection_benchmark/bt_candidates/stack_block2_on_block1/missing_precondition_bt.json,stack block_2 on block_1,"supported_by(block_2, block_1)",block_2,block_1,1,0,1.0,1,1,0,0,5,3,0.5,0.090148,0.541335,0,1,54.51585,bad,success,0,fallback_symbolic_effects,done,experiments/bt_selection_benchmark/results/bt_candidate_evaluations_v2_stacking_probe_with_sim.csv,v2_stacking_probe,v2_stacking_probe,v2_stacking_probe::state_004_t4::stack_block2_on_block1
stack_block2_on_block1,state_004_t4,4,wrong_object_bt,wrong_object_bt,experiments/bt_selection_benchmark/bt_candidates/stack_block2_on_block1/wrong_object_bt.json,stack block_2 on block_1,"supported_by(block_2, block_1)",block_2,block_1,0,0,0.0,1,1,0,0,6,3,0.0,0.604891,0.520361,0,1,-31.089632,bad,success,0,fallback_symbolic_effects,done,experiments/bt_selection_benchmark/results/bt_candidate_evaluations_v2_stacking_probe_with_sim.csv,v2_stacking_probe,v2_stacking_probe,v2_stacking_probe::state_004_t4::stack_block2_on_block1
stack_block2_on_block1,state_004_t4,4,wrong_support_bt,wrong_support_bt,experiments/bt_selection_benchmark/bt_candidates/stack_block2_on_block1/wrong_support_bt.json,stack block_2 on block_1,"supported_by(block_2, block_1)",block_2,block_1,0,0,0.0,1,1,0,0,6,3,0.5,0.393011,0.609525,0,1,-19.14916,bad,success,0,fallback_symbolic_effects,done,experiments/bt_selection_benchmark/results/bt_candidate_evaluations_v2_stacking_probe_with_sim.csv,v2_stacking_probe,v2_stacking_probe,v2_stacking_probe::state_004_t4::stack_block2_on_block1
stack_block2_on_block1,state_004_t4,4,redundant_bt,redundant_bt,experiments/bt_selection_benchmark/bt_candidates/stack_block2_on_block1/redundant_bt.json,stack block_2 on block_1,"supported_by(block_2, block_1)",block_2,block_1,1,0,1.0,1,1,0,0,8,3,1.0,0.083466,0.632128,0,1,62.901084,medium,success,0,fallback_symbolic_effects,done,experiments/bt_selection_benchmark/results/bt_candidate_evaluations_v2_stacking_probe_with_sim.csv,v2_stacking_probe,v2_stacking_probe,v2_stacking_probe::state_004_t4::stack_block2_on_block1
stack_block2_on_block1,state_004_t4,4,unsafe_or_invalid_bt,unsafe_or_invalid_bt,experiments/bt_selection_benchmark/bt_candidates/stack_block2_on_block1/unsafe_or_invalid_bt.json,stack block_2 on block_1,"supported_by(block_2, block_1)",block_2,block_1,0,0,0.0,1,1,0,2,4,3,0.0,1.0,0.0,0,1,-33.0,bad,success,0,fallback_symbolic_effects,skipped,experiments/bt_selection_benchmark/results/bt_candidate_evaluations_v2_stacking_probe_with_sim.csv,v2_stacking_probe,v2_stacking_probe,v2_stacking_probe::state_004_t4::stack_block2_on_block1
stack_block4_on_block1,state_004_t4,4,correct_bt,correct_bt,experiments/bt_selection_benchmark/bt_candidates/stack_block4_on_block1/correct_bt.json,stack block_4 on block_1,"supported_by(block_4, block_1)",block_4,block_1,1,0,1.0,1,1,0,0,6,3,1.0,0.094027,0.668284,0,1,63.723162,medium,success,0,fallback_symbolic_effects,done,experiments/bt_selection_benchmark/results/bt_candidate_evaluations_v2_stacking_probe_with_sim.csv,v2_stacking_probe,v2_stacking_probe,v2_stacking_probe::state_004_t4::stack_block4_on_block1
stack_block4_on_block1,state_004_t4,4,missing_precondition_bt,missing_precondition_bt,experiments/bt_selection_benchmark/bt_candidates/stack_block4_on_block1/missing_precondition_bt.json,stack block_4 on block_1,"supported_by(block_4, block_1)",block_4,block_1,1,0,1.0,1,1,0,0,5,3,0.5,0.07988,0.653976,0,1,54.393248,bad,success,0,fallback_symbolic_effects,done,experiments/bt_selection_benchmark/results/bt_candidate_evaluations_v2_stacking_probe_with_sim.csv,v2_stacking_probe,v2_stacking_probe,v2_stacking_probe::state_004_t4::stack_block4_on_block1
stack_block4_on_block1,state_004_t4,4,wrong_object_bt,wrong_object_bt,experiments/bt_selection_benchmark/bt_candidates/stack_block4_on_block1/wrong_object_bt.json,stack block_4 on block_1,"supported_by(block_4, block_1)",block_4,block_1,0,0,0.0,1,1,0,0,6,3,0.0,0.555008,0.546776,0,1,-30.643632,bad,success,0,fallback_symbolic_effects,done,experiments/bt_selection_benchmark/results/bt_candidate_evaluations_v2_stacking_probe_with_sim.csv,v2_stacking_probe,v2_stacking_probe,v2_stacking_probe::state_004_t4::stack_block4_on_block1
stack_block4_on_block1,state_004_t4,4,wrong_support_bt,wrong_support_bt,experiments/bt_selection_benchmark/bt_candidates/stack_block4_on_block1/wrong_support_bt.json,stack block_4 on block_1,"supported_by(block_4, block_1)",block_4,block_1,0,0,0.0,1,1,0,0,6,3,0.5,0.399112,0.602266,0,1,-19.195652,bad,success,0,fallback_symbolic_effects,done,experiments/bt_selection_benchmark/results/bt_candidate_evaluations_v2_stacking_probe_with_sim.csv,v2_stacking_probe,v2_stacking_probe,v2_stacking_probe::state_004_t4::stack_block4_on_block1
stack_block4_on_block1,state_004_t4,4,redundant_bt,redundant_bt,experiments/bt_selection_benchmark/bt_candidates/stack_block4_on_block1/redundant_bt.json,stack block_4 on block_1,"supported_by(block_4, block_1)",block_4,block_1,1,0,1.0,1,1,0,0,8,3,1.0,0.082096,0.598548,0,1,62.981944,medium,success,0,fallback_symbolic_effects,done,experiments/bt_selection_benchmark/results/bt_candidate_evaluations_v2_stacking_probe_with_sim.csv,v2_stacking_probe,v2_stacking_probe,v2_stacking_probe::state_004_t4::stack_block4_on_block1
stack_block4_on_block1,state_004_t4,4,unsafe_or_invalid_bt,unsafe_or_invalid_bt,experiments/bt_selection_benchmark/bt_candidates/stack_block4_on_block1/unsafe_or_invalid_bt.json,stack block_4 on block_1,"supported_by(block_4, block_1)",block_4,block_1,0,0,0.0,1,1,0,2,4,3,0.0,1.0,0.0,0,1,-33.0,bad,success,0,fallback_symbolic_effects,skipped,experiments/bt_selection_benchmark/results/bt_candidate_evaluations_v2_stacking_probe_with_sim.csv,v2_stacking_probe,v2_stacking_probe,v2_stacking_probe::state_004_t4::stack_block4_on_block1
stack_block3_on_block2,state_004_t4,4,correct_bt,correct_bt,experiments/bt_selection_benchmark/bt_candidates/stack_block3_on_block2/correct_bt.json,stack block_3 on block_2,"supported_by(block_3, block_2)",block_3,block_2,1,0,1.0,1,1,0,0,6,3,1.0,0.075647,0.611332,0,1,64.020866,medium,success,0,fallback_symbolic_effects,done,experiments/bt_selection_benchmark/results/bt_candidate_evaluations_v2_stacking_probe_with_sim.csv,v2_stacking_probe,v2_stacking_probe,v2_stacking_probe::state_004_t4::stack_block3_on_block2
stack_block3_on_block2,state_004_t4,4,missing_precondition_bt,missing_precondition_bt,experiments/bt_selection_benchmark/bt_candidates/stack_block3_on_block2/missing_precondition_bt.json,stack block_3 on block_2,"supported_by(block_3, block_2)",block_3,block_2,1,0,1.0,1,1,0,0,5,3,0.5,0.068148,0.675911,0,1,54.466698,bad,success,0,fallback_symbolic_effects,done,experiments/bt_selection_benchmark/results/bt_candidate_evaluations_v2_stacking_probe_with_sim.csv,v2_stacking_probe,v2_stacking_probe,v2_stacking_probe::state_004_t4::stack_block3_on_block2
stack_block3_on_block2,state_004_t4,4,wrong_object_bt,wrong_object_bt,experiments/bt_selection_benchmark/bt_candidates/stack_block3_on_block2/wrong_object_bt.json,stack block_3 on block_2,"supported_by(block_3, block_2)",block_3,block_2,0,0,0.0,1,1,0,0,6,3,0.0,0.647296,0.53167,0,1,-31.5363,bad,success,0,fallback_symbolic_effects,done,experiments/bt_selection_benchmark/results/bt_candidate_evaluations_v2_stacking_probe_with_sim.csv,v2_stacking_probe,v2_stacking_probe,v2_stacking_probe::state_004_t4::stack_block3_on_block2
stack_block3_on_block2,state_004_t4,4,wrong_support_bt,wrong_support_bt,experiments/bt_selection_benchmark/bt_candidates/stack_block3_on_block2/wrong_support_bt.json,stack block_3 on block_2,"supported_by(block_3, block_2)",block_3,block_2,0,0,0.0,1,1,0,0,6,3,0.5,0.42213,0.583602,0,1,-19.388504,bad,success,0,fallback_symbolic_effects,done,experiments/bt_selection_benchmark/results/bt_candidate_evaluations_v2_stacking_probe_with_sim.csv,v2_stacking_probe,v2_stacking_probe,v2_stacking_probe::state_004_t4::stack_block3_on_block2
stack_block3_on_block2,state_004_t4,4,redundant_bt,redundant_bt,experiments/bt_selection_benchmark/bt_candidates/stack_block3_on_block2/redundant_bt.json,stack block_3 on block_2,"supported_by(block_3, block_2)",block_3,block_2,1,0,1.0,1,1,0,0,8,3,1.0,0.07614,0.535742,0,1,63.167116,medium,success,0,fallback_symbolic_effects,done,experiments/bt_selection_benchmark/results/bt_candidate_evaluations_v2_stacking_probe_with_sim.csv,v2_stacking_probe,v2_stacking_probe,v2_stacking_probe::state_004_t4::stack_block3_on_block2
stack_block3_on_block2,state_004_t4,4,unsafe_or_invalid_bt,unsafe_or_invalid_bt,experiments/bt_selection_benchmark/bt_candidates/stack_block3_on_block2/unsafe_or_invalid_bt.json,stack block_3 on block_2,"supported_by(block_3, block_2)",block_3,block_2,0,0,0.0,1,1,0,2,4,3,0.0,1.0,0.0,0,1,-33.0,bad,success,0,fallback_symbolic_effects,skipped,experiments/bt_selection_benchmark/results/bt_candidate_evaluations_v2_stacking_probe_with_sim.csv,v2_stacking_probe,v2_stacking_probe,v2_stacking_probe::state_004_t4::stack_block3_on_block2
place_block3_on_block5,state_000_t0,0,correct_bt,correct_bt,experiments/bt_selection_benchmark/bt_candidates_v2b_physical_strategy/place_block3_on_block5/correct_bt.json,place block_3 on block_5,"supported_by(block_3, block_5)",block_3,block_5,1,1,1.0,1,1,0,0,6,3,1.0,0.004962,0.508885,1,1,164.93261,good,success,0,fallback_symbolic_effects,done,experiments/bt_selection_benchmark/results/bt_candidate_evaluations_v2b_physical_strategy_with_sim.csv,v2b_physical_strategy,v2b_physical_strategy,v2b_physical_strategy::state_000_t0::place_block3_on_block5
place_block3_on_block5,state_000_t0,0,center_place_bt,center_place_bt,experiments/bt_selection_benchmark/bt_candidates_v2b_physical_strategy/place_block3_on_block5/center_place_bt.json,place block_3 on block_5,"supported_by(block_3, block_5)",block_3,block_5,1,1,1.0,1,1,0,0,6,3,1.0,0.004258,0.303323,1,1,165.350774,good,success,0,fallback_symbolic_effects,done,experiments/bt_selection_benchmark/results/bt_candidate_evaluations_v2b_physical_strategy_with_sim.csv,v2b_physical_strategy,v2b_physical_strategy,v2b_physical_strategy::state_000_t0::place_block3_on_block5
place_block3_on_block5,state_000_t0,0,edge_place_bt,edge_place_bt,experiments/bt_selection_benchmark/bt_candidates_v2b_physical_strategy/place_block3_on_block5/edge_place_bt.json,place block_3 on block_5,"supported_by(block_3, block_5)",block_3,block_5,1,1,1.0,1,1,0,0,6,3,1.0,0.003238,0.497468,1,1,164.972684,good,success,0,fallback_symbolic_effects,done,experiments/bt_selection_benchmark/results/bt_candidate_evaluations_v2b_physical_strategy_with_sim.csv,v2b_physical_strategy,v2b_physical_strategy,v2b_physical_strategy::state_000_t0::place_block3_on_block5
place_block3_on_block5,state_000_t0,0,corner_place_bt,corner_place_bt,experiments/bt_selection_benchmark/bt_candidates_v2b_physical_strategy/place_block3_on_block5/corner_place_bt.json,place block_3 on block_5,"supported_by(block_3, block_5)",block_3,block_5,1,1,1.0,1,1,0,0,6,3,1.0,0.004224,0.434865,1,1,165.08803,good,success,0,fallback_symbolic_effects,done,experiments/bt_selection_benchmark/results/bt_candidate_evaluations_v2b_physical_strategy_with_sim.csv,v2b_physical_strategy,v2b_physical_strategy,v2b_physical_strategy::state_000_t0::place_block3_on_block5
place_block3_on_block5,state_000_t0,0,over_edge_bt,over_edge_bt,experiments/bt_selection_benchmark/bt_candidates_v2b_physical_strategy/place_block3_on_block5/over_edge_bt.json,place block_3 on block_5,"supported_by(block_3, block_5)",block_3,block_5,1,0,1.0,1,1,0,0,6,3,1.0,0.376691,0.541577,0,1,61.149936,medium,success,0,fallback_symbolic_effects,done,experiments/bt_selection_benchmark/results/bt_candidate_evaluations_v2b_physical_strategy_with_sim.csv,v2b_physical_strategy,v2b_physical_strategy,v2b_physical_strategy::state_000_t0::place_block3_on_block5
place_block3_on_block5,state_000_t0,0,far_offset_bt,far_offset_bt,experiments/bt_selection_benchmark/bt_candidates_v2b_physical_strategy/place_block3_on_block5/far_offset_bt.json,place block_3 on block_5,"supported_by(block_3, block_5)",block_3,block_5,1,0,1.0,1,1,0,0,6,3,1.0,0.37528,0.485964,0,1,61.275272,medium,success,0,fallback_symbolic_effects,done,experiments/bt_selection_benchmark/results/bt_candidate_evaluations_v2b_physical_strategy_with_sim.csv,v2b_physical_strategy,v2b_physical_strategy,v2b_physical_strategy::state_000_t0::place_block3_on_block5
place_block1_on_block5,state_000_t0,0,correct_bt,correct_bt,experiments/bt_selection_benchmark/bt_candidates_v2b_physical_strategy/place_block1_on_block5/correct_bt.json,place block_1 on block_5,"supported_by(block_1, block_5)",block_1,block_5,1,1,1.0,1,1,0,0,6,3,1.0,0.002157,0.26119,1,1,165.45605,good,success,0,fallback_symbolic_effects,done,experiments/bt_selection_benchmark/results/bt_candidate_evaluations_v2b_physical_strategy_with_sim.csv,v2b_physical_strategy,v2b_physical_strategy,v2b_physical_strategy::state_000_t0::place_block1_on_block5
place_block1_on_block5,state_000_t0,0,center_place_bt,center_place_bt,experiments/bt_selection_benchmark/bt_candidates_v2b_physical_strategy/place_block1_on_block5/center_place_bt.json,place block_1 on block_5,"supported_by(block_1, block_5)",block_1,block_5,1,1,1.0,1,1,0,0,6,3,1.0,0.002103,0.374308,1,1,165.230354,good,success,0,fallback_symbolic_effects,done,experiments/bt_selection_benchmark/results/bt_candidate_evaluations_v2b_physical_strategy_with_sim.csv,v2b_physical_strategy,v2b_physical_strategy,v2b_physical_strategy::state_000_t0::place_block1_on_block5
place_block1_on_block5,state_000_t0,0,edge_place_bt,edge_place_bt,experiments/bt_selection_benchmark/bt_candidates_v2b_physical_strategy/place_block1_on_block5/edge_place_bt.json,place block_1 on block_5,"supported_by(block_1, block_5)",block_1,block_5,1,1,1.0,1,1,0,0,6,3,1.0,0.000238,0.256549,1,1,165.484522,good,success,0,fallback_symbolic_effects,done,experiments/bt_selection_benchmark/results/bt_candidate_evaluations_v2b_physical_strategy_with_sim.csv,v2b_physical_strategy,v2b_physical_strategy,v2b_physical_strategy::state_000_t0::place_block1_on_block5
place_block1_on_block5,state_000_t0,0,corner_place_bt,corner_place_bt,experiments/bt_selection_benchmark/bt_candidates_v2b_physical_strategy/place_block1_on_block5/corner_place_bt.json,place block_1 on block_5,"supported_by(block_1, block_5)",block_1,block_5,1,1,1.0,1,1,0,0,6,3,1.0,0.001034,0.336597,1,1,165.316466,good,success,0,fallback_symbolic_effects,done,experiments/bt_selection_benchmark/results/bt_candidate_evaluations_v2b_physical_strategy_with_sim.csv,v2b_physical_strategy,v2b_physical_strategy,v2b_physical_strategy::state_000_t0::place_block1_on_block5
place_block1_on_block5,state_000_t0,0,over_edge_bt,over_edge_bt,experiments/bt_selection_benchmark/bt_candidates_v2b_physical_strategy/place_block1_on_block5/over_edge_bt.json,place block_1 on block_5,"supported_by(block_1, block_5)",block_1,block_5,1,0,1.0,1,1,0,0,6,3,1.0,0.375045,0.467445,0,1,61.31466,medium,success,0,fallback_symbolic_effects,done,experiments/bt_selection_benchmark/results/bt_candidate_evaluations_v2b_physical_strategy_with_sim.csv,v2b_physical_strategy,v2b_physical_strategy,v2b_physical_strategy::state_000_t0::place_block1_on_block5
place_block1_on_block5,state_000_t0,0,far_offset_bt,far_offset_bt,experiments/bt_selection_benchmark/bt_candidates_v2b_physical_strategy/place_block1_on_block5/far_offset_bt.json,place block_1 on block_5,"supported_by(block_1, block_5)",block_1,block_5,1,0,1.0,1,1,0,0,6,3,1.0,0.383353,0.376851,0,1,61.412768,medium,success,0,fallback_symbolic_effects,done,experiments/bt_selection_benchmark/results/bt_candidate_evaluations_v2b_physical_strategy_with_sim.csv,v2b_physical_strategy,v2b_physical_strategy,v2b_physical_strategy::state_000_t0::place_block1_on_block5
stack_block1_on_block3,state_000_t0,0,correct_bt,correct_bt,experiments/bt_selection_benchmark/bt_candidates_v2b_physical_strategy/stack_block1_on_block3/correct_bt.json,stack block_1 on block_3,"supported_by(block_1, block_3)",block_1,block_3,1,0,1.0,1,1,0,0,6,3,1.0,0.085263,0.338987,0,1,64.469396,medium,success,0,fallback_symbolic_effects,done,experiments/bt_selection_benchmark/results/bt_candidate_evaluations_v2b_physical_strategy_with_sim.csv,v2b_physical_strategy,v2b_physical_strategy,v2b_physical_strategy::state_000_t0::stack_block1_on_block3
stack_block1_on_block3,state_000_t0,0,center_place_bt,center_place_bt,experiments/bt_selection_benchmark/bt_candidates_v2b_physical_strategy/stack_block1_on_block3/center_place_bt.json,stack block_1 on block_3,"supported_by(block_1, block_3)",block_1,block_3,1,0,1.0,1,1,0,0,6,3,1.0,0.110353,0.498067,0,1,63.900336,medium,success,0,fallback_symbolic_effects,done,experiments/bt_selection_benchmark/results/bt_candidate_evaluations_v2b_physical_strategy_with_sim.csv,v2b_physical_strategy,v2b_physical_strategy,v2b_physical_strategy::state_000_t0::stack_block1_on_block3
stack_block1_on_block3,state_000_t0,0,edge_place_bt,edge_place_bt,experiments/bt_selection_benchmark/bt_candidates_v2b_physical_strategy/stack_block1_on_block3/edge_place_bt.json,stack block_1 on block_3,"supported_by(block_1, block_3)",block_1,block_3,1,0,1.0,1,1,0,0,6,3,1.0,0.082691,0.344087,0,1,64.484916,medium,success,0,fallback_symbolic_effects,done,experiments/bt_selection_benchmark/results/bt_candidate_evaluations_v2b_physical_strategy_with_sim.csv,v2b_physical_strategy,v2b_physical_strategy,v2b_physical_strategy::state_000_t0::stack_block1_on_block3
stack_block1_on_block3,state_000_t0,0,corner_place_bt,corner_place_bt,experiments/bt_selection_benchmark/bt_candidates_v2b_physical_strategy/stack_block1_on_block3/corner_place_bt.json,stack block_1 on block_3,"supported_by(block_1, block_3)",block_1,block_3,1,0,1.0,1,1,0,0,6,3,1.0,0.08331,0.32601,0,1,64.51488,medium,success,0,fallback_symbolic_effects,done,experiments/bt_selection_benchmark/results/bt_candidate_evaluations_v2b_physical_strategy_with_sim.csv,v2b_physical_strategy,v2b_physical_strategy,v2b_physical_strategy::state_000_t0::stack_block1_on_block3
stack_block1_on_block3,state_000_t0,0,over_edge_bt,over_edge_bt,experiments/bt_selection_benchmark/bt_candidates_v2b_physical_strategy/stack_block1_on_block3/over_edge_bt.json,stack block_1 on block_3,"supported_by(block_1, block_3)",block_1,block_3,1,0,1.0,1,1,0,0,6,3,1.0,0.079078,0.505057,0,1,64.199106,medium,success,0,fallback_symbolic_effects,done,experiments/bt_selection_benchmark/results/bt_candidate_evaluations_v2b_physical_strategy_with_sim.csv,v2b_physical_strategy,v2b_physical_strategy,v2b_physical_strategy::state_000_t0::stack_block1_on_block3
stack_block1_on_block3,state_000_t0,0,far_offset_bt,far_offset_bt,experiments/bt_selection_benchmark/bt_candidates_v2b_physical_strategy/stack_block1_on_block3/far_offset_bt.json,stack block_1 on block_3,"supported_by(block_1, block_3)",block_1,block_3,1,0,1.0,1,1,0,0,6,3,1.0,0.119384,0.257913,0,1,64.290334,medium,success,0,fallback_symbolic_effects,done,experiments/bt_selection_benchmark/results/bt_candidate_evaluations_v2b_physical_strategy_with_sim.csv,v2b_physical_strategy,v2b_physical_strategy,v2b_physical_strategy::state_000_t0::stack_block1_on_block3
stack_block3_on_block1,state_000_t0,0,correct_bt,correct_bt,experiments/bt_selection_benchmark/bt_candidates_v2b_physical_strategy/stack_block3_on_block1/correct_bt.json,stack block_3 on block_1,"supported_by(block_3, block_1)",block_3,block_1,1,0,1.0,1,1,0,0,6,3,1.0,0.007632,0.189789,0,1,65.544102,medium,success,0,fallback_symbolic_effects,done,experiments/bt_selection_benchmark/results/bt_candidate_evaluations_v2b_physical_strategy_with_sim.csv,v2b_physical_strategy,v2b_physical_strategy,v2b_physical_strategy::state_000_t0::stack_block3_on_block1
stack_block3_on_block1,state_000_t0,0,center_place_bt,center_place_bt,experiments/bt_selection_benchmark/bt_candidates_v2b_physical_strategy/stack_block3_on_block1/center_place_bt.json,stack block_3 on block_1,"supported_by(block_3, block_1)",block_3,block_1,1,0,1.0,1,1,0,0,6,3,1.0,0.079653,0.502646,0,1,64.198178,medium,success,0,fallback_symbolic_effects,done,experiments/bt_selection_benchmark/results/bt_candidate_evaluations_v2b_physical_strategy_with_sim.csv,v2b_physical_strategy,v2b_physical_strategy,v2b_physical_strategy::state_000_t0::stack_block3_on_block1
stack_block3_on_block1,state_000_t0,0,edge_place_bt,edge_place_bt,experiments/bt_selection_benchmark/bt_candidates_v2b_physical_strategy/stack_block3_on_block1/edge_place_bt.json,stack block_3 on block_1,"supported_by(block_3, block_1)",block_3,block_1,1,0,1.0,1,1,0,0,6,3,1.0,0.10712,0.346369,0,1,64.236062,medium,success,0,fallback_symbolic_effects,done,experiments/bt_selection_benchmark/results/bt_candidate_evaluations_v2b_physical_strategy_with_sim.csv,v2b_physical_strategy,v2b_physical_strategy,v2b_physical_strategy::state_000_t0::stack_block3_on_block1
stack_block3_on_block1,state_000_t0,0,corner_place_bt,corner_place_bt,experiments/bt_selection_benchmark/bt_candidates_v2b_physical_strategy/stack_block3_on_block1/corner_place_bt.json,stack block_3 on block_1,"supported_by(block_3, block_1)",block_3,block_1,1,0,1.0,1,1,0,0,6,3,1.0,0.092202,0.235537,0,1,64.606906,medium,success,0,fallback_symbolic_effects,done,experiments/bt_selection_benchmark/results/bt_candidate_evaluations_v2b_physical_strategy_with_sim.csv,v2b_physical_strategy,v2b_physical_strategy,v2b_physical_strategy::state_000_t0::stack_block3_on_block1
stack_block3_on_block1,state_000_t0,0,over_edge_bt,over_edge_bt,experiments/bt_selection_benchmark/bt_candidates_v2b_physical_strategy/stack_block3_on_block1/over_edge_bt.json,stack block_3 on block_1,"supported_by(block_3, block_1)",block_3,block_1,1,0,1.0,1,1,0,0,6,3,1.0,0.119299,0.452295,0,1,63.90242,medium,success,0,fallback_symbolic_effects,done,experiments/bt_selection_benchmark/results/bt_candidate_evaluations_v2b_physical_strategy_with_sim.csv,v2b_physical_strategy,v2b_physical_strategy,v2b_physical_strategy::state_000_t0::stack_block3_on_block1
stack_block3_on_block1,state_000_t0,0,far_offset_bt,far_offset_bt,experiments/bt_selection_benchmark/bt_candidates_v2b_physical_strategy/stack_block3_on_block1/far_offset_bt.json,stack block_3 on block_1,"supported_by(block_3, block_1)",block_3,block_1,1,0,1.0,1,1,0,0,6,3,1.0,0.09465,0.457494,0,1,64.138512,medium,success,0,fallback_symbolic_effects,done,experiments/bt_selection_benchmark/results/bt_candidate_evaluations_v2b_physical_strategy_with_sim.csv,v2b_physical_strategy,v2b_physical_strategy,v2b_physical_strategy::state_000_t0::stack_block3_on_block1
place_block3_on_block5,state_001_t1,1,correct_bt,correct_bt,experiments/bt_selection_benchmark/bt_candidates_v2b_physical_strategy/place_block3_on_block5/correct_bt.json,place block_3 on block_5,"supported_by(block_3, block_5)",block_3,block_5,1,1,1.0,1,1,0,0,6,3,1.0,0.006403,0.787359,1,1,164.361252,good,success,0,fallback_symbolic_effects,done,experiments/bt_selection_benchmark/results/bt_candidate_evaluations_v2b_physical_strategy_with_sim.csv,v2b_physical_strategy,v2b_physical_strategy,v2b_physical_strategy::state_001_t1::place_block3_on_block5
place_block3_on_block5,state_001_t1,1,center_place_bt,center_place_bt,experiments/bt_selection_benchmark/bt_candidates_v2b_physical_strategy/place_block3_on_block5/center_place_bt.json,place block_3 on block_5,"supported_by(block_3, block_5)",block_3,block_5,1,1,1.0,1,1,0,0,6,3,1.0,0.000433,0.590513,1,1,164.814644,good,success,0,fallback_symbolic_effects,done,experiments/bt_selection_benchmark/results/bt_candidate_evaluations_v2b_physical_strategy_with_sim.csv,v2b_physical_strategy,v2b_physical_strategy,v2b_physical_strategy::state_001_t1::place_block3_on_block5
place_block3_on_block5,state_001_t1,1,edge_place_bt,edge_place_bt,experiments/bt_selection_benchmark/bt_candidates_v2b_physical_strategy/place_block3_on_block5/edge_place_bt.json,place block_3 on block_5,"supported_by(block_3, block_5)",block_3,block_5,1,1,1.0,1,1,0,0,6,3,1.0,0.002783,0.704391,1,1,164.563388,good,success,0,fallback_symbolic_effects,done,experiments/bt_selection_benchmark/results/bt_candidate_evaluations_v2b_physical_strategy_with_sim.csv,v2b_physical_strategy,v2b_physical_strategy,v2b_physical_strategy::state_001_t1::place_block3_on_block5
place_block3_on_block5,state_001_t1,1,corner_place_bt,corner_place_bt,experiments/bt_selection_benchmark/bt_candidates_v2b_physical_strategy/place_block3_on_block5/corner_place_bt.json,place block_3 on block_5,"supported_by(block_3, block_5)",block_3,block_5,1,1,1.0,1,1,0,0,6,3,1.0,0.002144,0.694599,1,1,164.589362,good,success,0,fallback_symbolic_effects,done,experiments/bt_selection_benchmark/results/bt_candidate_evaluations_v2b_physical_strategy_with_sim.csv,v2b_physical_strategy,v2b_physical_strategy,v2b_physical_strategy::state_001_t1::place_block3_on_block5
place_block3_on_block5,state_001_t1,1,over_edge_bt,over_edge_bt,experiments/bt_selection_benchmark/bt_candidates_v2b_physical_strategy/place_block3_on_block5/over_edge_bt.json,place block_3 on block_5,"supported_by(block_3, block_5)",block_3,block_5,1,0,1.0,1,1,0,0,6,3,1.0,0.36862,0.718107,0,1,60.877586,medium,success,0,fallback_symbolic_effects,done,experiments/bt_selection_benchmark/results/bt_candidate_evaluations_v2b_physical_strategy_with_sim.csv,v2b_physical_strategy,v2b_physical_strategy,v2b_physical_strategy::state_001_t1::place_block3_on_block5
place_block3_on_block5,state_001_t1,1,far_offset_bt,far_offset_bt,experiments/bt_selection_benchmark/bt_candidates_v2b_physical_strategy/place_block3_on_block5/far_offset_bt.json,place block_3 on block_5,"supported_by(block_3, block_5)",block_3,block_5,1,0,1.0,1,1,0,0,6,3,1.0,0.381709,0.723737,0,1,60.735436,medium,success,0,fallback_symbolic_effects,done,experiments/bt_selection_benchmark/results/bt_candidate_evaluations_v2b_physical_strategy_with_sim.csv,v2b_physical_strategy,v2b_physical_strategy,v2b_physical_strategy::state_001_t1::place_block3_on_block5
place_block1_on_block5,state_001_t1,1,correct_bt,correct_bt,experiments/bt_selection_benchmark/bt_candidates_v2b_physical_strategy/place_block1_on_block5/correct_bt.json,place block_1 on block_5,"supported_by(block_1, block_5)",block_1,block_5,1,1,1.0,1,1,0,0,6,3,1.0,0.004116,0.714768,1,1,164.529304,good,success,0,fallback_symbolic_effects,done,experiments/bt_selection_benchmark/results/bt_candidate_evaluations_v2b_physical_strategy_with_sim.csv,v2b_physical_strategy,v2b_physical_strategy,v2b_physical_strategy::state_001_t1::place_block1_on_block5
place_block1_on_block5,state_001_t1,1,center_place_bt,center_place_bt,experiments/bt_selection_benchmark/bt_candidates_v2b_physical_strategy/place_block1_on_block5/center_place_bt.json,place block_1 on block_5,"supported_by(block_1, block_5)",block_1,block_5,1,1,1.0,1,1,0,0,6,3,1.0,0.0031,0.58402,1,1,164.80096,good,success,0,fallback_symbolic_effects,done,experiments/bt_selection_benchmark/results/bt_candidate_evaluations_v2b_physical_strategy_with_sim.csv,v2b_physical_strategy,v2b_physical_strategy,v2b_physical_strategy::state_001_t1::place_block1_on_block5
place_block1_on_block5,state_001_t1,1,edge_place_bt,edge_place_bt,experiments/bt_selection_benchmark/bt_candidates_v2b_physical_strategy/place_block1_on_block5/edge_place_bt.json,place block_1 on block_5,"supported_by(block_1, block_5)",block_1,block_5,1,1,1.0,1,1,0,0,6,3,1.0,0.002147,0.626613,1,1,164.725304,good,success,0,fallback_symbolic_effects,done,experiments/bt_selection_benchmark/results/bt_candidate_evaluations_v2b_physical_strategy_with_sim.csv,v2b_physical_strategy,v2b_physical_strategy,v2b_physical_strategy::state_001_t1::place_block1_on_block5
place_block1_on_block5,state_001_t1,1,corner_place_bt,corner_place_bt,experiments/bt_selection_benchmark/bt_candidates_v2b_physical_strategy/place_block1_on_block5/corner_place_bt.json,place block_1 on block_5,"supported_by(block_1, block_5)",block_1,block_5,1,1,1.0,1,1,0,0,6,3,1.0,0.007233,0.557936,1,1,164.811798,good,success,0,fallback_symbolic_effects,done,experiments/bt_selection_benchmark/results/bt_candidate_evaluations_v2b_physical_strategy_with_sim.csv,v2b_physical_strategy,v2b_physical_strategy,v2b_physical_strategy::state_001_t1::place_block1_on_block5
place_block1_on_block5,state_001_t1,1,over_edge_bt,over_edge_bt,experiments/bt_selection_benchmark/bt_candidates_v2b_physical_strategy/place_block1_on_block5/over_edge_bt.json,place block_1 on block_5,"supported_by(block_1, block_5)",block_1,block_5,1,0,1.0,1,1,0,0,6,3,1.0,0.379839,0.590355,0,1,61.0209,medium,success,0,fallback_symbolic_effects,done,experiments/bt_selection_benchmark/results/bt_candidate_evaluations_v2b_physical_strategy_with_sim.csv,v2b_physical_strategy,v2b_physical_strategy,v2b_physical_strategy::state_001_t1::place_block1_on_block5
place_block1_on_block5,state_001_t1,1,far_offset_bt,far_offset_bt,experiments/bt_selection_benchmark/bt_candidates_v2b_physical_strategy/place_block1_on_block5/far_offset_bt.json,place block_1 on block_5,"supported_by(block_1, block_5)",block_1,block_5,1,0,1.0,1,1,0,0,6,3,1.0,0.384678,0.629126,0,1,60.894968,medium,success,0,fallback_symbolic_effects,done,experiments/bt_selection_benchmark/results/bt_candidate_evaluations_v2b_physical_strategy_with_sim.csv,v2b_physical_strategy,v2b_physical_strategy,v2b_physical_strategy::state_001_t1::place_block1_on_block5
stack_block1_on_block3,state_001_t1,1,correct_bt,correct_bt,experiments/bt_selection_benchmark/bt_candidates_v2b_physical_strategy/stack_block1_on_block3/correct_bt.json,stack block_1 on block_3,"supported_by(block_1, block_3)",block_1,block_3,1,0,1.0,1,1,0,0,6,3,1.0,0.083976,0.711603,0,1,63.737034,medium,success,0,fallback_symbolic_effects,done,experiments/bt_selection_benchmark/results/bt_candidate_evaluations_v2b_physical_strategy_with_sim.csv,v2b_physical_strategy,v2b_physical_strategy,v2b_physical_strategy::state_001_t1::stack_block1_on_block3
stack_block1_on_block3,state_001_t1,1,center_place_bt,center_place_bt,experiments/bt_selection_benchmark/bt_candidates_v2b_physical_strategy/stack_block1_on_block3/center_place_bt.json,stack block_1 on block_3,"supported_by(block_1, block_3)",block_1,block_3,1,0,1.0,1,1,0,0,6,3,1.0,0.074958,0.723408,0,1,63.803604,medium,success,0,fallback_symbolic_effects,done,experiments/bt_selection_benchmark/results/bt_candidate_evaluations_v2b_physical_strategy_with_sim.csv,v2b_physical_strategy,v2b_physical_strategy,v2b_physical_strategy::state_001_t1::stack_block1_on_block3
stack_block1_on_block3,state_001_t1,1,edge_place_bt,edge_place_bt,experiments/bt_selection_benchmark/bt_candidates_v2b_physical_strategy/stack_block1_on_block3/edge_place_bt.json,stack block_1 on block_3,"supported_by(block_1, block_3)",block_1,block_3,1,0,1.0,1,1,0,0,6,3,1.0,0.105497,0.546385,0,1,63.85226,medium,success,0,fallback_symbolic_effects,done,experiments/bt_selection_benchmark/results/bt_candidate_evaluations_v2b_physical_strategy_with_sim.csv,v2b_physical_strategy,v2b_physical_strategy,v2b_physical_strategy::state_001_t1::stack_block1_on_block3
stack_block1_on_block3,state_001_t1,1,corner_place_bt,corner_place_bt,experiments/bt_selection_benchmark/bt_candidates_v2b_physical_strategy/stack_block1_on_block3/corner_place_bt.json,stack block_1 on block_3,"supported_by(block_1, block_3)",block_1,block_3,1,0,1.0,1,1,0,0,6,3,1.0,0.105688,0.680259,0,1,63.582602,medium,success,0,fallback_symbolic_effects,done,experiments/bt_selection_benchmark/results/bt_candidate_evaluations_v2b_physical_strategy_with_sim.csv,v2b_physical_strategy,v2b_physical_strategy,v2b_physical_strategy::state_001_t1::stack_block1_on_block3
stack_block1_on_block3,state_001_t1,1,over_edge_bt,over_edge_bt,experiments/bt_selection_benchmark/bt_candidates_v2b_physical_strategy/stack_block1_on_block3/over_edge_bt.json,stack block_1 on block_3,"supported_by(block_1, block_3)",block_1,block_3,1,0,1.0,1,1,0,0,6,3,1.0,0.075216,0.600769,0,1,64.046302,medium,success,0,fallback_symbolic_effects,done,experiments/bt_selection_benchmark/results/bt_candidate_evaluations_v2b_physical_strategy_with_sim.csv,v2b_physical_strategy,v2b_physical_strategy,v2b_physical_strategy::state_001_t1::stack_block1_on_block3
stack_block1_on_block3,state_001_t1,1,far_offset_bt,far_offset_bt,experiments/bt_selection_benchmark/bt_candidates_v2b_physical_strategy/stack_block1_on_block3/far_offset_bt.json,stack block_1 on block_3,"supported_by(block_1, block_3)",block_1,block_3,1,0,1.0,1,1,0,0,6,3,1.0,0.006926,0.682136,0,1,64.566468,medium,success,0,fallback_symbolic_effects,done,experiments/bt_selection_benchmark/results/bt_candidate_evaluations_v2b_physical_strategy_with_sim.csv,v2b_physical_strategy,v2b_physical_strategy,v2b_physical_strategy::state_001_t1::stack_block1_on_block3
stack_block3_on_block1,state_001_t1,1,correct_bt,correct_bt,experiments/bt_selection_benchmark/bt_candidates_v2b_physical_strategy/stack_block3_on_block1/correct_bt.json,stack block_3 on block_1,"supported_by(block_3, block_1)",block_3,block_1,1,0,1.0,1,1,0,0,6,3,1.0,0.085576,0.68737,0,1,63.7695,medium,success,0,fallback_symbolic_effects,done,experiments/bt_selection_benchmark/results/bt_candidate_evaluations_v2b_physical_strategy_with_sim.csv,v2b_physical_strategy,v2b_physical_strategy,v2b_physical_strategy::state_001_t1::stack_block3_on_block1
stack_block3_on_block1,state_001_t1,1,center_place_bt,center_place_bt,experiments/bt_selection_benchmark/bt_candidates_v2b_physical_strategy/stack_block3_on_block1/center_place_bt.json,stack block_3 on block_1,"supported_by(block_3, block_1)",block_3,block_1,1,0,1.0,1,1,0,0,6,3,1.0,0.084372,0.653985,0,1,63.84831,medium,success,0,fallback_symbolic_effects,done,experiments/bt_selection_benchmark/results/bt_candidate_evaluations_v2b_physical_strategy_with_sim.csv,v2b_physical_strategy,v2b_physical_strategy,v2b_physical_strategy::state_001_t1::stack_block3_on_block1
stack_block3_on_block1,state_001_t1,1,edge_place_bt,edge_place_bt,experiments/bt_selection_benchmark/bt_candidates_v2b_physical_strategy/stack_block3_on_block1/edge_place_bt.json,stack block_3 on block_1,"supported_by(block_3, block_1)",block_3,block_1,1,0,1.0,1,1,0,0,6,3,1.0,0.08023,0.694761,0,1,63.808178,medium,success,0,fallback_symbolic_effects,done,experiments/bt_selection_benchmark/results/bt_candidate_evaluations_v2b_physical_strategy_with_sim.csv,v2b_physical_strategy,v2b_physical_strategy,v2b_physical_strategy::state_001_t1::stack_block3_on_block1
stack_block3_on_block1,state_001_t1,1,corner_place_bt,corner_place_bt,experiments/bt_selection_benchmark/bt_candidates_v2b_physical_strategy/stack_block3_on_block1/corner_place_bt.json,stack block_3 on block_1,"supported_by(block_3, block_1)",block_3,block_1,1,0,1.0,1,1,0,0,6,3,1.0,0.080314,0.585169,0,1,64.026522,medium,success,0,fallback_symbolic_effects,done,experiments/bt_selection_benchmark/results/bt_candidate_evaluations_v2b_physical_strategy_with_sim.csv,v2b_physical_strategy,v2b_physical_strategy,v2b_physical_strategy::state_001_t1::stack_block3_on_block1
stack_block3_on_block1,state_001_t1,1,over_edge_bt,over_edge_bt,experiments/bt_selection_benchmark/bt_candidates_v2b_physical_strategy/stack_block3_on_block1/over_edge_bt.json,stack block_3 on block_1,"supported_by(block_3, block_1)",block_3,block_1,1,0,1.0,1,1,0,0,6,3,1.0,0.097183,0.551386,0,1,63.925398,medium,success,0,fallback_symbolic_effects,done,experiments/bt_selection_benchmark/results/bt_candidate_evaluations_v2b_physical_strategy_with_sim.csv,v2b_physical_strategy,v2b_physical_strategy,v2b_physical_strategy::state_001_t1::stack_block3_on_block1
stack_block3_on_block1,state_001_t1,1,far_offset_bt,far_offset_bt,experiments/bt_selection_benchmark/bt_candidates_v2b_physical_strategy/stack_block3_on_block1/far_offset_bt.json,stack block_3 on block_1,"supported_by(block_3, block_1)",block_3,block_1,1,0,1.0,1,1,0,0,6,3,1.0,0.007719,0.581745,0,1,64.75932,medium,success,0,fallback_symbolic_effects,done,experiments/bt_selection_benchmark/results/bt_candidate_evaluations_v2b_physical_strategy_with_sim.csv,v2b_physical_strategy,v2b_physical_strategy,v2b_physical_strategy::state_001_t1::stack_block3_on_block1
place_block3_on_block5,state_002_t2,2,correct_bt,correct_bt,experiments/bt_selection_benchmark/bt_candidates_v2b_physical_strategy/place_block3_on_block5/correct_bt.json,place block_3 on block_5,"supported_by(block_3, block_5)",block_3,block_5,1,1,1.0,1,1,0,0,6,3,1.0,0.006574,0.750663,1,1,164.432934,good,success,0,fallback_symbolic_effects,done,experiments/bt_selection_benchmark/results/bt_candidate_evaluations_v2b_physical_strategy_with_sim.csv,v2b_physical_strategy,v2b_physical_strategy,v2b_physical_strategy::state_002_t2::place_block3_on_block5
place_block3_on_block5,state_002_t2,2,center_place_bt,center_place_bt,experiments/bt_selection_benchmark/bt_candidates_v2b_physical_strategy/place_block3_on_block5/center_place_bt.json,place block_3 on block_5,"supported_by(block_3, block_5)",block_3,block_5,1,1,1.0,1,1,0,0,6,3,1.0,0.000489,0.554787,1,1,164.885536,good,success,0,fallback_symbolic_effects,done,experiments/bt_selection_benchmark/results/bt_candidate_evaluations_v2b_physical_strategy_with_sim.csv,v2b_physical_strategy,v2b_physical_strategy,v2b_physical_strategy::state_002_t2::place_block3_on_block5
place_block3_on_block5,state_002_t2,2,edge_place_bt,edge_place_bt,experiments/bt_selection_benchmark/bt_candidates_v2b_physical_strategy/place_block3_on_block5/edge_place_bt.json,place block_3 on block_5,"supported_by(block_3, block_5)",block_3,block_5,1,1,1.0,1,1,0,0,6,3,1.0,0.002902,0.620275,1,1,164.73043,good,success,0,fallback_symbolic_effects,done,experiments/bt_selection_benchmark/results/bt_candidate_evaluations_v2b_physical_strategy_with_sim.csv,v2b_physical_strategy,v2b_physical_strategy,v2b_physical_strategy::state_002_t2::place_block3_on_block5
place_block3_on_block5,state_002_t2,2,corner_place_bt,corner_place_bt,experiments/bt_selection_benchmark/bt_candidates_v2b_physical_strategy/place_block3_on_block5/corner_place_bt.json,place block_3 on block_5,"supported_by(block_3, block_5)",block_3,block_5,1,1,1.0,1,1,0,0,6,3,1.0,0.003641,0.66475,1,1,164.63409,good,success,0,fallback_symbolic_effects,done,experiments/bt_selection_benchmark/results/bt_candidate_evaluations_v2b_physical_strategy_with_sim.csv,v2b_physical_strategy,v2b_physical_strategy,v2b_physical_strategy::state_002_t2::place_block3_on_block5
place_block3_on_block5,state_002_t2,2,over_edge_bt,over_edge_bt,experiments/bt_selection_benchmark/bt_candidates_v2b_physical_strategy/place_block3_on_block5/over_edge_bt.json,place block_3 on block_5,"supported_by(block_3, block_5)",block_3,block_5,1,0,1.0,1,1,0,0,6,3,1.0,0.376571,0.614198,0,1,61.005894,medium,success,0,fallback_symbolic_effects,done,experiments/bt_selection_benchmark/results/bt_candidate_evaluations_v2b_physical_strategy_with_sim.csv,v2b_physical_strategy,v2b_physical_strategy,v2b_physical_strategy::state_002_t2::place_block3_on_block5
place_block3_on_block5,state_002_t2,2,far_offset_bt,far_offset_bt,experiments/bt_selection_benchmark/bt_candidates_v2b_physical_strategy/place_block3_on_block5/far_offset_bt.json,place block_3 on block_5,"supported_by(block_3, block_5)",block_3,block_5,1,0,1.0,1,1,0,0,6,3,1.0,0.368785,0.69729,0,1,60.91757,medium,success,0,fallback_symbolic_effects,done,experiments/bt_selection_benchmark/results/bt_candidate_evaluations_v2b_physical_strategy_with_sim.csv,v2b_physical_strategy,v2b_physical_strategy,v2b_physical_strategy::state_002_t2::place_block3_on_block5
place_block1_on_block5,state_002_t2,2,correct_bt,correct_bt,experiments/bt_selection_benchmark/bt_candidates_v2b_physical_strategy/place_block1_on_block5/correct_bt.json,place block_1 on block_5,"supported_by(block_1, block_5)",block_1,block_5,1,1,1.0,1,1,0,0,6,3,1.0,0.005529,0.675621,1,1,164.593468,good,success,0,fallback_symbolic_effects,done,experiments/bt_selection_benchmark/results/bt_candidate_evaluations_v2b_physical_strategy_with_sim.csv,v2b_physical_strategy,v2b_physical_strategy,v2b_physical_strategy::state_002_t2::place_block1_on_block5
place_block1_on_block5,state_002_t2,2,center_place_bt,center_place_bt,experiments/bt_selection_benchmark/bt_candidates_v2b_physical_strategy/place_block1_on_block5/center_place_bt.json,place block_1 on block_5,"supported_by(block_1, block_5)",block_1,block_5,1,1,1.0,1,1,0,0,6,3,1.0,0.006976,0.613784,1,1,164.702672,good,success,0,fallback_symbolic_effects,done,experiments/bt_selection_benchmark/results/bt_candidate_evaluations_v2b_physical_strategy_with_sim.csv,v2b_physical_strategy,v2b_physical_strategy,v2b_physical_strategy::state_002_t2::place_block1_on_block5
place_block1_on_block5,state_002_t2,2,edge_place_bt,edge_place_bt,experiments/bt_selection_benchmark/bt_candidates_v2b_physical_strategy/place_block1_on_block5/edge_place_bt.json,place block_1 on block_5,"supported_by(block_1, block_5)",block_1,block_5,1,1,1.0,1,1,0,0,6,3,1.0,0.003284,0.56868,1,1,164.8298,good,success,0,fallback_symbolic_effects,done,experiments/bt_selection_benchmark/results/bt_candidate_evaluations_v2b_physical_strategy_with_sim.csv,v2b_physical_strategy,v2b_physical_strategy,v2b_physical_strategy::state_002_t2::place_block1_on_block5
place_block1_on_block5,state_002_t2,2,corner_place_bt,corner_place_bt,experiments/bt_selection_benchmark/bt_candidates_v2b_physical_strategy/place_block1_on_block5/corner_place_bt.json,place block_1 on block_5,"supported_by(block_1, block_5)",block_1,block_5,1,1,1.0,1,1,0,0,6,3,1.0,0.012321,0.757137,1,1,164.362516,good,success,0,fallback_symbolic_effects,done,experiments/bt_selection_benchmark/results/bt_candidate_evaluations_v2b_physical_strategy_with_sim.csv,v2b_physical_strategy,v2b_physical_strategy,v2b_physical_strategy::state_002_t2::place_block1_on_block5
place_block1_on_block5,state_002_t2,2,over_edge_bt,over_edge_bt,experiments/bt_selection_benchmark/bt_candidates_v2b_physical_strategy/place_block1_on_block5/over_edge_bt.json,place block_1 on block_5,"supported_by(block_1, block_5)",block_1,block_5,1,0,1.0,1,1,0,0,6,3,1.0,0.376117,0.706207,0,1,60.826416,medium,success,0,fallback_symbolic_effects,done,experiments/bt_selection_benchmark/results/bt_candidate_evaluations_v2b_physical_strategy_with_sim.csv,v2b_physical_strategy,v2b_physical_strategy,v2b_physical_strategy::state_002_t2::place_block1_on_block5
place_block1_on_block5,state_002_t2,2,far_offset_bt,far_offset_bt,experiments/bt_selection_benchmark/bt_candidates_v2b_physical_strategy/place_block1_on_block5/far_offset_bt.json,place block_1 on block_5,"supported_by(block_1, block_5)",block_1,block_5,1,0,1.0,1,1,0,0,6,3,1.0,0.386525,0.646187,0,1,60.842376,medium,success,0,fallback_symbolic_effects,done,experiments/bt_selection_benchmark/results/bt_candidate_evaluations_v2b_physical_strategy_with_sim.csv,v2b_physical_strategy,v2b_physical_strategy,v2b_physical_strategy::state_002_t2::place_block1_on_block5
stack_block1_on_block3,state_002_t2,2,correct_bt,correct_bt,experiments/bt_selection_benchmark/bt_candidates_v2b_physical_strategy/stack_block1_on_block3/correct_bt.json,stack block_1 on block_3,"supported_by(block_1, block_3)",block_1,block_3,1,0,1.0,1,1,0,0,6,3,1.0,0.085216,0.646268,0,1,63.855304,medium,success,0,fallback_symbolic_effects,done,experiments/bt_selection_benchmark/results/bt_candidate_evaluations_v2b_physical_strategy_with_sim.csv,v2b_physical_strategy,v2b_physical_strategy,v2b_physical_strategy::state_002_t2::stack_block1_on_block3
stack_block1_on_block3,state_002_t2,2,center_place_bt,center_place_bt,experiments/bt_selection_benchmark/bt_candidates_v2b_physical_strategy/stack_block1_on_block3/center_place_bt.json,stack block_1 on block_3,"supported_by(block_1, block_3)",block_1,block_3,1,0,1.0,1,1,0,0,6,3,1.0,0.081821,0.761184,0,1,63.659422,medium,success,0,fallback_symbolic_effects,done,experiments/bt_selection_benchmark/results/bt_candidate_evaluations_v2b_physical_strategy_with_sim.csv,v2b_physical_strategy,v2b_physical_strategy,v2b_physical_strategy::state_002_t2::stack_block1_on_block3
stack_block1_on_block3,state_002_t2,2,edge_place_bt,edge_place_bt,experiments/bt_selection_benchmark/bt_candidates_v2b_physical_strategy/stack_block1_on_block3/edge_place_bt.json,stack block_1 on block_3,"supported_by(block_1, block_3)",block_1,block_3,1,0,1.0,1,1,0,0,6,3,1.0,0.075083,0.706863,0,1,63.835444,medium,success,0,fallback_symbolic_effects,done,experiments/bt_selection_benchmark/results/bt_candidate_evaluations_v2b_physical_strategy_with_sim.csv,v2b_physical_strategy,v2b_physical_strategy,v2b_physical_strategy::state_002_t2::stack_block1_on_block3
stack_block1_on_block3,state_002_t2,2,corner_place_bt,corner_place_bt,experiments/bt_selection_benchmark/bt_candidates_v2b_physical_strategy/stack_block1_on_block3/corner_place_bt.json,stack block_1 on block_3,"supported_by(block_1, block_3)",block_1,block_3,1,0,1.0,1,1,0,0,6,3,1.0,0.015753,0.715467,0,1,64.411536,medium,success,0,fallback_symbolic_effects,done,experiments/bt_selection_benchmark/results/bt_candidate_evaluations_v2b_physical_strategy_with_sim.csv,v2b_physical_strategy,v2b_physical_strategy,v2b_physical_strategy::state_002_t2::stack_block1_on_block3
stack_block1_on_block3,state_002_t2,2,over_edge_bt,over_edge_bt,experiments/bt_selection_benchmark/bt_candidates_v2b_physical_strategy/stack_block1_on_block3/over_edge_bt.json,stack block_1 on block_3,"supported_by(block_1, block_3)",block_1,block_3,1,1,1.0,1,1,0,0,6,3,1.0,0.011281,0.557246,1,1,164.772698,good,success,0,fallback_symbolic_effects,done,experiments/bt_selection_benchmark/results/bt_candidate_evaluations_v2b_physical_strategy_with_sim.csv,v2b_physical_strategy,v2b_physical_strategy,v2b_physical_strategy::state_002_t2::stack_block1_on_block3
stack_block1_on_block3,state_002_t2,2,far_offset_bt,far_offset_bt,experiments/bt_selection_benchmark/bt_candidates_v2b_physical_strategy/stack_block1_on_block3/far_offset_bt.json,stack block_1 on block_3,"supported_by(block_1, block_3)",block_1,block_3,1,0,1.0,1,1,0,0,6,3,1.0,0.084397,0.580736,0,1,63.994558,medium,success,0,fallback_symbolic_effects,done,experiments/bt_selection_benchmark/results/bt_candidate_evaluations_v2b_physical_strategy_with_sim.csv,v2b_physical_strategy,v2b_physical_strategy,v2b_physical_strategy::state_002_t2::stack_block1_on_block3
stack_block3_on_block1,state_002_t2,2,correct_bt,correct_bt,experiments/bt_selection_benchmark/bt_candidates_v2b_physical_strategy/stack_block3_on_block1/correct_bt.json,stack block_3 on block_1,"supported_by(block_3, block_1)",block_3,block_1,1,0,1.0,1,1,0,0,6,3,1.0,0.081224,0.564957,0,1,64.057846,medium,success,0,fallback_symbolic_effects,done,experiments/bt_selection_benchmark/results/bt_candidate_evaluations_v2b_physical_strategy_with_sim.csv,v2b_physical_strategy,v2b_physical_strategy,v2b_physical_strategy::state_002_t2::stack_block3_on_block1
stack_block3_on_block1,state_002_t2,2,center_place_bt,center_place_bt,experiments/bt_selection_benchmark/bt_candidates_v2b_physical_strategy/stack_block3_on_block1/center_place_bt.json,stack block_3 on block_1,"supported_by(block_3, block_1)",block_3,block_1,1,0,1.0,1,1,0,0,6,3,1.0,0.08503,0.617289,0,1,63.915122,medium,success,0,fallback_symbolic_effects,done,experiments/bt_selection_benchmark/results/bt_candidate_evaluations_v2b_physical_strategy_with_sim.csv,v2b_physical_strategy,v2b_physical_strategy,v2b_physical_strategy::state_002_t2::stack_block3_on_block1
stack_block3_on_block1,state_002_t2,2,edge_place_bt,edge_place_bt,experiments/bt_selection_benchmark/bt_candidates_v2b_physical_strategy/stack_block3_on_block1/edge_place_bt.json,stack block_3 on block_1,"supported_by(block_3, block_1)",block_3,block_1,1,0,1.0,1,1,0,0,6,3,1.0,0.085452,0.726239,0,1,63.693002,medium,success,0,fallback_symbolic_effects,done,experiments/bt_selection_benchmark/results/bt_candidate_evaluations_v2b_physical_strategy_with_sim.csv,v2b_physical_strategy,v2b_physical_strategy,v2b_physical_strategy::state_002_t2::stack_block3_on_block1
stack_block3_on_block1,state_002_t2,2,corner_place_bt,corner_place_bt,experiments/bt_selection_benchmark/bt_candidates_v2b_physical_strategy/stack_block3_on_block1/corner_place_bt.json,stack block_3 on block_1,"supported_by(block_3, block_1)",block_3,block_1,1,0,1.0,1,1,0,0,6,3,1.0,0.084663,0.646356,0,1,63.860658,medium,success,0,fallback_symbolic_effects,done,experiments/bt_selection_benchmark/results/bt_candidate_evaluations_v2b_physical_strategy_with_sim.csv,v2b_physical_strategy,v2b_physical_strategy,v2b_physical_strategy::state_002_t2::stack_block3_on_block1
stack_block3_on_block1,state_002_t2,2,over_edge_bt,over_edge_bt,experiments/bt_selection_benchmark/bt_candidates_v2b_physical_strategy/stack_block3_on_block1/over_edge_bt.json,stack block_3 on block_1,"supported_by(block_3, block_1)",block_3,block_1,1,0,1.0,1,1,0,0,6,3,1.0,0.089851,0.660473,0,1,63.780544,medium,success,0,fallback_symbolic_effects,done,experiments/bt_selection_benchmark/results/bt_candidate_evaluations_v2b_physical_strategy_with_sim.csv,v2b_physical_strategy,v2b_physical_strategy,v2b_physical_strategy::state_002_t2::stack_block3_on_block1
stack_block3_on_block1,state_002_t2,2,far_offset_bt,far_offset_bt,experiments/bt_selection_benchmark/bt_candidates_v2b_physical_strategy/stack_block3_on_block1/far_offset_bt.json,stack block_3 on block_1,"supported_by(block_3, block_1)",block_3,block_1,1,0,1.0,1,1,0,0,6,3,1.0,0.078576,0.728243,0,1,63.757754,medium,success,0,fallback_symbolic_effects,done,experiments/bt_selection_benchmark/results/bt_candidate_evaluations_v2b_physical_strategy_with_sim.csv,v2b_physical_strategy,v2b_physical_strategy,v2b_physical_strategy::state_002_t2::stack_block3_on_block1
place_block3_on_block5,state_003_t3,3,correct_bt,correct_bt,experiments/bt_selection_benchmark/bt_candidates_v2b_physical_strategy/place_block3_on_block5/correct_bt.json,place block_3 on block_5,"supported_by(block_3, block_5)",block_3,block_5,1,1,1.0,1,1,0,0,6,3,1.0,0.002794,0.727302,1,1,164.517456,good,success,0,fallback_symbolic_effects,done,experiments/bt_selection_benchmark/results/bt_candidate_evaluations_v2b_physical_strategy_with_sim.csv,v2b_physical_strategy,v2b_physical_strategy,v2b_physical_strategy::state_003_t3::place_block3_on_block5
place_block3_on_block5,state_003_t3,3,center_place_bt,center_place_bt,experiments/bt_selection_benchmark/bt_candidates_v2b_physical_strategy/place_block3_on_block5/center_place_bt.json,place block_3 on block_5,"supported_by(block_3, block_5)",block_3,block_5,1,1,1.0,1,1,0,0,6,3,1.0,0.000549,0.740715,1,1,164.51308,good,success,0,fallback_symbolic_effects,done,experiments/bt_selection_benchmark/results/bt_candidate_evaluations_v2b_physical_strategy_with_sim.csv,v2b_physical_strategy,v2b_physical_strategy,v2b_physical_strategy::state_003_t3::place_block3_on_block5
place_block3_on_block5,state_003_t3,3,edge_place_bt,edge_place_bt,experiments/bt_selection_benchmark/bt_candidates_v2b_physical_strategy/place_block3_on_block5/edge_place_bt.json,place block_3 on block_5,"supported_by(block_3, block_5)",block_3,block_5,1,1,1.0,1,1,0,0,6,3,1.0,0.0047,0.756316,1,1,164.440368,good,success,0,fallback_symbolic_effects,done,experiments/bt_selection_benchmark/results/bt_candidate_evaluations_v2b_physical_strategy_with_sim.csv,v2b_physical_strategy,v2b_physical_strategy,v2b_physical_strategy::state_003_t3::place_block3_on_block5
place_block3_on_block5,state_003_t3,3,corner_place_bt,corner_place_bt,experiments/bt_selection_benchmark/bt_candidates_v2b_physical_strategy/place_block3_on_block5/corner_place_bt.json,place block_3 on block_5,"supported_by(block_3, block_5)",block_3,block_5,1,1,1.0,1,1,0,0,6,3,1.0,0.000679,0.728263,1,1,164.536684,good,success,0,fallback_symbolic_effects,done,experiments/bt_selection_benchmark/results/bt_candidate_evaluations_v2b_physical_strategy_with_sim.csv,v2b_physical_strategy,v2b_physical_strategy,v2b_physical_strategy::state_003_t3::place_block3_on_block5
place_block3_on_block5,state_003_t3,3,over_edge_bt,over_edge_bt,experiments/bt_selection_benchmark/bt_candidates_v2b_physical_strategy/place_block3_on_block5/over_edge_bt.json,place block_3 on block_5,"supported_by(block_3, block_5)",block_3,block_5,1,0,1.0,1,1,0,0,6,3,1.0,0.378682,0.633295,0,1,60.94659,medium,success,0,fallback_symbolic_effects,done,experiments/bt_selection_benchmark/results/bt_candidate_evaluations_v2b_physical_strategy_with_sim.csv,v2b_physical_strategy,v2b_physical_strategy,v2b_physical_strategy::state_003_t3::place_block3_on_block5
place_block3_on_block5,state_003_t3,3,far_offset_bt,far_offset_bt,experiments/bt_selection_benchmark/bt_candidates_v2b_physical_strategy/place_block3_on_block5/far_offset_bt.json,place block_3 on block_5,"supported_by(block_3, block_5)",block_3,block_5,1,0,1.0,1,1,0,0,6,3,1.0,0.379364,0.592587,0,1,61.021186,medium,success,0,fallback_symbolic_effects,done,experiments/bt_selection_benchmark/results/bt_candidate_evaluations_v2b_physical_strategy_with_sim.csv,v2b_physical_strategy,v2b_physical_strategy,v2b_physical_strategy::state_003_t3::place_block3_on_block5
place_block1_on_block5,state_003_t3,3,correct_bt,correct_bt,experiments/bt_selection_benchmark/bt_candidates_v2b_physical_strategy/place_block1_on_block5/correct_bt.json,place block_1 on block_5,"supported_by(block_1, block_5)",block_1,block_5,1,1,1.0,1,1,0,0,6,3,1.0,0.005723,0.661735,1,1,164.6193,good,success,0,fallback_symbolic_effects,done,experiments/bt_selection_benchmark/results/bt_candidate_evaluations_v2b_physical_strategy_with_sim.csv,v2b_physical_strategy,v2b_physical_strategy,v2b_physical_strategy::state_003_t3::place_block1_on_block5
place_block1_on_block5,state_003_t3,3,center_place_bt,center_place_bt,experiments/bt_selection_benchmark/bt_candidates_v2b_physical_strategy/place_block1_on_block5/center_place_bt.json,place block_1 on block_5,"supported_by(block_1, block_5)",block_1,block_5,1,1,1.0,1,1,0,0,6,3,1.0,0.004737,0.610881,1,1,164.730868,good,success,0,fallback_symbolic_effects,done,experiments/bt_selection_benchmark/results/bt_candidate_evaluations_v2b_physical_strategy_with_sim.csv,v2b_physical_strategy,v2b_physical_strategy,v2b_physical_strategy::state_003_t3::place_block1_on_block5
place_block1_on_block5,state_003_t3,3,edge_place_bt,edge_place_bt,experiments/bt_selection_benchmark/bt_candidates_v2b_physical_strategy/place_block1_on_block5/edge_place_bt.json,place block_1 on block_5,"supported_by(block_1, block_5)",block_1,block_5,1,1,1.0,1,1,0,0,6,3,1.0,0.003317,0.551866,1,1,164.863098,good,success,0,fallback_symbolic_effects,done,experiments/bt_selection_benchmark/results/bt_candidate_evaluations_v2b_physical_strategy_with_sim.csv,v2b_physical_strategy,v2b_physical_strategy,v2b_physical_strategy::state_003_t3::place_block1_on_block5
place_block1_on_block5,state_003_t3,3,corner_place_bt,corner_place_bt,experiments/bt_selection_benchmark/bt_candidates_v2b_physical_strategy/place_block1_on_block5/corner_place_bt.json,place block_1 on block_5,"supported_by(block_1, block_5)",block_1,block_5,1,1,1.0,1,1,0,0,6,3,1.0,0.011335,0.626103,1,1,164.634444,good,success,0,fallback_symbolic_effects,done,experiments/bt_selection_benchmark/results/bt_candidate_evaluations_v2b_physical_strategy_with_sim.csv,v2b_physical_strategy,v2b_physical_strategy,v2b_physical_strategy::state_003_t3::place_block1_on_block5
place_block1_on_block5,state_003_t3,3,over_edge_bt,over_edge_bt,experiments/bt_selection_benchmark/bt_candidates_v2b_physical_strategy/place_block1_on_block5/over_edge_bt.json,place block_1 on block_5,"supported_by(block_1, block_5)",block_1,block_5,1,0,1.0,1,1,0,0,6,3,1.0,0.381928,0.695194,0,1,60.790332,medium,success,0,fallback_symbolic_effects,done,experiments/bt_selection_benchmark/results/bt_candidate_evaluations_v2b_physical_strategy_with_sim.csv,v2b_physical_strategy,v2b_physical_strategy,v2b_physical_strategy::state_003_t3::place_block1_on_block5
place_block1_on_block5,state_003_t3,3,far_offset_bt,far_offset_bt,experiments/bt_selection_benchmark/bt_candidates_v2b_physical_strategy/place_block1_on_block5/far_offset_bt.json,place block_1 on block_5,"supported_by(block_1, block_5)",block_1,block_5,1,0,1.0,1,1,0,0,6,3,1.0,0.383114,0.622841,0,1,60.923178,medium,success,0,fallback_symbolic_effects,done,experiments/bt_selection_benchmark/results/bt_candidate_evaluations_v2b_physical_strategy_with_sim.csv,v2b_physical_strategy,v2b_physical_strategy,v2b_physical_strategy::state_003_t3::place_block1_on_block5
stack_block1_on_block3,state_003_t3,3,correct_bt,correct_bt,experiments/bt_selection_benchmark/bt_candidates_v2b_physical_strategy/stack_block1_on_block3/correct_bt.json,stack block_1 on block_3,"supported_by(block_1, block_3)",block_1,block_3,1,0,1.0,1,1,0,0,6,3,1.0,0.076883,0.663907,0,1,63.903356,medium,success,0,fallback_symbolic_effects,done,experiments/bt_selection_benchmark/results/bt_candidate_evaluations_v2b_physical_strategy_with_sim.csv,v2b_physical_strategy,v2b_physical_strategy,v2b_physical_strategy::state_003_t3::stack_block1_on_block3
stack_block1_on_block3,state_003_t3,3,center_place_bt,center_place_bt,experiments/bt_selection_benchmark/bt_candidates_v2b_physical_strategy/stack_block1_on_block3/center_place_bt.json,stack block_1 on block_3,"supported_by(block_1, block_3)",block_1,block_3,1,0,1.0,1,1,0,0,6,3,1.0,0.075298,0.65789,0,1,63.93124,medium,success,0,fallback_symbolic_effects,done,experiments/bt_selection_benchmark/results/bt_candidate_evaluations_v2b_physical_strategy_with_sim.csv,v2b_physical_strategy,v2b_physical_strategy,v2b_physical_strategy::state_003_t3::stack_block1_on_block3
stack_block1_on_block3,state_003_t3,3,edge_place_bt,edge_place_bt,experiments/bt_selection_benchmark/bt_candidates_v2b_physical_strategy/stack_block1_on_block3/edge_place_bt.json,stack block_1 on block_3,"supported_by(block_1, block_3)",block_1,block_3,1,0,1.0,1,1,0,0,6,3,1.0,0.08218,0.688672,0,1,63.800856,medium,success,0,fallback_symbolic_effects,done,experiments/bt_selection_benchmark/results/bt_candidate_evaluations_v2b_physical_strategy_with_sim.csv,v2b_physical_strategy,v2b_physical_strategy,v2b_physical_strategy::state_003_t3::stack_block1_on_block3
stack_block1_on_block3,state_003_t3,3,corner_place_bt,corner_place_bt,experiments/bt_selection_benchmark/bt_candidates_v2b_physical_strategy/stack_block1_on_block3/corner_place_bt.json,stack block_1 on block_3,"supported_by(block_1, block_3)",block_1,block_3,1,0,1.0,1,1,0,0,6,3,1.0,0.083559,0.602958,0,1,63.958494,medium,success,0,fallback_symbolic_effects,done,experiments/bt_selection_benchmark/results/bt_candidate_evaluations_v2b_physical_strategy_with_sim.csv,v2b_physical_strategy,v2b_physical_strategy,v2b_physical_strategy::state_003_t3::stack_block1_on_block3
stack_block1_on_block3,state_003_t3,3,over_edge_bt,over_edge_bt,experiments/bt_selection_benchmark/bt_candidates_v2b_physical_strategy/stack_block1_on_block3/over_edge_bt.json,stack block_1 on block_3,"supported_by(block_1, block_3)",block_1,block_3,1,0,1.0,1,1,0,0,6,3,1.0,0.082879,0.681624,0,1,63.807962,medium,success,0,fallback_symbolic_effects,done,experiments/bt_selection_benchmark/results/bt_candidate_evaluations_v2b_physical_strategy_with_sim.csv,v2b_physical_strategy,v2b_physical_strategy,v2b_physical_strategy::state_003_t3::stack_block1_on_block3
stack_block1_on_block3,state_003_t3,3,far_offset_bt,far_offset_bt,experiments/bt_selection_benchmark/bt_candidates_v2b_physical_strategy/stack_block1_on_block3/far_offset_bt.json,stack block_1 on block_3,"supported_by(block_1, block_3)",block_1,block_3,1,0,1.0,1,1,0,0,6,3,1.0,0.453139,0.731593,0,1,60.005424,medium,success,0,fallback_symbolic_effects,done,experiments/bt_selection_benchmark/results/bt_candidate_evaluations_v2b_physical_strategy_with_sim.csv,v2b_physical_strategy,v2b_physical_strategy,v2b_physical_strategy::state_003_t3::stack_block1_on_block3
stack_block3_on_block1,state_003_t3,3,correct_bt,correct_bt,experiments/bt_selection_benchmark/bt_candidates_v2b_physical_strategy/stack_block3_on_block1/correct_bt.json,stack block_3 on block_1,"supported_by(block_3, block_1)",block_3,block_1,1,0,1.0,1,1,0,0,6,3,1.0,0.081741,0.675101,0,1,63.832388,medium,success,0,fallback_symbolic_effects,done,experiments/bt_selection_benchmark/results/bt_candidate_evaluations_v2b_physical_strategy_with_sim.csv,v2b_physical_strategy,v2b_physical_strategy,v2b_physical_strategy::state_003_t3::stack_block3_on_block1
stack_block3_on_block1,state_003_t3,3,center_place_bt,center_place_bt,experiments/bt_selection_benchmark/bt_candidates_v2b_physical_strategy/stack_block3_on_block1/center_place_bt.json,stack block_3 on block_1,"supported_by(block_3, block_1)",block_3,block_1,1,0,1.0,1,1,0,0,6,3,1.0,0.080186,0.687592,0,1,63.822956,medium,success,0,fallback_symbolic_effects,done,experiments/bt_selection_benchmark/results/bt_candidate_evaluations_v2b_physical_strategy_with_sim.csv,v2b_physical_strategy,v2b_physical_strategy,v2b_physical_strategy::state_003_t3::stack_block3_on_block1
stack_block3_on_block1,state_003_t3,3,edge_place_bt,edge_place_bt,experiments/bt_selection_benchmark/bt_candidates_v2b_physical_strategy/stack_block3_on_block1/edge_place_bt.json,stack block_3 on block_1,"supported_by(block_3, block_1)",block_3,block_1,1,0,1.0,1,1,0,0,6,3,1.0,0.078031,0.643729,0,1,63.932232,medium,success,0,fallback_symbolic_effects,done,experiments/bt_selection_benchmark/results/bt_candidate_evaluations_v2b_physical_strategy_with_sim.csv,v2b_physical_strategy,v2b_physical_strategy,v2b_physical_strategy::state_003_t3::stack_block3_on_block1
stack_block3_on_block1,state_003_t3,3,corner_place_bt,corner_place_bt,experiments/bt_selection_benchmark/bt_candidates_v2b_physical_strategy/stack_block3_on_block1/corner_place_bt.json,stack block_3 on block_1,"supported_by(block_3, block_1)",block_3,block_1,1,0,1.0,1,1,0,0,6,3,1.0,0.083973,0.710464,0,1,63.739342,medium,success,0,fallback_symbolic_effects,done,experiments/bt_selection_benchmark/results/bt_candidate_evaluations_v2b_physical_strategy_with_sim.csv,v2b_physical_strategy,v2b_physical_strategy,v2b_physical_strategy::state_003_t3::stack_block3_on_block1
stack_block3_on_block1,state_003_t3,3,over_edge_bt,over_edge_bt,experiments/bt_selection_benchmark/bt_candidates_v2b_physical_strategy/stack_block3_on_block1/over_edge_bt.json,stack block_3 on block_1,"supported_by(block_3, block_1)",block_3,block_1,1,0,1.0,1,1,0,0,6,3,1.0,0.078307,0.771466,0,1,63.673998,medium,success,0,fallback_symbolic_effects,done,experiments/bt_selection_benchmark/results/bt_candidate_evaluations_v2b_physical_strategy_with_sim.csv,v2b_physical_strategy,v2b_physical_strategy,v2b_physical_strategy::state_003_t3::stack_block3_on_block1
stack_block3_on_block1,state_003_t3,3,far_offset_bt,far_offset_bt,experiments/bt_selection_benchmark/bt_candidates_v2b_physical_strategy/stack_block3_on_block1/far_offset_bt.json,stack block_3 on block_1,"supported_by(block_3, block_1)",block_3,block_1,1,0,1.0,1,1,0,0,6,3,1.0,0.088923,0.72389,0,1,63.66299,medium,success,0,fallback_symbolic_effects,done,experiments/bt_selection_benchmark/results/bt_candidate_evaluations_v2b_physical_strategy_with_sim.csv,v2b_physical_strategy,v2b_physical_strategy,v2b_physical_strategy::state_003_t3::stack_block3_on_block1
place_block3_on_block5,state_004_t4,4,correct_bt,correct_bt,experiments/bt_selection_benchmark/bt_candidates_v2b_physical_strategy/place_block3_on_block5/correct_bt.json,place block_3 on block_5,"supported_by(block_3, block_5)",block_3,block_5,1,1,1.0,1,1,0,0,6,3,1.0,0.00194,0.590783,1,1,164.799034,good,success,0,fallback_symbolic_effects,done,experiments/bt_selection_benchmark/results/bt_candidate_evaluations_v2b_physical_strategy_with_sim.csv,v2b_physical_strategy,v2b_physical_strategy,v2b_physical_strategy::state_004_t4::place_block3_on_block5
place_block3_on_block5,state_004_t4,4,center_place_bt,center_place_bt,experiments/bt_selection_benchmark/bt_candidates_v2b_physical_strategy/place_block3_on_block5/center_place_bt.json,place block_3 on block_5,"supported_by(block_3, block_5)",block_3,block_5,1,1,1.0,1,1,0,0,6,3,1.0,0.003794,0.563997,1,1,164.834066,good,success,0,fallback_symbolic_effects,done,experiments/bt_selection_benchmark/results/bt_candidate_evaluations_v2b_physical_strategy_with_sim.csv,v2b_physical_strategy,v2b_physical_strategy,v2b_physical_strategy::state_004_t4::place_block3_on_block5
place_block3_on_block5,state_004_t4,4,edge_place_bt,edge_place_bt,experiments/bt_selection_benchmark/bt_candidates_v2b_physical_strategy/place_block3_on_block5/edge_place_bt.json,place block_3 on block_5,"supported_by(block_3, block_5)",block_3,block_5,1,1,1.0,1,1,0,0,6,3,1.0,0.006731,0.58328,1,1,164.76613,good,success,0,fallback_symbolic_effects,done,experiments/bt_selection_benchmark/results/bt_candidate_evaluations_v2b_physical_strategy_with_sim.csv,v2b_physical_strategy,v2b_physical_strategy,v2b_physical_strategy::state_004_t4::place_block3_on_block5
place_block3_on_block5,state_004_t4,4,corner_place_bt,corner_place_bt,experiments/bt_selection_benchmark/bt_candidates_v2b_physical_strategy/place_block3_on_block5/corner_place_bt.json,place block_3 on block_5,"supported_by(block_3, block_5)",block_3,block_5,1,1,1.0,1,1,0,0,6,3,1.0,0.002575,0.730006,1,1,164.514238,good,success,0,fallback_symbolic_effects,done,experiments/bt_selection_benchmark/results/bt_candidate_evaluations_v2b_physical_strategy_with_sim.csv,v2b_physical_strategy,v2b_physical_strategy,v2b_physical_strategy::state_004_t4::place_block3_on_block5
place_block3_on_block5,state_004_t4,4,over_edge_bt,over_edge_bt,experiments/bt_selection_benchmark/bt_candidates_v2b_physical_strategy/place_block3_on_block5/over_edge_bt.json,place block_3 on block_5,"supported_by(block_3, block_5)",block_3,block_5,1,0,1.0,1,1,0,0,6,3,1.0,0.375818,0.668447,0,1,60.904926,medium,success,0,fallback_symbolic_effects,done,experiments/bt_selection_benchmark/results/bt_candidate_evaluations_v2b_physical_strategy_with_sim.csv,v2b_physical_strategy,v2b_physical_strategy,v2b_physical_strategy::state_004_t4::place_block3_on_block5
place_block3_on_block5,state_004_t4,4,far_offset_bt,far_offset_bt,experiments/bt_selection_benchmark/bt_candidates_v2b_physical_strategy/place_block3_on_block5/far_offset_bt.json,place block_3 on block_5,"supported_by(block_3, block_5)",block_3,block_5,1,0,1.0,1,1,0,0,6,3,1.0,0.378203,0.70494,0,1,60.80809,medium,success,0,fallback_symbolic_effects,done,experiments/bt_selection_benchmark/results/bt_candidate_evaluations_v2b_physical_strategy_with_sim.csv,v2b_physical_strategy,v2b_physical_strategy,v2b_physical_strategy::state_004_t4::place_block3_on_block5
place_block1_on_block5,state_004_t4,4,correct_bt,correct_bt,experiments/bt_selection_benchmark/bt_candidates_v2b_physical_strategy/place_block1_on_block5/correct_bt.json,place block_1 on block_5,"supported_by(block_1, block_5)",block_1,block_5,1,1,1.0,1,1,0,0,6,3,1.0,0.003123,0.652784,1,1,164.663202,good,success,0,fallback_symbolic_effects,done,experiments/bt_selection_benchmark/results/bt_candidate_evaluations_v2b_physical_strategy_with_sim.csv,v2b_physical_strategy,v2b_physical_strategy,v2b_physical_strategy::state_004_t4::place_block1_on_block5
place_block1_on_block5,state_004_t4,4,center_place_bt,center_place_bt,experiments/bt_selection_benchmark/bt_candidates_v2b_physical_strategy/place_block1_on_block5/center_place_bt.json,place block_1 on block_5,"supported_by(block_1, block_5)",block_1,block_5,1,1,1.0,1,1,0,0,6,3,1.0,0.003404,0.548357,1,1,164.869246,good,success,0,fallback_symbolic_effects,done,experiments/bt_selection_benchmark/results/bt_candidate_evaluations_v2b_physical_strategy_with_sim.csv,v2b_physical_strategy,v2b_physical_strategy,v2b_physical_strategy::state_004_t4::place_block1_on_block5
place_block1_on_block5,state_004_t4,4,edge_place_bt,edge_place_bt,experiments/bt_selection_benchmark/bt_candidates_v2b_physical_strategy/place_block1_on_block5/edge_place_bt.json,place block_1 on block_5,"supported_by(block_1, block_5)",block_1,block_5,1,1,1.0,1,1,0,0,6,3,1.0,0.001968,0.680998,1,1,164.618324,good,success,0,fallback_symbolic_effects,done,experiments/bt_selection_benchmark/results/bt_candidate_evaluations_v2b_physical_strategy_with_sim.csv,v2b_physical_strategy,v2b_physical_strategy,v2b_physical_strategy::state_004_t4::place_block1_on_block5
place_block1_on_block5,state_004_t4,4,corner_place_bt,corner_place_bt,experiments/bt_selection_benchmark/bt_candidates_v2b_physical_strategy/place_block1_on_block5/corner_place_bt.json,place block_1 on block_5,"supported_by(block_1, block_5)",block_1,block_5,1,1,1.0,1,1,0,0,6,3,1.0,0.008508,0.663659,1,1,164.587602,good,success,0,fallback_symbolic_effects,done,experiments/bt_selection_benchmark/results/bt_candidate_evaluations_v2b_physical_strategy_with_sim.csv,v2b_physical_strategy,v2b_physical_strategy,v2b_physical_strategy::state_004_t4::place_block1_on_block5
place_block1_on_block5,state_004_t4,4,over_edge_bt,over_edge_bt,experiments/bt_selection_benchmark/bt_candidates_v2b_physical_strategy/place_block1_on_block5/over_edge_bt.json,place block_1 on block_5,"supported_by(block_1, block_5)",block_1,block_5,1,0,1.0,1,1,0,0,6,3,1.0,0.374066,0.646919,0,1,60.965502,medium,success,0,fallback_symbolic_effects,done,experiments/bt_selection_benchmark/results/bt_candidate_evaluations_v2b_physical_strategy_with_sim.csv,v2b_physical_strategy,v2b_physical_strategy,v2b_physical_strategy::state_004_t4::place_block1_on_block5
place_block1_on_block5,state_004_t4,4,far_offset_bt,far_offset_bt,experiments/bt_selection_benchmark/bt_candidates_v2b_physical_strategy/place_block1_on_block5/far_offset_bt.json,place block_1 on block_5,"supported_by(block_1, block_5)",block_1,block_5,1,0,1.0,1,1,0,0,6,3,1.0,0.379473,0.750105,0,1,60.70506,medium,success,0,fallback_symbolic_effects,done,experiments/bt_selection_benchmark/results/bt_candidate_evaluations_v2b_physical_strategy_with_sim.csv,v2b_physical_strategy,v2b_physical_strategy,v2b_physical_strategy::state_004_t4::place_block1_on_block5
stack_block1_on_block3,state_004_t4,4,correct_bt,correct_bt,experiments/bt_selection_benchmark/bt_candidates_v2b_physical_strategy/stack_block1_on_block3/correct_bt.json,stack block_1 on block_3,"supported_by(block_1, block_3)",block_1,block_3,1,0,1.0,1,1,0,0,6,3,1.0,0.081173,0.691354,0,1,63.805562,medium,success,0,fallback_symbolic_effects,done,experiments/bt_selection_benchmark/results/bt_candidate_evaluations_v2b_physical_strategy_with_sim.csv,v2b_physical_strategy,v2b_physical_strategy,v2b_physical_strategy::state_004_t4::stack_block1_on_block3
stack_block1_on_block3,state_004_t4,4,center_place_bt,center_place_bt,experiments/bt_selection_benchmark/bt_candidates_v2b_physical_strategy/stack_block1_on_block3/center_place_bt.json,stack block_1 on block_3,"supported_by(block_1, block_3)",block_1,block_3,1,0,1.0,1,1,0,0,6,3,1.0,0.072821,0.67113,0,1,63.92953,medium,success,0,fallback_symbolic_effects,done,experiments/bt_selection_benchmark/results/bt_candidate_evaluations_v2b_physical_strategy_with_sim.csv,v2b_physical_strategy,v2b_physical_strategy,v2b_physical_strategy::state_004_t4::stack_block1_on_block3
stack_block1_on_block3,state_004_t4,4,edge_place_bt,edge_place_bt,experiments/bt_selection_benchmark/bt_candidates_v2b_physical_strategy/stack_block1_on_block3/edge_place_bt.json,stack block_1 on block_3,"supported_by(block_1, block_3)",block_1,block_3,1,0,1.0,1,1,0,0,6,3,1.0,0.07938,0.72108,0,1,63.76404,medium,success,0,fallback_symbolic_effects,done,experiments/bt_selection_benchmark/results/bt_candidate_evaluations_v2b_physical_strategy_with_sim.csv,v2b_physical_strategy,v2b_physical_strategy,v2b_physical_strategy::state_004_t4::stack_block1_on_block3
stack_block1_on_block3,state_004_t4,4,corner_place_bt,corner_place_bt,experiments/bt_selection_benchmark/bt_candidates_v2b_physical_strategy/stack_block1_on_block3/corner_place_bt.json,stack block_1 on block_3,"supported_by(block_1, block_3)",block_1,block_3,1,0,1.0,1,1,0,0,6,3,1.0,0.079411,0.743035,0,1,63.71982,medium,success,0,fallback_symbolic_effects,done,experiments/bt_selection_benchmark/results/bt_candidate_evaluations_v2b_physical_strategy_with_sim.csv,v2b_physical_strategy,v2b_physical_strategy,v2b_physical_strategy::state_004_t4::stack_block1_on_block3
stack_block1_on_block3,state_004_t4,4,over_edge_bt,over_edge_bt,experiments/bt_selection_benchmark/bt_candidates_v2b_physical_strategy/stack_block1_on_block3/over_edge_bt.json,stack block_1 on block_3,"supported_by(block_1, block_3)",block_1,block_3,1,0,1.0,1,1,0,0,6,3,1.0,0.087187,0.731659,0,1,63.664812,medium,success,0,fallback_symbolic_effects,done,experiments/bt_selection_benchmark/results/bt_candidate_evaluations_v2b_physical_strategy_with_sim.csv,v2b_physical_strategy,v2b_physical_strategy,v2b_physical_strategy::state_004_t4::stack_block1_on_block3
stack_block1_on_block3,state_004_t4,4,far_offset_bt,far_offset_bt,experiments/bt_selection_benchmark/bt_candidates_v2b_physical_strategy/stack_block1_on_block3/far_offset_bt.json,stack block_1 on block_3,"supported_by(block_1, block_3)",block_1,block_3,1,0,1.0,1,1,0,0,6,3,1.0,0.450274,0.614145,0,1,60.26897,medium,success,0,fallback_symbolic_effects,done,experiments/bt_selection_benchmark/results/bt_candidate_evaluations_v2b_physical_strategy_with_sim.csv,v2b_physical_strategy,v2b_physical_strategy,v2b_physical_strategy::state_004_t4::stack_block1_on_block3
stack_block3_on_block1,state_004_t4,4,correct_bt,correct_bt,experiments/bt_selection_benchmark/bt_candidates_v2b_physical_strategy/stack_block3_on_block1/correct_bt.json,stack block_3 on block_1,"supported_by(block_3, block_1)",block_3,block_1,1,0,1.0,1,1,0,0,6,3,1.0,0.079108,0.576745,0,1,64.05543,medium,success,0,fallback_symbolic_effects,done,experiments/bt_selection_benchmark/results/bt_candidate_evaluations_v2b_physical_strategy_with_sim.csv,v2b_physical_strategy,v2b_physical_strategy,v2b_physical_strategy::state_004_t4::stack_block3_on_block1
stack_block3_on_block1,state_004_t4,4,center_place_bt,center_place_bt,experiments/bt_selection_benchmark/bt_candidates_v2b_physical_strategy/stack_block3_on_block1/center_place_bt.json,stack block_3 on block_1,"supported_by(block_3, block_1)",block_3,block_1,1,0,1.0,1,1,0,0,6,3,1.0,0.084465,0.619127,0,1,63.917096,medium,success,0,fallback_symbolic_effects,done,experiments/bt_selection_benchmark/results/bt_candidate_evaluations_v2b_physical_strategy_with_sim.csv,v2b_physical_strategy,v2b_physical_strategy,v2b_physical_strategy::state_004_t4::stack_block3_on_block1
stack_block3_on_block1,state_004_t4,4,edge_place_bt,edge_place_bt,experiments/bt_selection_benchmark/bt_candidates_v2b_physical_strategy/stack_block3_on_block1/edge_place_bt.json,stack block_3 on block_1,"supported_by(block_3, block_1)",block_3,block_1,1,0,1.0,1,1,0,0,6,3,1.0,0.084801,0.771528,0,1,63.608934,medium,success,0,fallback_symbolic_effects,done,experiments/bt_selection_benchmark/results/bt_candidate_evaluations_v2b_physical_strategy_with_sim.csv,v2b_physical_strategy,v2b_physical_strategy,v2b_physical_strategy::state_004_t4::stack_block3_on_block1
stack_block3_on_block1,state_004_t4,4,corner_place_bt,corner_place_bt,experiments/bt_selection_benchmark/bt_candidates_v2b_physical_strategy/stack_block3_on_block1/corner_place_bt.json,stack block_3 on block_1,"supported_by(block_3, block_1)",block_3,block_1,1,0,1.0,1,1,0,0,6,3,1.0,0.089665,0.549893,0,1,64.003564,medium,success,0,fallback_symbolic_effects,done,experiments/bt_selection_benchmark/results/bt_candidate_evaluations_v2b_physical_strategy_with_sim.csv,v2b_physical_strategy,v2b_physical_strategy,v2b_physical_strategy::state_004_t4::stack_block3_on_block1
stack_block3_on_block1,state_004_t4,4,over_edge_bt,over_edge_bt,experiments/bt_selection_benchmark/bt_candidates_v2b_physical_strategy/stack_block3_on_block1/over_edge_bt.json,stack block_3 on block_1,"supported_by(block_3, block_1)",block_3,block_1,1,0,1.0,1,1,0,0,6,3,1.0,0.080685,0.714678,0,1,63.763794,medium,success,0,fallback_symbolic_effects,done,experiments/bt_selection_benchmark/results/bt_candidate_evaluations_v2b_physical_strategy_with_sim.csv,v2b_physical_strategy,v2b_physical_strategy,v2b_physical_strategy::state_004_t4::stack_block3_on_block1
stack_block3_on_block1,state_004_t4,4,far_offset_bt,far_offset_bt,experiments/bt_selection_benchmark/bt_candidates_v2b_physical_strategy/stack_block3_on_block1/far_offset_bt.json,stack block_3 on block_1,"supported_by(block_3, block_1)",block_3,block_1,1,0,1.0,1,1,0,0,6,3,1.0,0.089251,0.736695,0,1,63.6341,medium,success,0,fallback_symbolic_effects,done,experiments/bt_selection_benchmark/results/bt_candidate_evaluations_v2b_physical_strategy_with_sim.csv,v2b_physical_strategy,v2b_physical_strategy,v2b_physical_strategy::state_004_t4::stack_block3_on_block1
hard_physical_place_block3_on_block5,state_000_t0,0,stable_center_bt,stable_center_bt,experiments/bt_selection_benchmark/bt_candidates_v6_hard_cases/hard_physical_place_block3_on_block5/stable_center_bt.json,place block_3 on block_5 with physically stable placement,"supported_by(block_3, block_5)",block_3,block_5,1,1,1.0,1,1,0,0,6,3,1.0,0.005404,0.260046,1,1,165.425868,good,success,0,fallback_symbolic_effects,done,experiments/bt_selection_benchmark/results/bt_candidate_evaluations_v6_hard_cases_with_sim.csv,v6_hard_cases,v6_hard_cases,v6_hard_cases::state_000_t0::hard_physical_place_block3_on_block5
hard_physical_place_block3_on_block5,state_000_t0,0,symbolic_edge_bt,symbolic_edge_bt,experiments/bt_selection_benchmark/bt_candidates_v6_hard_cases/hard_physical_place_block3_on_block5/symbolic_edge_bt.json,place block_3 on block_5 with physically stable placement,"supported_by(block_3, block_5)",block_3,block_5,1,1,1.0,1,1,0,0,6,3,1.0,0.022574,0.2497,1,1,165.27486,good,success,0,fallback_symbolic_effects,done,experiments/bt_selection_benchmark/results/bt_candidate_evaluations_v6_hard_cases_with_sim.csv,v6_hard_cases,v6_hard_cases,v6_hard_cases::state_000_t0::hard_physical_place_block3_on_block5
hard_physical_place_block3_on_block5,state_000_t0,0,symbolic_corner_bt,symbolic_corner_bt,experiments/bt_selection_benchmark/bt_candidates_v6_hard_cases/hard_physical_place_block3_on_block5/symbolic_corner_bt.json,place block_3 on block_5 with physically stable placement,"supported_by(block_3, block_5)",block_3,block_5,1,1,1.0,1,1,0,0,6,3,1.0,0.0096,0.569223,1,1,164.765554,good,success,0,fallback_symbolic_effects,done,experiments/bt_selection_benchmark/results/bt_candidate_evaluations_v6_hard_cases_with_sim.csv,v6_hard_cases,v6_hard_cases,v6_hard_cases::state_000_t0::hard_physical_place_block3_on_block5
hard_physical_place_block3_on_block5,state_000_t0,0,unstable_over_edge_bt,unstable_over_edge_bt,experiments/bt_selection_benchmark/bt_candidates_v6_hard_cases/hard_physical_place_block3_on_block5/unstable_over_edge_bt.json,place block_3 on block_5 with physically stable placement,"supported_by(block_3, block_5)",block_3,block_5,1,0,1.0,1,1,0,0,6,3,1.0,0.375545,0.30742,0,1,61.62971,medium,success,0,fallback_symbolic_effects,done,experiments/bt_selection_benchmark/results/bt_candidate_evaluations_v6_hard_cases_with_sim.csv,v6_hard_cases,v6_hard_cases,v6_hard_cases::state_000_t0::hard_physical_place_block3_on_block5
hard_physical_place_block3_on_block5,state_000_t0,0,collision_far_offset_bt,collision_far_offset_bt,experiments/bt_selection_benchmark/bt_candidates_v6_hard_cases/hard_physical_place_block3_on_block5/collision_far_offset_bt.json,place block_3 on block_5 with physically stable placement,"supported_by(block_3, block_5)",block_3,block_5,1,0,1.0,1,1,0,0,6,3,1.0,0.378776,0.302933,0,1,61.606374,medium,success,0,fallback_symbolic_effects,done,experiments/bt_selection_benchmark/results/bt_candidate_evaluations_v6_hard_cases_with_sim.csv,v6_hard_cases,v6_hard_cases,v6_hard_cases::state_000_t0::hard_physical_place_block3_on_block5
hard_physical_place_block3_on_block5,state_000_t0,0,missing_precondition_bt,missing_precondition_bt,experiments/bt_selection_benchmark/bt_candidates_v6_hard_cases/hard_physical_place_block3_on_block5/missing_precondition_bt.json,place block_3 on block_5 with physically stable placement,"supported_by(block_3, block_5)",block_3,block_5,1,1,1.0,1,1,0,0,5,3,0.5,0.006354,0.477802,1,1,155.480856,good,success,0,fallback_symbolic_effects,done,experiments/bt_selection_benchmark/results/bt_candidate_evaluations_v6_hard_cases_with_sim.csv,v6_hard_cases,v6_hard_cases,v6_hard_cases::state_000_t0::hard_physical_place_block3_on_block5
hard_physical_place_block1_on_block5,state_000_t0,0,stable_center_bt,stable_center_bt,experiments/bt_selection_benchmark/bt_candidates_v6_hard_cases/hard_physical_place_block1_on_block5/stable_center_bt.json,place block_1 on block_5 with physically stable placement,"supported_by(block_1, block_5)",block_1,block_5,1,1,1.0,1,1,0,0,6,3,1.0,0.001019,0.474539,1,1,165.040732,good,success,0,fallback_symbolic_effects,done,experiments/bt_selection_benchmark/results/bt_candidate_evaluations_v6_hard_cases_with_sim.csv,v6_hard_cases,v6_hard_cases,v6_hard_cases::state_000_t0::hard_physical_place_block1_on_block5
hard_physical_place_block1_on_block5,state_000_t0,0,symbolic_edge_bt,symbolic_edge_bt,experiments/bt_selection_benchmark/bt_candidates_v6_hard_cases/hard_physical_place_block1_on_block5/symbolic_edge_bt.json,place block_1 on block_5 with physically stable placement,"supported_by(block_1, block_5)",block_1,block_5,1,1,1.0,1,1,0,0,6,3,1.0,0.032762,0.427867,1,1,164.816646,good,success,0,fallback_symbolic_effects,done,experiments/bt_selection_benchmark/results/bt_candidate_evaluations_v6_hard_cases_with_sim.csv,v6_hard_cases,v6_hard_cases,v6_hard_cases::state_000_t0::hard_physical_place_block1_on_block5
hard_physical_place_block1_on_block5,state_000_t0,0,symbolic_corner_bt,symbolic_corner_bt,experiments/bt_selection_benchmark/bt_candidates_v6_hard_cases/hard_physical_place_block1_on_block5/symbolic_corner_bt.json,place block_1 on block_5 with physically stable placement,"supported_by(block_1, block_5)",block_1,block_5,1,1,1.0,1,1,0,0,6,3,1.0,0.00882,0.449566,1,1,165.012668,good,success,0,fallback_symbolic_effects,done,experiments/bt_selection_benchmark/results/bt_candidate_evaluations_v6_hard_cases_with_sim.csv,v6_hard_cases,v6_hard_cases,v6_hard_cases::state_000_t0::hard_physical_place_block1_on_block5
hard_physical_place_block1_on_block5,state_000_t0,0,unstable_over_edge_bt,unstable_over_edge_bt,experiments/bt_selection_benchmark/bt_candidates_v6_hard_cases/hard_physical_place_block1_on_block5/unstable_over_edge_bt.json,place block_1 on block_5 with physically stable placement,"supported_by(block_1, block_5)",block_1,block_5,1,0,1.0,1,1,0,0,6,3,1.0,0.37954,0.522885,0,1,61.15883,medium,success,0,fallback_symbolic_effects,done,experiments/bt_selection_benchmark/results/bt_candidate_evaluations_v6_hard_cases_with_sim.csv,v6_hard_cases,v6_hard_cases,v6_hard_cases::state_000_t0::hard_physical_place_block1_on_block5
hard_physical_place_block1_on_block5,state_000_t0,0,collision_far_offset_bt,collision_far_offset_bt,experiments/bt_selection_benchmark/bt_candidates_v6_hard_cases/hard_physical_place_block1_on_block5/collision_far_offset_bt.json,place block_1 on block_5 with physically stable placement,"supported_by(block_1, block_5)",block_1,block_5,1,0,1.0,1,1,0,0,6,3,1.0,0.374498,0.347011,0,1,61.560998,medium,success,0,fallback_symbolic_effects,done,experiments/bt_selection_benchmark/results/bt_candidate_evaluations_v6_hard_cases_with_sim.csv,v6_hard_cases,v6_hard_cases,v6_hard_cases::state_000_t0::hard_physical_place_block1_on_block5
hard_physical_place_block1_on_block5,state_000_t0,0,missing_precondition_bt,missing_precondition_bt,experiments/bt_selection_benchmark/bt_candidates_v6_hard_cases/hard_physical_place_block1_on_block5/missing_precondition_bt.json,place block_1 on block_5 with physically stable placement,"supported_by(block_1, block_5)",block_1,block_5,1,1,1.0,1,1,0,0,5,3,0.5,0.004131,0.535062,1,1,155.388566,good,success,0,fallback_symbolic_effects,done,experiments/bt_selection_benchmark/results/bt_candidate_evaluations_v6_hard_cases_with_sim.csv,v6_hard_cases,v6_hard_cases,v6_hard_cases::state_000_t0::hard_physical_place_block1_on_block5
long_horizon_clear_then_stack_block2_on_block3,state_000_t0,0,correct_order_bt,correct_order_bt,experiments/bt_selection_benchmark/bt_candidates_v6_hard_cases/long_horizon_clear_then_stack_block2_on_block3/correct_order_bt.json,"move block_4 away, then stack block_2 on block_3","supported_by(block_2, block_3)",block_2,block_3,1,0,1.0,1,2,0,0,9,3,1.0,0.074197,0.898387,0,1,60.961256,medium,success,0,fallback_symbolic_effects,done,experiments/bt_selection_benchmark/results/bt_candidate_evaluations_v6_hard_cases_with_sim.csv,v6_hard_cases,v6_hard_cases,v6_hard_cases::state_000_t0::long_horizon_clear_then_stack_block2_on_block3
long_horizon_clear_then_stack_block2_on_block3,state_000_t0,0,wrong_order_bt,wrong_order_bt,experiments/bt_selection_benchmark/bt_candidates_v6_hard_cases/long_horizon_clear_then_stack_block2_on_block3/wrong_order_bt.json,"move block_4 away, then stack block_2 on block_3","supported_by(block_2, block_3)",block_2,block_3,1,0,1.0,1,2,0,0,9,3,1.0,0.073442,0.891834,0,1,60.981912,medium,success,0,fallback_symbolic_effects,done,experiments/bt_selection_benchmark/results/bt_candidate_evaluations_v6_hard_cases_with_sim.csv,v6_hard_cases,v6_hard_cases,v6_hard_cases::state_000_t0::long_horizon_clear_then_stack_block2_on_block3
long_horizon_clear_then_stack_block2_on_block3,state_000_t0,0,missing_clear_bt,missing_clear_bt,experiments/bt_selection_benchmark/bt_candidates_v6_hard_cases/long_horizon_clear_then_stack_block2_on_block3/missing_clear_bt.json,"move block_4 away, then stack block_2 on block_3","supported_by(block_2, block_3)",block_2,block_3,1,0,1.0,1,1,0,0,4,3,0.0,0.082804,0.270525,0,1,45.63091,bad,success,0,fallback_symbolic_effects,done,experiments/bt_selection_benchmark/results/bt_candidate_evaluations_v6_hard_cases_with_sim.csv,v6_hard_cases,v6_hard_cases,v6_hard_cases::state_000_t0::long_horizon_clear_then_stack_block2_on_block3
long_horizon_clear_then_stack_block2_on_block3,state_000_t0,0,redundant_repair_bt,redundant_repair_bt,experiments/bt_selection_benchmark/bt_candidates_v6_hard_cases/long_horizon_clear_then_stack_block2_on_block3/redundant_repair_bt.json,"move block_4 away, then stack block_2 on block_3","supported_by(block_2, block_3)",block_2,block_3,1,0,1.0,1,3,0,0,12,3,1.0,0.07802,0.895054,0,1,58.429692,bad,success,0,fallback_symbolic_effects,done,experiments/bt_selection_benchmark/results/bt_candidate_evaluations_v6_hard_cases_with_sim.csv,v6_hard_cases,v6_hard_cases,v6_hard_cases::state_000_t0::long_horizon_clear_then_stack_block2_on_block3
long_horizon_clear_then_stack_block2_on_block3,state_000_t0,0,wrong_support_bt,wrong_support_bt,experiments/bt_selection_benchmark/bt_candidates_v6_hard_cases/long_horizon_clear_then_stack_block2_on_block3/wrong_support_bt.json,"move block_4 away, then stack block_2 on block_3","supported_by(block_2, block_3)",block_2,block_3,0,0,0.0,1,1,0,0,6,3,0.5,0.002763,0.392619,0,1,-14.812868,bad,success,0,fallback_symbolic_effects,done,experiments/bt_selection_benchmark/results/bt_candidate_evaluations_v6_hard_cases_with_sim.csv,v6_hard_cases,v6_hard_cases,v6_hard_cases::state_000_t0::long_horizon_clear_then_stack_block2_on_block3
long_horizon_clear_then_stack_block2_on_block3,state_000_t0,0,unsafe_or_invalid_bt,unsafe_or_invalid_bt,experiments/bt_selection_benchmark/bt_candidates_v6_hard_cases/long_horizon_clear_then_stack_block2_on_block3/unsafe_or_invalid_bt.json,"move block_4 away, then stack block_2 on block_3","supported_by(block_2, block_3)",block_2,block_3,0,0,0.0,1,1,0,2,4,3,0.0,1.0,0.0,0,1,-33.0,bad,success,0,fallback_symbolic_effects,skipped,experiments/bt_selection_benchmark/results/bt_candidate_evaluations_v6_hard_cases_with_sim.csv,v6_hard_cases,v6_hard_cases,v6_hard_cases::state_000_t0::long_horizon_clear_then_stack_block2_on_block3
long_horizon_prepare_then_stack_block1_on_block3,state_000_t0,0,correct_order_bt,correct_order_bt,experiments/bt_selection_benchmark/bt_candidates_v6_hard_cases/long_horizon_prepare_then_stack_block1_on_block3/correct_order_bt.json,"move block_2 away, then stack block_1 on block_3","supported_by(block_1, block_3)",block_1,block_3,1,0,1.0,1,2,0,0,9,3,1.0,0.086055,0.88964,0,1,60.86017,medium,success,0,fallback_symbolic_effects,done,experiments/bt_selection_benchmark/results/bt_candidate_evaluations_v6_hard_cases_with_sim.csv,v6_hard_cases,v6_hard_cases,v6_hard_cases::state_000_t0::long_horizon_prepare_then_stack_block1_on_block3
long_horizon_prepare_then_stack_block1_on_block3,state_000_t0,0,wrong_order_bt,wrong_order_bt,experiments/bt_selection_benchmark/bt_candidates_v6_hard_cases/long_horizon_prepare_then_stack_block1_on_block3/wrong_order_bt.json,"move block_2 away, then stack block_1 on block_3","supported_by(block_1, block_3)",block_1,block_3,1,0,1.0,1,2,0,0,9,3,1.0,0.078661,0.895427,0,1,60.922536,medium,success,0,fallback_symbolic_effects,done,experiments/bt_selection_benchmark/results/bt_candidate_evaluations_v6_hard_cases_with_sim.csv,v6_hard_cases,v6_hard_cases,v6_hard_cases::state_000_t0::long_horizon_prepare_then_stack_block1_on_block3
long_horizon_prepare_then_stack_block1_on_block3,state_000_t0,0,missing_clear_bt,missing_clear_bt,experiments/bt_selection_benchmark/bt_candidates_v6_hard_cases/long_horizon_prepare_then_stack_block1_on_block3/missing_clear_bt.json,"move block_2 away, then stack block_1 on block_3","supported_by(block_1, block_3)",block_1,block_3,1,0,1.0,1,1,0,0,4,3,0.0,0.118146,0.274757,0,1,45.269026,bad,success,0,fallback_symbolic_effects,done,experiments/bt_selection_benchmark/results/bt_candidate_evaluations_v6_hard_cases_with_sim.csv,v6_hard_cases,v6_hard_cases,v6_hard_cases::state_000_t0::long_horizon_prepare_then_stack_block1_on_block3
long_horizon_prepare_then_stack_block1_on_block3,state_000_t0,0,redundant_repair_bt,redundant_repair_bt,experiments/bt_selection_benchmark/bt_candidates_v6_hard_cases/long_horizon_prepare_then_stack_block1_on_block3/redundant_repair_bt.json,"move block_2 away, then stack block_1 on block_3","supported_by(block_1, block_3)",block_1,block_3,1,0,1.0,1,3,0,0,12,3,1.0,0.084516,0.893782,0,1,58.367276,bad,success,0,fallback_symbolic_effects,done,experiments/bt_selection_benchmark/results/bt_candidate_evaluations_v6_hard_cases_with_sim.csv,v6_hard_cases,v6_hard_cases,v6_hard_cases::state_000_t0::long_horizon_prepare_then_stack_block1_on_block3
long_horizon_prepare_then_stack_block1_on_block3,state_000_t0,0,wrong_support_bt,wrong_support_bt,experiments/bt_selection_benchmark/bt_candidates_v6_hard_cases/long_horizon_prepare_then_stack_block1_on_block3/wrong_support_bt.json,"move block_2 away, then stack block_1 on block_3","supported_by(block_1, block_3)",block_1,block_3,0,0,0.0,1,1,0,0,6,3,0.5,0.008704,0.45347,0,1,-14.99398,bad,success,0,fallback_symbolic_effects,done,experiments/bt_selection_benchmark/results/bt_candidate_evaluations_v6_hard_cases_with_sim.csv,v6_hard_cases,v6_hard_cases,v6_hard_cases::state_000_t0::long_horizon_prepare_then_stack_block1_on_block3
long_horizon_prepare_then_stack_block1_on_block3,state_000_t0,0,unsafe_or_invalid_bt,unsafe_or_invalid_bt,experiments/bt_selection_benchmark/bt_candidates_v6_hard_cases/long_horizon_prepare_then_stack_block1_on_block3/unsafe_or_invalid_bt.json,"move block_2 away, then stack block_1 on block_3","supported_by(block_1, block_3)",block_1,block_3,0,0,0.0,1,1,0,2,4,3,0.0,1.0,0.0,0,1,-33.0,bad,success,0,fallback_symbolic_effects,skipped,experiments/bt_selection_benchmark/results/bt_candidate_evaluations_v6_hard_cases_with_sim.csv,v6_hard_cases,v6_hard_cases,v6_hard_cases::state_000_t0::long_horizon_prepare_then_stack_block1_on_block3
constrained_support_block3_on_block1,state_000_t0,0,stable_center_bt,stable_center_bt,experiments/bt_selection_benchmark/bt_candidates_v6_hard_cases/constrained_support_block3_on_block1/stable_center_bt.json,place block_3 on block_1 while avoiding unstable edge and contact-risk placement,"supported_by(block_3, block_1)",block_3,block_1,1,0,1.0,1,1,0,0,6,3,1.0,0.085733,0.480607,0,1,64.181456,medium,success,0,fallback_symbolic_effects,done,experiments/bt_selection_benchmark/results/bt_candidate_evaluations_v6_hard_cases_with_sim.csv,v6_hard_cases,v6_hard_cases,v6_hard_cases::state_000_t0::constrained_support_block3_on_block1
constrained_support_block3_on_block1,state_000_t0,0,narrow_edge_bt,narrow_edge_bt,experiments/bt_selection_benchmark/bt_candidates_v6_hard_cases/constrained_support_block3_on_block1/narrow_edge_bt.json,place block_3 on block_1 while avoiding unstable edge and contact-risk placement,"supported_by(block_3, block_1)",block_3,block_1,1,1,1.0,1,1,0,0,6,3,1.0,0.017316,0.503292,1,1,164.820256,good,success,0,fallback_symbolic_effects,done,experiments/bt_selection_benchmark/results/bt_candidate_evaluations_v6_hard_cases_with_sim.csv,v6_hard_cases,v6_hard_cases,v6_hard_cases::state_000_t0::constrained_support_block3_on_block1
constrained_support_block3_on_block1,state_000_t0,0,symbolic_edge_bt,symbolic_edge_bt,experiments/bt_selection_benchmark/bt_candidates_v6_hard_cases/constrained_support_block3_on_block1/symbolic_edge_bt.json,place block_3 on block_1 while avoiding unstable edge and contact-risk placement,"supported_by(block_3, block_1)",block_3,block_1,1,0,1.0,1,1,0,0,6,3,1.0,0.090301,0.367732,0,1,64.361526,medium,success,0,fallback_symbolic_effects,done,experiments/bt_selection_benchmark/results/bt_candidate_evaluations_v6_hard_cases_with_sim.csv,v6_hard_cases,v6_hard_cases,v6_hard_cases::state_000_t0::constrained_support_block3_on_block1
constrained_support_block3_on_block1,state_000_t0,0,collision_risk_bt,collision_risk_bt,experiments/bt_selection_benchmark/bt_candidates_v6_hard_cases/constrained_support_block3_on_block1/collision_risk_bt.json,place block_3 on block_1 while avoiding unstable edge and contact-risk placement,"supported_by(block_3, block_1)",block_3,block_1,1,0,1.0,1,1,0,0,6,3,1.0,0.087906,0.259633,0,1,64.601674,medium,success,0,fallback_symbolic_effects,done,experiments/bt_selection_benchmark/results/bt_candidate_evaluations_v6_hard_cases_with_sim.csv,v6_hard_cases,v6_hard_cases,v6_hard_cases::state_000_t0::constrained_support_block3_on_block1
constrained_support_block3_on_block1,state_000_t0,0,unstable_over_edge_bt,unstable_over_edge_bt,experiments/bt_selection_benchmark/bt_candidates_v6_hard_cases/constrained_support_block3_on_block1/unstable_over_edge_bt.json,place block_3 on block_1 while avoiding unstable edge and contact-risk placement,"supported_by(block_3, block_1)",block_3,block_1,1,0,1.0,1,1,0,0,6,3,1.0,0.077809,0.531527,0,1,64.158856,medium,success,0,fallback_symbolic_effects,done,experiments/bt_selection_benchmark/results/bt_candidate_evaluations_v6_hard_cases_with_sim.csv,v6_hard_cases,v6_hard_cases,v6_hard_cases::state_000_t0::constrained_support_block3_on_block1
constrained_support_block3_on_block1,state_000_t0,0,far_offset_bt,far_offset_bt,experiments/bt_selection_benchmark/bt_candidates_v6_hard_cases/constrained_support_block3_on_block1/far_offset_bt.json,place block_3 on block_1 while avoiding unstable edge and contact-risk placement,"supported_by(block_3, block_1)",block_3,block_1,1,0,1.0,1,1,0,0,6,3,1.0,0.080898,0.551233,0,1,64.088554,medium,success,0,fallback_symbolic_effects,done,experiments/bt_selection_benchmark/results/bt_candidate_evaluations_v6_hard_cases_with_sim.csv,v6_hard_cases,v6_hard_cases,v6_hard_cases::state_000_t0::constrained_support_block3_on_block1
constrained_support_block1_on_block3,state_000_t0,0,stable_center_bt,stable_center_bt,experiments/bt_selection_benchmark/bt_candidates_v6_hard_cases/constrained_support_block1_on_block3/stable_center_bt.json,place block_1 on block_3 while avoiding unstable edge and contact-risk placement,"supported_by(block_1, block_3)",block_1,block_3,1,0,1.0,1,1,0,0,6,3,1.0,0.080108,0.389196,0,1,64.420528,medium,success,0,fallback_symbolic_effects,done,experiments/bt_selection_benchmark/results/bt_candidate_evaluations_v6_hard_cases_with_sim.csv,v6_hard_cases,v6_hard_cases,v6_hard_cases::state_000_t0::constrained_support_block1_on_block3
constrained_support_block1_on_block3,state_000_t0,0,narrow_edge_bt,narrow_edge_bt,experiments/bt_selection_benchmark/bt_candidates_v6_hard_cases/constrained_support_block1_on_block3/narrow_edge_bt.json,place block_1 on block_3 while avoiding unstable edge and contact-risk placement,"supported_by(block_1, block_3)",block_1,block_3,1,0,1.0,1,1,0,0,6,3,1.0,0.07466,0.300779,0,1,64.651842,medium,success,0,fallback_symbolic_effects,done,experiments/bt_selection_benchmark/results/bt_candidate_evaluations_v6_hard_cases_with_sim.csv,v6_hard_cases,v6_hard_cases,v6_hard_cases::state_000_t0::constrained_support_block1_on_block3
constrained_support_block1_on_block3,state_000_t0,0,symbolic_edge_bt,symbolic_edge_bt,experiments/bt_selection_benchmark/bt_candidates_v6_hard_cases/constrained_support_block1_on_block3/symbolic_edge_bt.json,place block_1 on block_3 while avoiding unstable edge and contact-risk placement,"supported_by(block_1, block_3)",block_1,block_3,1,1,1.0,1,1,0,0,6,3,1.0,0.035148,0.291306,1,1,165.065908,good,success,0,fallback_symbolic_effects,done,experiments/bt_selection_benchmark/results/bt_candidate_evaluations_v6_hard_cases_with_sim.csv,v6_hard_cases,v6_hard_cases,v6_hard_cases::state_000_t0::constrained_support_block1_on_block3
constrained_support_block1_on_block3,state_000_t0,0,collision_risk_bt,collision_risk_bt,experiments/bt_selection_benchmark/bt_candidates_v6_hard_cases/constrained_support_block1_on_block3/collision_risk_bt.json,place block_1 on block_3 while avoiding unstable edge and contact-risk placement,"supported_by(block_1, block_3)",block_1,block_3,1,0,1.0,1,1,0,0,6,3,1.0,0.082147,0.52659,0,1,64.12535,medium,success,0,fallback_symbolic_effects,done,experiments/bt_selection_benchmark/results/bt_candidate_evaluations_v6_hard_cases_with_sim.csv,v6_hard_cases,v6_hard_cases,v6_hard_cases::state_000_t0::constrained_support_block1_on_block3
constrained_support_block1_on_block3,state_000_t0,0,unstable_over_edge_bt,unstable_over_edge_bt,experiments/bt_selection_benchmark/bt_candidates_v6_hard_cases/constrained_support_block1_on_block3/unstable_over_edge_bt.json,place block_1 on block_3 while avoiding unstable edge and contact-risk placement,"supported_by(block_1, block_3)",block_1,block_3,1,0,1.0,1,1,0,0,6,3,1.0,0.077444,0.234445,0,1,64.75667,medium,success,0,fallback_symbolic_effects,done,experiments/bt_selection_benchmark/results/bt_candidate_evaluations_v6_hard_cases_with_sim.csv,v6_hard_cases,v6_hard_cases,v6_hard_cases::state_000_t0::constrained_support_block1_on_block3
constrained_support_block1_on_block3,state_000_t0,0,far_offset_bt,far_offset_bt,experiments/bt_selection_benchmark/bt_candidates_v6_hard_cases/constrained_support_block1_on_block3/far_offset_bt.json,place block_1 on block_3 while avoiding unstable edge and contact-risk placement,"supported_by(block_1, block_3)",block_1,block_3,1,0,1.0,1,1,0,0,6,3,1.0,0.072106,0.247524,0,1,64.783892,medium,success,0,fallback_symbolic_effects,done,experiments/bt_selection_benchmark/results/bt_candidate_evaluations_v6_hard_cases_with_sim.csv,v6_hard_cases,v6_hard_cases,v6_hard_cases::state_000_t0::constrained_support_block1_on_block3
hard_physical_place_block3_on_block5,state_001_t1,1,stable_center_bt,stable_center_bt,experiments/bt_selection_benchmark/bt_candidates_v6_hard_cases/hard_physical_place_block3_on_block5/stable_center_bt.json,place block_3 on block_5 with physically stable placement,"supported_by(block_3, block_5)",block_3,block_5,1,1,1.0,1,1,0,0,6,3,1.0,0.006228,0.657902,1,1,164.621916,good,success,0,fallback_symbolic_effects,done,experiments/bt_selection_benchmark/results/bt_candidate_evaluations_v6_hard_cases_with_sim.csv,v6_hard_cases,v6_hard_cases,v6_hard_cases::state_001_t1::hard_physical_place_block3_on_block5
hard_physical_place_block3_on_block5,state_001_t1,1,symbolic_edge_bt,symbolic_edge_bt,experiments/bt_selection_benchmark/bt_candidates_v6_hard_cases/hard_physical_place_block3_on_block5/symbolic_edge_bt.json,place block_3 on block_5 with physically stable placement,"supported_by(block_3, block_5)",block_3,block_5,1,1,1.0,1,1,0,0,6,3,1.0,0.025586,0.618293,1,1,164.507554,good,success,0,fallback_symbolic_effects,done,experiments/bt_selection_benchmark/results/bt_candidate_evaluations_v6_hard_cases_with_sim.csv,v6_hard_cases,v6_hard_cases,v6_hard_cases::state_001_t1::hard_physical_place_block3_on_block5
hard_physical_place_block3_on_block5,state_001_t1,1,symbolic_corner_bt,symbolic_corner_bt,experiments/bt_selection_benchmark/bt_candidates_v6_hard_cases/hard_physical_place_block3_on_block5/symbolic_corner_bt.json,place block_3 on block_5 with physically stable placement,"supported_by(block_3, block_5)",block_3,block_5,1,1,1.0,1,1,0,0,6,3,1.0,0.011705,0.659431,1,1,164.564088,good,success,0,fallback_symbolic_effects,done,experiments/bt_selection_benchmark/results/bt_candidate_evaluations_v6_hard_cases_with_sim.csv,v6_hard_cases,v6_hard_cases,v6_hard_cases::state_001_t1::hard_physical_place_block3_on_block5
hard_physical_place_block3_on_block5,state_001_t1,1,unstable_over_edge_bt,unstable_over_edge_bt,experiments/bt_selection_benchmark/bt_candidates_v6_hard_cases/hard_physical_place_block3_on_block5/unstable_over_edge_bt.json,place block_3 on block_5 with physically stable placement,"supported_by(block_3, block_5)",block_3,block_5,1,0,1.0,1,1,0,0,6,3,1.0,0.374375,0.631502,0,1,60.993246,medium,success,0,fallback_symbolic_effects,done,experiments/bt_selection_benchmark/results/bt_candidate_evaluations_v6_hard_cases_with_sim.csv,v6_hard_cases,v6_hard_cases,v6_hard_cases::state_001_t1::hard_physical_place_block3_on_block5
hard_physical_place_block3_on_block5,state_001_t1,1,collision_far_offset_bt,collision_far_offset_bt,experiments/bt_selection_benchmark/bt_candidates_v6_hard_cases/hard_physical_place_block3_on_block5/collision_far_offset_bt.json,place block_3 on block_5 with physically stable placement,"supported_by(block_3, block_5)",block_3,block_5,1,0,1.0,1,1,0,0,6,3,1.0,0.378265,0.611117,0,1,60.995116,medium,success,0,fallback_symbolic_effects,done,experiments/bt_selection_benchmark/results/bt_candidate_evaluations_v6_hard_cases_with_sim.csv,v6_hard_cases,v6_hard_cases,v6_hard_cases::state_001_t1::hard_physical_place_block3_on_block5
hard_physical_place_block3_on_block5,state_001_t1,1,missing_precondition_bt,missing_precondition_bt,experiments/bt_selection_benchmark/bt_candidates_v6_hard_cases/hard_physical_place_block3_on_block5/missing_precondition_bt.json,place block_3 on block_5 with physically stable placement,"supported_by(block_3, block_5)",block_3,block_5,1,1,1.0,1,1,0,0,5,3,0.5,0.004765,0.694924,1,1,155.062502,good,success,0,fallback_symbolic_effects,done,experiments/bt_selection_benchmark/results/bt_candidate_evaluations_v6_hard_cases_with_sim.csv,v6_hard_cases,v6_hard_cases,v6_hard_cases::state_001_t1::hard_physical_place_block3_on_block5
hard_physical_place_block1_on_block5,state_001_t1,1,stable_center_bt,stable_center_bt,experiments/bt_selection_benchmark/bt_candidates_v6_hard_cases/hard_physical_place_block1_on_block5/stable_center_bt.json,place block_1 on block_5 with physically stable placement,"supported_by(block_1, block_5)",block_1,block_5,1,1,1.0,1,1,0,0,6,3,1.0,0.008455,0.568078,1,1,164.779294,good,success,0,fallback_symbolic_effects,done,experiments/bt_selection_benchmark/results/bt_candidate_evaluations_v6_hard_cases_with_sim.csv,v6_hard_cases,v6_hard_cases,v6_hard_cases::state_001_t1::hard_physical_place_block1_on_block5
hard_physical_place_block1_on_block5,state_001_t1,1,symbolic_edge_bt,symbolic_edge_bt,experiments/bt_selection_benchmark/bt_candidates_v6_hard_cases/hard_physical_place_block1_on_block5/symbolic_edge_bt.json,place block_1 on block_5 with physically stable placement,"supported_by(block_1, block_5)",block_1,block_5,1,1,1.0,1,1,0,0,6,3,1.0,0.022273,0.589605,1,1,164.59806,good,success,0,fallback_symbolic_effects,done,experiments/bt_selection_benchmark/results/bt_candidate_evaluations_v6_hard_cases_with_sim.csv,v6_hard_cases,v6_hard_cases,v6_hard_cases::state_001_t1::hard_physical_place_block1_on_block5
hard_physical_place_block1_on_block5,state_001_t1,1,symbolic_corner_bt,symbolic_corner_bt,experiments/bt_selection_benchmark/bt_candidates_v6_hard_cases/hard_physical_place_block1_on_block5/symbolic_corner_bt.json,place block_1 on block_5 with physically stable placement,"supported_by(block_1, block_5)",block_1,block_5,1,1,1.0,1,1,0,0,6,3,1.0,0.007774,0.560899,1,1,164.800462,good,success,0,fallback_symbolic_effects,done,experiments/bt_selection_benchmark/results/bt_candidate_evaluations_v6_hard_cases_with_sim.csv,v6_hard_cases,v6_hard_cases,v6_hard_cases::state_001_t1::hard_physical_place_block1_on_block5
hard_physical_place_block1_on_block5,state_001_t1,1,unstable_over_edge_bt,unstable_over_edge_bt,experiments/bt_selection_benchmark/bt_candidates_v6_hard_cases/hard_physical_place_block1_on_block5/unstable_over_edge_bt.json,place block_1 on block_5 with physically stable placement,"supported_by(block_1, block_5)",block_1,block_5,1,0,1.0,1,1,0,0,6,3,1.0,0.375928,0.644444,0,1,60.951832,medium,success,0,fallback_symbolic_effects,done,experiments/bt_selection_benchmark/results/bt_candidate_evaluations_v6_hard_cases_with_sim.csv,v6_hard_cases,v6_hard_cases,v6_hard_cases::state_001_t1::hard_physical_place_block1_on_block5
hard_physical_place_block1_on_block5,state_001_t1,1,collision_far_offset_bt,collision_far_offset_bt,experiments/bt_selection_benchmark/bt_candidates_v6_hard_cases/hard_physical_place_block1_on_block5/collision_far_offset_bt.json,place block_1 on block_5 with physically stable placement,"supported_by(block_1, block_5)",block_1,block_5,1,0,1.0,1,1,0,0,6,3,1.0,0.376273,0.544918,0,1,61.147434,medium,success,0,fallback_symbolic_effects,done,experiments/bt_selection_benchmark/results/bt_candidate_evaluations_v6_hard_cases_with_sim.csv,v6_hard_cases,v6_hard_cases,v6_hard_cases::state_001_t1::hard_physical_place_block1_on_block5
hard_physical_place_block1_on_block5,state_001_t1,1,missing_precondition_bt,missing_precondition_bt,experiments/bt_selection_benchmark/bt_candidates_v6_hard_cases/hard_physical_place_block1_on_block5/missing_precondition_bt.json,place block_1 on block_5 with physically stable placement,"supported_by(block_1, block_5)",block_1,block_5,1,1,1.0,1,1,0,0,5,3,0.5,0.006661,0.702173,1,1,155.029044,good,success,0,fallback_symbolic_effects,done,experiments/bt_selection_benchmark/results/bt_candidate_evaluations_v6_hard_cases_with_sim.csv,v6_hard_cases,v6_hard_cases,v6_hard_cases::state_001_t1::hard_physical_place_block1_on_block5
long_horizon_clear_then_stack_block2_on_block3,state_001_t1,1,correct_order_bt,correct_order_bt,experiments/bt_selection_benchmark/bt_candidates_v6_hard_cases/long_horizon_clear_then_stack_block2_on_block3/correct_order_bt.json,"move block_4 away, then stack block_2 on block_3","supported_by(block_2, block_3)",block_2,block_3,1,0,1.0,1,2,0,0,9,3,1.0,0.100503,0.888331,0,1,60.718308,medium,success,0,fallback_symbolic_effects,done,experiments/bt_selection_benchmark/results/bt_candidate_evaluations_v6_hard_cases_with_sim.csv,v6_hard_cases,v6_hard_cases,v6_hard_cases::state_001_t1::long_horizon_clear_then_stack_block2_on_block3
long_horizon_clear_then_stack_block2_on_block3,state_001_t1,1,wrong_order_bt,wrong_order_bt,experiments/bt_selection_benchmark/bt_candidates_v6_hard_cases/long_horizon_clear_then_stack_block2_on_block3/wrong_order_bt.json,"move block_4 away, then stack block_2 on block_3","supported_by(block_2, block_3)",block_2,block_3,1,0,1.0,1,2,0,0,9,3,1.0,0.109362,0.88609,0,1,60.6342,medium,success,0,fallback_symbolic_effects,done,experiments/bt_selection_benchmark/results/bt_candidate_evaluations_v6_hard_cases_with_sim.csv,v6_hard_cases,v6_hard_cases,v6_hard_cases::state_001_t1::long_horizon_clear_then_stack_block2_on_block3
long_horizon_clear_then_stack_block2_on_block3,state_001_t1,1,missing_clear_bt,missing_clear_bt,experiments/bt_selection_benchmark/bt_candidates_v6_hard_cases/long_horizon_clear_then_stack_block2_on_block3/missing_clear_bt.json,"move block_4 away, then stack block_2 on block_3","supported_by(block_2, block_3)",block_2,block_3,1,0,1.0,1,1,0,0,4,3,0.0,0.067481,0.185975,0,1,45.95324,bad,success,0,fallback_symbolic_effects,done,experiments/bt_selection_benchmark/results/bt_candidate_evaluations_v6_hard_cases_with_sim.csv,v6_hard_cases,v6_hard_cases,v6_hard_cases::state_001_t1::long_horizon_clear_then_stack_block2_on_block3
long_horizon_clear_then_stack_block2_on_block3,state_001_t1,1,redundant_repair_bt,redundant_repair_bt,experiments/bt_selection_benchmark/bt_candidates_v6_hard_cases/long_horizon_clear_then_stack_block2_on_block3/redundant_repair_bt.json,"move block_4 away, then stack block_2 on block_3","supported_by(block_2, block_3)",block_2,block_3,1,1,1.0,1,3,0,0,12,3,1.0,0.024897,0.889072,1,1,158.972886,good,success,0,fallback_symbolic_effects,done,experiments/bt_selection_benchmark/results/bt_candidate_evaluations_v6_hard_cases_with_sim.csv,v6_hard_cases,v6_hard_cases,v6_hard_cases::state_001_t1::long_horizon_clear_then_stack_block2_on_block3
long_horizon_clear_then_stack_block2_on_block3,state_001_t1,1,wrong_support_bt,wrong_support_bt,experiments/bt_selection_benchmark/bt_candidates_v6_hard_cases/long_horizon_clear_then_stack_block2_on_block3/wrong_support_bt.json,"move block_4 away, then stack block_2 on block_3","supported_by(block_2, block_3)",block_2,block_3,0,0,0.0,1,1,0,0,6,3,0.5,0.002204,0.460919,0,1,-14.943878,bad,success,0,fallback_symbolic_effects,done,experiments/bt_selection_benchmark/results/bt_candidate_evaluations_v6_hard_cases_with_sim.csv,v6_hard_cases,v6_hard_cases,v6_hard_cases::state_001_t1::long_horizon_clear_then_stack_block2_on_block3
long_horizon_clear_then_stack_block2_on_block3,state_001_t1,1,unsafe_or_invalid_bt,unsafe_or_invalid_bt,experiments/bt_selection_benchmark/bt_candidates_v6_hard_cases/long_horizon_clear_then_stack_block2_on_block3/unsafe_or_invalid_bt.json,"move block_4 away, then stack block_2 on block_3","supported_by(block_2, block_3)",block_2,block_3,0,0,0.0,1,1,0,2,4,3,0.0,1.0,0.0,0,1,-33.0,bad,success,0,fallback_symbolic_effects,skipped,experiments/bt_selection_benchmark/results/bt_candidate_evaluations_v6_hard_cases_with_sim.csv,v6_hard_cases,v6_hard_cases,v6_hard_cases::state_001_t1::long_horizon_clear_then_stack_block2_on_block3
long_horizon_prepare_then_stack_block1_on_block3,state_001_t1,1,correct_order_bt,correct_order_bt,experiments/bt_selection_benchmark/bt_candidates_v6_hard_cases/long_horizon_prepare_then_stack_block1_on_block3/correct_order_bt.json,"move block_2 away, then stack block_1 on block_3","supported_by(block_1, block_3)",block_1,block_3,1,0,1.0,1,2,0,0,9,3,1.0,0.0759,0.488775,0,1,61.76345,medium,success,0,fallback_symbolic_effects,done,experiments/bt_selection_benchmark/results/bt_candidate_evaluations_v6_hard_cases_with_sim.csv,v6_hard_cases,v6_hard_cases,v6_hard_cases::state_001_t1::long_horizon_prepare_then_stack_block1_on_block3
long_horizon_prepare_then_stack_block1_on_block3,state_001_t1,1,wrong_order_bt,wrong_order_bt,experiments/bt_selection_benchmark/bt_candidates_v6_hard_cases/long_horizon_prepare_then_stack_block1_on_block3/wrong_order_bt.json,"move block_2 away, then stack block_1 on block_3","supported_by(block_1, block_3)",block_1,block_3,1,0,1.0,1,2,0,0,9,3,1.0,0.083996,0.491224,0,1,61.677592,medium,success,0,fallback_symbolic_effects,done,experiments/bt_selection_benchmark/results/bt_candidate_evaluations_v6_hard_cases_with_sim.csv,v6_hard_cases,v6_hard_cases,v6_hard_cases::state_001_t1::long_horizon_prepare_then_stack_block1_on_block3
long_horizon_prepare_then_stack_block1_on_block3,state_001_t1,1,missing_clear_bt,missing_clear_bt,experiments/bt_selection_benchmark/bt_candidates_v6_hard_cases/long_horizon_prepare_then_stack_block1_on_block3/missing_clear_bt.json,"move block_2 away, then stack block_1 on block_3","supported_by(block_1, block_3)",block_1,block_3,1,0,1.0,1,1,0,0,4,3,0.0,0.096703,0.698492,0,1,44.635986,bad,success,0,fallback_symbolic_effects,done,experiments/bt_selection_benchmark/results/bt_candidate_evaluations_v6_hard_cases_with_sim.csv,v6_hard_cases,v6_hard_cases,v6_hard_cases::state_001_t1::long_horizon_prepare_then_stack_block1_on_block3
long_horizon_prepare_then_stack_block1_on_block3,state_001_t1,1,redundant_repair_bt,redundant_repair_bt,experiments/bt_selection_benchmark/bt_candidates_v6_hard_cases/long_horizon_prepare_then_stack_block1_on_block3/redundant_repair_bt.json,"move block_2 away, then stack block_1 on block_3","supported_by(block_1, block_3)",block_1,block_3,1,0,1.0,1,3,0,0,12,3,1.0,0.074308,0.479148,0,1,59.298624,bad,success,0,fallback_symbolic_effects,done,experiments/bt_selection_benchmark/results/bt_candidate_evaluations_v6_hard_cases_with_sim.csv,v6_hard_cases,v6_hard_cases,v6_hard_cases::state_001_t1::long_horizon_prepare_then_stack_block1_on_block3
long_horizon_prepare_then_stack_block1_on_block3,state_001_t1,1,wrong_support_bt,wrong_support_bt,experiments/bt_selection_benchmark/bt_candidates_v6_hard_cases/long_horizon_prepare_then_stack_block1_on_block3/wrong_support_bt.json,"move block_2 away, then stack block_1 on block_3","supported_by(block_1, block_3)",block_1,block_3,0,0,0.0,1,1,0,0,6,3,0.5,0.007837,0.659756,0,1,-15.397882,bad,success,0,fallback_symbolic_effects,done,experiments/bt_selection_benchmark/results/bt_candidate_evaluations_v6_hard_cases_with_sim.csv,v6_hard_cases,v6_hard_cases,v6_hard_cases::state_001_t1::long_horizon_prepare_then_stack_block1_on_block3
long_horizon_prepare_then_stack_block1_on_block3,state_001_t1,1,unsafe_or_invalid_bt,unsafe_or_invalid_bt,experiments/bt_selection_benchmark/bt_candidates_v6_hard_cases/long_horizon_prepare_then_stack_block1_on_block3/unsafe_or_invalid_bt.json,"move block_2 away, then stack block_1 on block_3","supported_by(block_1, block_3)",block_1,block_3,0,0,0.0,1,1,0,2,4,3,0.0,1.0,0.0,0,1,-33.0,bad,success,0,fallback_symbolic_effects,skipped,experiments/bt_selection_benchmark/results/bt_candidate_evaluations_v6_hard_cases_with_sim.csv,v6_hard_cases,v6_hard_cases,v6_hard_cases::state_001_t1::long_horizon_prepare_then_stack_block1_on_block3
constrained_support_block3_on_block1,state_001_t1,1,stable_center_bt,stable_center_bt,experiments/bt_selection_benchmark/bt_candidates_v6_hard_cases/constrained_support_block3_on_block1/stable_center_bt.json,place block_3 on block_1 while avoiding unstable edge and contact-risk placement,"supported_by(block_3, block_1)",block_3,block_1,1,0,1.0,1,1,0,0,6,3,1.0,0.092406,0.632322,0,1,63.811296,medium,success,0,fallback_symbolic_effects,done,experiments/bt_selection_benchmark/results/bt_candidate_evaluations_v6_hard_cases_with_sim.csv,v6_hard_cases,v6_hard_cases,v6_hard_cases::state_001_t1::constrained_support_block3_on_block1
constrained_support_block3_on_block1,state_001_t1,1,narrow_edge_bt,narrow_edge_bt,experiments/bt_selection_benchmark/bt_candidates_v6_hard_cases/constrained_support_block3_on_block1/narrow_edge_bt.json,place block_3 on block_1 while avoiding unstable edge and contact-risk placement,"supported_by(block_3, block_1)",block_3,block_1,1,0,1.0,1,1,0,0,6,3,1.0,0.091862,0.548838,0,1,63.983704,medium,success,0,fallback_symbolic_effects,done,experiments/bt_selection_benchmark/results/bt_candidate_evaluations_v6_hard_cases_with_sim.csv,v6_hard_cases,v6_hard_cases,v6_hard_cases::state_001_t1::constrained_support_block3_on_block1
constrained_support_block3_on_block1,state_001_t1,1,symbolic_edge_bt,symbolic_edge_bt,experiments/bt_selection_benchmark/bt_candidates_v6_hard_cases/constrained_support_block3_on_block1/symbolic_edge_bt.json,place block_3 on block_1 while avoiding unstable edge and contact-risk placement,"supported_by(block_3, block_1)",block_3,block_1,1,0,1.0,1,1,0,0,6,3,1.0,0.110543,0.743555,0,1,63.40746,medium,success,0,fallback_symbolic_effects,done,experiments/bt_selection_benchmark/results/bt_candidate_evaluations_v6_hard_cases_with_sim.csv,v6_hard_cases,v6_hard_cases,v6_hard_cases::state_001_t1::constrained_support_block3_on_block1
constrained_support_block3_on_block1,state_001_t1,1,collision_risk_bt,collision_risk_bt,experiments/bt_selection_benchmark/bt_candidates_v6_hard_cases/constrained_support_block3_on_block1/collision_risk_bt.json,place block_3 on block_1 while avoiding unstable edge and contact-risk placement,"supported_by(block_3, block_1)",block_3,block_1,1,0,1.0,1,1,0,0,6,3,1.0,0.092472,0.678692,0,1,63.717896,medium,success,0,fallback_symbolic_effects,done,experiments/bt_selection_benchmark/results/bt_candidate_evaluations_v6_hard_cases_with_sim.csv,v6_hard_cases,v6_hard_cases,v6_hard_cases::state_001_t1::constrained_support_block3_on_block1
constrained_support_block3_on_block1,state_001_t1,1,unstable_over_edge_bt,unstable_over_edge_bt,experiments/bt_selection_benchmark/bt_candidates_v6_hard_cases/constrained_support_block3_on_block1/unstable_over_edge_bt.json,place block_3 on block_1 while avoiding unstable edge and contact-risk placement,"supported_by(block_3, block_1)",block_3,block_1,1,0,1.0,1,1,0,0,6,3,1.0,0.021859,0.686187,0,1,64.409036,medium,success,0,fallback_symbolic_effects,done,experiments/bt_selection_benchmark/results/bt_candidate_evaluations_v6_hard_cases_with_sim.csv,v6_hard_cases,v6_hard_cases,v6_hard_cases::state_001_t1::constrained_support_block3_on_block1
constrained_support_block3_on_block1,state_001_t1,1,far_offset_bt,far_offset_bt,experiments/bt_selection_benchmark/bt_candidates_v6_hard_cases/constrained_support_block3_on_block1/far_offset_bt.json,place block_3 on block_1 while avoiding unstable edge and contact-risk placement,"supported_by(block_3, block_1)",block_3,block_1,1,0,1.0,1,1,0,0,6,3,1.0,0.078145,0.632438,0,1,63.953674,medium,success,0,fallback_symbolic_effects,done,experiments/bt_selection_benchmark/results/bt_candidate_evaluations_v6_hard_cases_with_sim.csv,v6_hard_cases,v6_hard_cases,v6_hard_cases::state_001_t1::constrained_support_block3_on_block1
constrained_support_block1_on_block3,state_001_t1,1,stable_center_bt,stable_center_bt,experiments/bt_selection_benchmark/bt_candidates_v6_hard_cases/constrained_support_block1_on_block3/stable_center_bt.json,place block_1 on block_3 while avoiding unstable edge and contact-risk placement,"supported_by(block_1, block_3)",block_1,block_3,1,0,1.0,1,1,0,0,6,3,1.0,0.073796,0.70172,0,1,63.8586,medium,success,0,fallback_symbolic_effects,done,experiments/bt_selection_benchmark/results/bt_candidate_evaluations_v6_hard_cases_with_sim.csv,v6_hard_cases,v6_hard_cases,v6_hard_cases::state_001_t1::constrained_support_block1_on_block3
constrained_support_block1_on_block3,state_001_t1,1,narrow_edge_bt,narrow_edge_bt,experiments/bt_selection_benchmark/bt_candidates_v6_hard_cases/constrained_support_block1_on_block3/narrow_edge_bt.json,place block_1 on block_3 while avoiding unstable edge and contact-risk placement,"supported_by(block_1, block_3)",block_1,block_3,1,0,1.0,1,1,0,0,6,3,1.0,0.080268,0.537373,0,1,64.122574,medium,success,0,fallback_symbolic_effects,done,experiments/bt_selection_benchmark/results/bt_candidate_evaluations_v6_hard_cases_with_sim.csv,v6_hard_cases,v6_hard_cases,v6_hard_cases::state_001_t1::constrained_support_block1_on_block3
constrained_support_block1_on_block3,state_001_t1,1,symbolic_edge_bt,symbolic_edge_bt,experiments/bt_selection_benchmark/bt_candidates_v6_hard_cases/constrained_support_block1_on_block3/symbolic_edge_bt.json,place block_1 on block_3 while avoiding unstable edge and contact-risk placement,"supported_by(block_1, block_3)",block_1,block_3,1,0,1.0,1,1,0,0,6,3,1.0,0.08578,0.635255,0,1,63.87169,medium,success,0,fallback_symbolic_effects,done,experiments/bt_selection_benchmark/results/bt_candidate_evaluations_v6_hard_cases_with_sim.csv,v6_hard_cases,v6_hard_cases,v6_hard_cases::state_001_t1::constrained_support_block1_on_block3
constrained_support_block1_on_block3,state_001_t1,1,collision_risk_bt,collision_risk_bt,experiments/bt_selection_benchmark/bt_candidates_v6_hard_cases/constrained_support_block1_on_block3/collision_risk_bt.json,place block_1 on block_3 while avoiding unstable edge and contact-risk placement,"supported_by(block_1, block_3)",block_1,block_3,1,0,1.0,1,1,0,0,6,3,1.0,0.073281,0.636667,0,1,63.993856,medium,success,0,fallback_symbolic_effects,done,experiments/bt_selection_benchmark/results/bt_candidate_evaluations_v6_hard_cases_with_sim.csv,v6_hard_cases,v6_hard_cases,v6_hard_cases::state_001_t1::constrained_support_block1_on_block3
constrained_support_block1_on_block3,state_001_t1,1,unstable_over_edge_bt,unstable_over_edge_bt,experiments/bt_selection_benchmark/bt_candidates_v6_hard_cases/constrained_support_block1_on_block3/unstable_over_edge_bt.json,place block_1 on block_3 while avoiding unstable edge and contact-risk placement,"supported_by(block_1, block_3)",block_1,block_3,1,0,1.0,1,1,0,0,6,3,1.0,0.085264,0.716447,0,1,63.714466,medium,success,0,fallback_symbolic_effects,done,experiments/bt_selection_benchmark/results/bt_candidate_evaluations_v6_hard_cases_with_sim.csv,v6_hard_cases,v6_hard_cases,v6_hard_cases::state_001_t1::constrained_support_block1_on_block3
constrained_support_block1_on_block3,state_001_t1,1,far_offset_bt,far_offset_bt,experiments/bt_selection_benchmark/bt_candidates_v6_hard_cases/constrained_support_block1_on_block3/far_offset_bt.json,place block_1 on block_3 while avoiding unstable edge and contact-risk placement,"supported_by(block_1, block_3)",block_1,block_3,1,0,1.0,1,1,0,0,6,3,1.0,0.072439,0.612255,0,1,64.0511,medium,success,0,fallback_symbolic_effects,done,experiments/bt_selection_benchmark/results/bt_candidate_evaluations_v6_hard_cases_with_sim.csv,v6_hard_cases,v6_hard_cases,v6_hard_cases::state_001_t1::constrained_support_block1_on_block3
hard_physical_place_block3_on_block5,state_002_t2,2,stable_center_bt,stable_center_bt,experiments/bt_selection_benchmark/bt_candidates_v6_hard_cases/hard_physical_place_block3_on_block5/stable_center_bt.json,place block_3 on block_5 with physically stable placement,"supported_by(block_3, block_5)",block_3,block_5,1,1,1.0,1,1,0,0,6,3,1.0,0.001463,0.662943,1,1,164.659484,good,success,0,fallback_symbolic_effects,done,experiments/bt_selection_benchmark/results/bt_candidate_evaluations_v6_hard_cases_with_sim.csv,v6_hard_cases,v6_hard_cases,v6_hard_cases::state_002_t2::hard_physical_place_block3_on_block5
hard_physical_place_block3_on_block5,state_002_t2,2,symbolic_edge_bt,symbolic_edge_bt,experiments/bt_selection_benchmark/bt_candidates_v6_hard_cases/hard_physical_place_block3_on_block5/symbolic_edge_bt.json,place block_3 on block_5 with physically stable placement,"supported_by(block_3, block_5)",block_3,block_5,1,1,1.0,1,1,0,0,6,3,1.0,0.029163,0.675351,1,1,164.357668,good,success,0,fallback_symbolic_effects,done,experiments/bt_selection_benchmark/results/bt_candidate_evaluations_v6_hard_cases_with_sim.csv,v6_hard_cases,v6_hard_cases,v6_hard_cases::state_002_t2::hard_physical_place_block3_on_block5
hard_physical_place_block3_on_block5,state_002_t2,2,symbolic_corner_bt,symbolic_corner_bt,experiments/bt_selection_benchmark/bt_candidates_v6_hard_cases/hard_physical_place_block3_on_block5/symbolic_corner_bt.json,place block_3 on block_5 with physically stable placement,"supported_by(block_3, block_5)",block_3,block_5,1,1,1.0,1,1,0,0,6,3,1.0,0.009843,0.598619,1,1,164.704332,good,success,0,fallback_symbolic_effects,done,experiments/bt_selection_benchmark/results/bt_candidate_evaluations_v6_hard_cases_with_sim.csv,v6_hard_cases,v6_hard_cases,v6_hard_cases::state_002_t2::hard_physical_place_block3_on_block5
hard_physical_place_block3_on_block5,state_002_t2,2,unstable_over_edge_bt,unstable_over_edge_bt,experiments/bt_selection_benchmark/bt_candidates_v6_hard_cases/hard_physical_place_block3_on_block5/unstable_over_edge_bt.json,place block_3 on block_5 with physically stable placement,"supported_by(block_3, block_5)",block_3,block_5,1,0,1.0,1,1,0,0,6,3,1.0,0.376489,0.60949,0,1,61.01613,medium,success,0,fallback_symbolic_effects,done,experiments/bt_selection_benchmark/results/bt_candidate_evaluations_v6_hard_cases_with_sim.csv,v6_hard_cases,v6_hard_cases,v6_hard_cases::state_002_t2::hard_physical_place_block3_on_block5
hard_physical_place_block3_on_block5,state_002_t2,2,collision_far_offset_bt,collision_far_offset_bt,experiments/bt_selection_benchmark/bt_candidates_v6_hard_cases/hard_physical_place_block3_on_block5/collision_far_offset_bt.json,place block_3 on block_5 with physically stable placement,"supported_by(block_3, block_5)",block_3,block_5,1,0,1.0,1,1,0,0,6,3,1.0,0.375723,0.572733,0,1,61.097304,medium,success,0,fallback_symbolic_effects,done,experiments/bt_selection_benchmark/results/bt_candidate_evaluations_v6_hard_cases_with_sim.csv,v6_hard_cases,v6_hard_cases,v6_hard_cases::state_002_t2::hard_physical_place_block3_on_block5
hard_physical_place_block3_on_block5,state_002_t2,2,missing_precondition_bt,missing_precondition_bt,experiments/bt_selection_benchmark/bt_candidates_v6_hard_cases/hard_physical_place_block3_on_block5/missing_precondition_bt.json,place block_3 on block_5 with physically stable placement,"supported_by(block_3, block_5)",block_3,block_5,1,1,1.0,1,1,0,0,5,3,0.5,0.001632,0.747971,1,1,154.987738,good,success,0,fallback_symbolic_effects,done,experiments/bt_selection_benchmark/results/bt_candidate_evaluations_v6_hard_cases_with_sim.csv,v6_hard_cases,v6_hard_cases,v6_hard_cases::state_002_t2::hard_physical_place_block3_on_block5
hard_physical_place_block1_on_block5,state_002_t2,2,stable_center_bt,stable_center_bt,experiments/bt_selection_benchmark/bt_candidates_v6_hard_cases/hard_physical_place_block1_on_block5/stable_center_bt.json,place block_1 on block_5 with physically stable placement,"supported_by(block_1, block_5)",block_1,block_5,1,1,1.0,1,1,0,0,6,3,1.0,0.008751,0.637962,1,1,164.636566,good,success,0,fallback_symbolic_effects,done,experiments/bt_selection_benchmark/results/bt_candidate_evaluations_v6_hard_cases_with_sim.csv,v6_hard_cases,v6_hard_cases,v6_hard_cases::state_002_t2::hard_physical_place_block1_on_block5
hard_physical_place_block1_on_block5,state_002_t2,2,symbolic_edge_bt,symbolic_edge_bt,experiments/bt_selection_benchmark/bt_candidates_v6_hard_cases/hard_physical_place_block1_on_block5/symbolic_edge_bt.json,place block_1 on block_5 with physically stable placement,"supported_by(block_1, block_5)",block_1,block_5,1,1,1.0,1,1,0,0,6,3,1.0,0.017801,0.580712,1,1,164.660566,good,success,0,fallback_symbolic_effects,done,experiments/bt_selection_benchmark/results/bt_candidate_evaluations_v6_hard_cases_with_sim.csv,v6_hard_cases,v6_hard_cases,v6_hard_cases::state_002_t2::hard_physical_place_block1_on_block5
hard_physical_place_block1_on_block5,state_002_t2,2,symbolic_corner_bt,symbolic_corner_bt,experiments/bt_selection_benchmark/bt_candidates_v6_hard_cases/hard_physical_place_block1_on_block5/symbolic_corner_bt.json,place block_1 on block_5 with physically stable placement,"supported_by(block_1, block_5)",block_1,block_5,1,1,1.0,1,1,0,0,6,3,1.0,0.007917,0.627497,1,1,164.665836,good,success,0,fallback_symbolic_effects,done,experiments/bt_selection_benchmark/results/bt_candidate_evaluations_v6_hard_cases_with_sim.csv,v6_hard_cases,v6_hard_cases,v6_hard_cases::state_002_t2::hard_physical_place_block1_on_block5
hard_physical_place_block1_on_block5,state_002_t2,2,unstable_over_edge_bt,unstable_over_edge_bt,experiments/bt_selection_benchmark/bt_candidates_v6_hard_cases/hard_physical_place_block1_on_block5/unstable_over_edge_bt.json,place block_1 on block_5 with physically stable placement,"supported_by(block_1, block_5)",block_1,block_5,1,0,1.0,1,1,0,0,6,3,1.0,0.38629,0.736524,0,1,60.664052,medium,success,0,fallback_symbolic_effects,done,experiments/bt_selection_benchmark/results/bt_candidate_evaluations_v6_hard_cases_with_sim.csv,v6_hard_cases,v6_hard_cases,v6_hard_cases::state_002_t2::hard_physical_place_block1_on_block5
hard_physical_place_block1_on_block5,state_002_t2,2,collision_far_offset_bt,collision_far_offset_bt,experiments/bt_selection_benchmark/bt_candidates_v6_hard_cases/hard_physical_place_block1_on_block5/collision_far_offset_bt.json,place block_1 on block_5 with physically stable placement,"supported_by(block_1, block_5)",block_1,block_5,1,0,1.0,1,1,0,0,6,3,1.0,0.38628,0.557035,0,1,61.02313,medium,success,0,fallback_symbolic_effects,done,experiments/bt_selection_benchmark/results/bt_candidate_evaluations_v6_hard_cases_with_sim.csv,v6_hard_cases,v6_hard_cases,v6_hard_cases::state_002_t2::hard_physical_place_block1_on_block5
hard_physical_place_block1_on_block5,state_002_t2,2,missing_precondition_bt,missing_precondition_bt,experiments/bt_selection_benchmark/bt_candidates_v6_hard_cases/hard_physical_place_block1_on_block5/missing_precondition_bt.json,place block_1 on block_5 with physically stable placement,"supported_by(block_1, block_5)",block_1,block_5,1,1,1.0,1,1,0,0,5,3,0.5,0.001627,0.573853,1,1,155.336024,good,success,0,fallback_symbolic_effects,done,experiments/bt_selection_benchmark/results/bt_candidate_evaluations_v6_hard_cases_with_sim.csv,v6_hard_cases,v6_hard_cases,v6_hard_cases::state_002_t2::hard_physical_place_block1_on_block5
long_horizon_clear_then_stack_block2_on_block3,state_002_t2,2,correct_order_bt,correct_order_bt,experiments/bt_selection_benchmark/bt_candidates_v6_hard_cases/long_horizon_clear_then_stack_block2_on_block3/correct_order_bt.json,"move block_4 away, then stack block_2 on block_3","supported_by(block_2, block_3)",block_2,block_3,1,0,1.0,1,2,0,0,9,3,1.0,0.078235,0.892748,0,1,60.932154,medium,success,0,fallback_symbolic_effects,done,experiments/bt_selection_benchmark/results/bt_candidate_evaluations_v6_hard_cases_with_sim.csv,v6_hard_cases,v6_hard_cases,v6_hard_cases::state_002_t2::long_horizon_clear_then_stack_block2_on_block3
long_horizon_clear_then_stack_block2_on_block3,state_002_t2,2,wrong_order_bt,wrong_order_bt,experiments/bt_selection_benchmark/bt_candidates_v6_hard_cases/long_horizon_clear_then_stack_block2_on_block3/wrong_order_bt.json,"move block_4 away, then stack block_2 on block_3","supported_by(block_2, block_3)",block_2,block_3,1,0,1.0,1,2,0,0,9,3,1.0,0.083425,0.889751,0,1,60.886248,medium,success,0,fallback_symbolic_effects,done,experiments/bt_selection_benchmark/results/bt_candidate_evaluations_v6_hard_cases_with_sim.csv,v6_hard_cases,v6_hard_cases,v6_hard_cases::state_002_t2::long_horizon_clear_then_stack_block2_on_block3
long_horizon_clear_then_stack_block2_on_block3,state_002_t2,2,missing_clear_bt,missing_clear_bt,experiments/bt_selection_benchmark/bt_candidates_v6_hard_cases/long_horizon_clear_then_stack_block2_on_block3/missing_clear_bt.json,"move block_4 away, then stack block_2 on block_3","supported_by(block_2, block_3)",block_2,block_3,1,0,1.0,1,1,0,0,4,3,0.0,0.073761,0.498857,0,1,45.264676,bad,success,0,fallback_symbolic_effects,done,experiments/bt_selection_benchmark/results/bt_candidate_evaluations_v6_hard_cases_with_sim.csv,v6_hard_cases,v6_hard_cases,v6_hard_cases::state_002_t2::long_horizon_clear_then_stack_block2_on_block3
long_horizon_clear_then_stack_block2_on_block3,state_002_t2,2,redundant_repair_bt,redundant_repair_bt,experiments/bt_selection_benchmark/bt_candidates_v6_hard_cases/long_horizon_clear_then_stack_block2_on_block3/redundant_repair_bt.json,"move block_4 away, then stack block_2 on block_3","supported_by(block_2, block_3)",block_2,block_3,1,0,1.0,1,3,0,0,12,3,1.0,0.075396,0.889316,0,1,58.467408,bad,success,0,fallback_symbolic_effects,done,experiments/bt_selection_benchmark/results/bt_candidate_evaluations_v6_hard_cases_with_sim.csv,v6_hard_cases,v6_hard_cases,v6_hard_cases::state_002_t2::long_horizon_clear_then_stack_block2_on_block3
long_horizon_clear_then_stack_block2_on_block3,state_002_t2,2,wrong_support_bt,wrong_support_bt,experiments/bt_selection_benchmark/bt_candidates_v6_hard_cases/long_horizon_clear_then_stack_block2_on_block3/wrong_support_bt.json,"move block_4 away, then stack block_2 on block_3","supported_by(block_2, block_3)",block_2,block_3,0,0,0.0,1,1,0,0,6,3,0.5,0.004395,0.475168,0,1,-14.994286,bad,success,0,fallback_symbolic_effects,done,experiments/bt_selection_benchmark/results/bt_candidate_evaluations_v6_hard_cases_with_sim.csv,v6_hard_cases,v6_hard_cases,v6_hard_cases::state_002_t2::long_horizon_clear_then_stack_block2_on_block3
long_horizon_clear_then_stack_block2_on_block3,state_002_t2,2,unsafe_or_invalid_bt,unsafe_or_invalid_bt,experiments/bt_selection_benchmark/bt_candidates_v6_hard_cases/long_horizon_clear_then_stack_block2_on_block3/unsafe_or_invalid_bt.json,"move block_4 away, then stack block_2 on block_3","supported_by(block_2, block_3)",block_2,block_3,0,0,0.0,1,1,0,2,4,3,0.0,1.0,0.0,0,1,-33.0,bad,success,0,fallback_symbolic_effects,skipped,experiments/bt_selection_benchmark/results/bt_candidate_evaluations_v6_hard_cases_with_sim.csv,v6_hard_cases,v6_hard_cases,v6_hard_cases::state_002_t2::long_horizon_clear_then_stack_block2_on_block3
long_horizon_prepare_then_stack_block1_on_block3,state_002_t2,2,correct_order_bt,correct_order_bt,experiments/bt_selection_benchmark/bt_candidates_v6_hard_cases/long_horizon_prepare_then_stack_block1_on_block3/correct_order_bt.json,"move block_2 away, then stack block_1 on block_3","supported_by(block_1, block_3)",block_1,block_3,1,0,1.0,1,2,0,0,9,3,1.0,0.085883,0.49047,0,1,61.66023,medium,success,0,fallback_symbolic_effects,done,experiments/bt_selection_benchmark/results/bt_candidate_evaluations_v6_hard_cases_with_sim.csv,v6_hard_cases,v6_hard_cases,v6_hard_cases::state_002_t2::long_horizon_prepare_then_stack_block1_on_block3
long_horizon_prepare_then_stack_block1_on_block3,state_002_t2,2,wrong_order_bt,wrong_order_bt,experiments/bt_selection_benchmark/bt_candidates_v6_hard_cases/long_horizon_prepare_then_stack_block1_on_block3/wrong_order_bt.json,"move block_2 away, then stack block_1 on block_3","supported_by(block_1, block_3)",block_1,block_3,1,0,1.0,1,2,0,0,9,3,1.0,0.072645,0.483552,0,1,61.806446,medium,success,0,fallback_symbolic_effects,done,experiments/bt_selection_benchmark/results/bt_candidate_evaluations_v6_hard_cases_with_sim.csv,v6_hard_cases,v6_hard_cases,v6_hard_cases::state_002_t2::long_horizon_prepare_then_stack_block1_on_block3
long_horizon_prepare_then_stack_block1_on_block3,state_002_t2,2,missing_clear_bt,missing_clear_bt,experiments/bt_selection_benchmark/bt_candidates_v6_hard_cases/long_horizon_prepare_then_stack_block1_on_block3/missing_clear_bt.json,"move block_2 away, then stack block_1 on block_3","supported_by(block_1, block_3)",block_1,block_3,1,0,1.0,1,1,0,0,4,3,0.0,0.081522,0.585182,0,1,45.014416,bad,success,0,fallback_symbolic_effects,done,experiments/bt_selection_benchmark/results/bt_candidate_evaluations_v6_hard_cases_with_sim.csv,v6_hard_cases,v6_hard_cases,v6_hard_cases::state_002_t2::long_horizon_prepare_then_stack_block1_on_block3
long_horizon_prepare_then_stack_block1_on_block3,state_002_t2,2,redundant_repair_bt,redundant_repair_bt,experiments/bt_selection_benchmark/bt_candidates_v6_hard_cases/long_horizon_prepare_then_stack_block1_on_block3/redundant_repair_bt.json,"move block_2 away, then stack block_1 on block_3","supported_by(block_1, block_3)",block_1,block_3,1,0,1.0,1,3,0,0,12,3,1.0,0.08053,0.49145,0,1,59.2118,bad,success,0,fallback_symbolic_effects,done,experiments/bt_selection_benchmark/results/bt_candidate_evaluations_v6_hard_cases_with_sim.csv,v6_hard_cases,v6_hard_cases,v6_hard_cases::state_002_t2::long_horizon_prepare_then_stack_block1_on_block3
long_horizon_prepare_then_stack_block1_on_block3,state_002_t2,2,wrong_support_bt,wrong_support_bt,experiments/bt_selection_benchmark/bt_candidates_v6_hard_cases/long_horizon_prepare_then_stack_block1_on_block3/wrong_support_bt.json,"move block_2 away, then stack block_1 on block_3","supported_by(block_1, block_3)",block_1,block_3,0,0,0.0,1,1,0,0,6,3,0.5,0.005203,0.758334,0,1,-15.568698,bad,success,0,fallback_symbolic_effects,done,experiments/bt_selection_benchmark/results/bt_candidate_evaluations_v6_hard_cases_with_sim.csv,v6_hard_cases,v6_hard_cases,v6_hard_cases::state_002_t2::long_horizon_prepare_then_stack_block1_on_block3
long_horizon_prepare_then_stack_block1_on_block3,state_002_t2,2,unsafe_or_invalid_bt,unsafe_or_invalid_bt,experiments/bt_selection_benchmark/bt_candidates_v6_hard_cases/long_horizon_prepare_then_stack_block1_on_block3/unsafe_or_invalid_bt.json,"move block_2 away, then stack block_1 on block_3","supported_by(block_1, block_3)",block_1,block_3,0,0,0.0,1,1,0,2,4,3,0.0,1.0,0.0,0,1,-33.0,bad,success,0,fallback_symbolic_effects,skipped,experiments/bt_selection_benchmark/results/bt_candidate_evaluations_v6_hard_cases_with_sim.csv,v6_hard_cases,v6_hard_cases,v6_hard_cases::state_002_t2::long_horizon_prepare_then_stack_block1_on_block3
constrained_support_block3_on_block1,state_002_t2,2,stable_center_bt,stable_center_bt,experiments/bt_selection_benchmark/bt_candidates_v6_hard_cases/constrained_support_block3_on_block1/stable_center_bt.json,place block_3 on block_1 while avoiding unstable edge and contact-risk placement,"supported_by(block_3, block_1)",block_3,block_1,1,0,1.0,1,1,0,0,6,3,1.0,0.084591,0.598073,0,1,63.957944,medium,success,0,fallback_symbolic_effects,done,experiments/bt_selection_benchmark/results/bt_candidate_evaluations_v6_hard_cases_with_sim.csv,v6_hard_cases,v6_hard_cases,v6_hard_cases::state_002_t2::constrained_support_block3_on_block1
constrained_support_block3_on_block1,state_002_t2,2,narrow_edge_bt,narrow_edge_bt,experiments/bt_selection_benchmark/bt_candidates_v6_hard_cases/constrained_support_block3_on_block1/narrow_edge_bt.json,place block_3 on block_1 while avoiding unstable edge and contact-risk placement,"supported_by(block_3, block_1)",block_3,block_1,1,0,1.0,1,1,0,0,6,3,1.0,0.087264,0.615008,0,1,63.897344,medium,success,0,fallback_symbolic_effects,done,experiments/bt_selection_benchmark/results/bt_candidate_evaluations_v6_hard_cases_with_sim.csv,v6_hard_cases,v6_hard_cases,v6_hard_cases::state_002_t2::constrained_support_block3_on_block1
constrained_support_block3_on_block1,state_002_t2,2,symbolic_edge_bt,symbolic_edge_bt,experiments/bt_selection_benchmark/bt_candidates_v6_hard_cases/constrained_support_block3_on_block1/symbolic_edge_bt.json,place block_3 on block_1 while avoiding unstable edge and contact-risk placement,"supported_by(block_3, block_1)",block_3,block_1,1,0,1.0,1,1,0,0,6,3,1.0,0.085997,0.785925,0,1,63.56818,medium,success,0,fallback_symbolic_effects,done,experiments/bt_selection_benchmark/results/bt_candidate_evaluations_v6_hard_cases_with_sim.csv,v6_hard_cases,v6_hard_cases,v6_hard_cases::state_002_t2::constrained_support_block3_on_block1
constrained_support_block3_on_block1,state_002_t2,2,collision_risk_bt,collision_risk_bt,experiments/bt_selection_benchmark/bt_candidates_v6_hard_cases/constrained_support_block3_on_block1/collision_risk_bt.json,place block_3 on block_1 while avoiding unstable edge and contact-risk placement,"supported_by(block_3, block_1)",block_3,block_1,1,0,1.0,1,1,0,0,6,3,1.0,0.078079,0.662328,0,1,63.894554,medium,success,0,fallback_symbolic_effects,done,experiments/bt_selection_benchmark/results/bt_candidate_evaluations_v6_hard_cases_with_sim.csv,v6_hard_cases,v6_hard_cases,v6_hard_cases::state_002_t2::constrained_support_block3_on_block1
constrained_support_block3_on_block1,state_002_t2,2,unstable_over_edge_bt,unstable_over_edge_bt,experiments/bt_selection_benchmark/bt_candidates_v6_hard_cases/constrained_support_block3_on_block1/unstable_over_edge_bt.json,place block_3 on block_1 while avoiding unstable edge and contact-risk placement,"supported_by(block_3, block_1)",block_3,block_1,1,0,1.0,1,1,0,0,6,3,1.0,0.090231,0.663885,0,1,63.76992,medium,success,0,fallback_symbolic_effects,done,experiments/bt_selection_benchmark/results/bt_candidate_evaluations_v6_hard_cases_with_sim.csv,v6_hard_cases,v6_hard_cases,v6_hard_cases::state_002_t2::constrained_support_block3_on_block1
constrained_support_block3_on_block1,state_002_t2,2,far_offset_bt,far_offset_bt,experiments/bt_selection_benchmark/bt_candidates_v6_hard_cases/constrained_support_block3_on_block1/far_offset_bt.json,place block_3 on block_1 while avoiding unstable edge and contact-risk placement,"supported_by(block_3, block_1)",block_3,block_1,1,0,1.0,1,1,0,0,6,3,1.0,0.0816,0.708637,0,1,63.766726,medium,success,0,fallback_symbolic_effects,done,experiments/bt_selection_benchmark/results/bt_candidate_evaluations_v6_hard_cases_with_sim.csv,v6_hard_cases,v6_hard_cases,v6_hard_cases::state_002_t2::constrained_support_block3_on_block1
constrained_support_block1_on_block3,state_002_t2,2,stable_center_bt,stable_center_bt,experiments/bt_selection_benchmark/bt_candidates_v6_hard_cases/constrained_support_block1_on_block3/stable_center_bt.json,place block_1 on block_3 while avoiding unstable edge and contact-risk placement,"supported_by(block_1, block_3)",block_1,block_3,1,0,1.0,1,1,0,0,6,3,1.0,0.076639,0.60237,0,1,64.02887,medium,success,0,fallback_symbolic_effects,done,experiments/bt_selection_benchmark/results/bt_candidate_evaluations_v6_hard_cases_with_sim.csv,v6_hard_cases,v6_hard_cases,v6_hard_cases::state_002_t2::constrained_support_block1_on_block3
constrained_support_block1_on_block3,state_002_t2,2,narrow_edge_bt,narrow_edge_bt,experiments/bt_selection_benchmark/bt_candidates_v6_hard_cases/constrained_support_block1_on_block3/narrow_edge_bt.json,place block_1 on block_3 while avoiding unstable edge and contact-risk placement,"supported_by(block_1, block_3)",block_1,block_3,1,0,1.0,1,1,0,0,6,3,1.0,0.114129,0.582953,0,1,63.692804,medium,success,0,fallback_symbolic_effects,done,experiments/bt_selection_benchmark/results/bt_candidate_evaluations_v6_hard_cases_with_sim.csv,v6_hard_cases,v6_hard_cases,v6_hard_cases::state_002_t2::constrained_support_block1_on_block3
constrained_support_block1_on_block3,state_002_t2,2,symbolic_edge_bt,symbolic_edge_bt,experiments/bt_selection_benchmark/bt_candidates_v6_hard_cases/constrained_support_block1_on_block3/symbolic_edge_bt.json,place block_1 on block_3 while avoiding unstable edge and contact-risk placement,"supported_by(block_1, block_3)",block_1,block_3,1,0,1.0,1,1,0,0,6,3,1.0,0.075367,0.552799,0,1,64.140732,medium,success,0,fallback_symbolic_effects,done,experiments/bt_selection_benchmark/results/bt_candidate_evaluations_v6_hard_cases_with_sim.csv,v6_hard_cases,v6_hard_cases,v6_hard_cases::state_002_t2::constrained_support_block1_on_block3
constrained_support_block1_on_block3,state_002_t2,2,collision_risk_bt,collision_risk_bt,experiments/bt_selection_benchmark/bt_candidates_v6_hard_cases/constrained_support_block1_on_block3/collision_risk_bt.json,place block_1 on block_3 while avoiding unstable edge and contact-risk placement,"supported_by(block_1, block_3)",block_1,block_3,1,0,1.0,1,1,0,0,6,3,1.0,0.08323,0.677596,0,1,63.812508,medium,success,0,fallback_symbolic_effects,done,experiments/bt_selection_benchmark/results/bt_candidate_evaluations_v6_hard_cases_with_sim.csv,v6_hard_cases,v6_hard_cases,v6_hard_cases::state_002_t2::constrained_support_block1_on_block3
constrained_support_block1_on_block3,state_002_t2,2,unstable_over_edge_bt,unstable_over_edge_bt,experiments/bt_selection_benchmark/bt_candidates_v6_hard_cases/constrained_support_block1_on_block3/unstable_over_edge_bt.json,place block_1 on block_3 while avoiding unstable edge and contact-risk placement,"supported_by(block_1, block_3)",block_1,block_3,1,0,1.0,1,1,0,0,6,3,1.0,0.075364,0.678611,0,1,63.889138,medium,success,0,fallback_symbolic_effects,done,experiments/bt_selection_benchmark/results/bt_candidate_evaluations_v6_hard_cases_with_sim.csv,v6_hard_cases,v6_hard_cases,v6_hard_cases::state_002_t2::constrained_support_block1_on_block3
constrained_support_block1_on_block3,state_002_t2,2,far_offset_bt,far_offset_bt,experiments/bt_selection_benchmark/bt_candidates_v6_hard_cases/constrained_support_block1_on_block3/far_offset_bt.json,place block_1 on block_3 while avoiding unstable edge and contact-risk placement,"supported_by(block_1, block_3)",block_1,block_3,1,0,1.0,1,1,0,0,6,3,1.0,0.074917,0.559951,0,1,64.130928,medium,success,0,fallback_symbolic_effects,done,experiments/bt_selection_benchmark/results/bt_candidate_evaluations_v6_hard_cases_with_sim.csv,v6_hard_cases,v6_hard_cases,v6_hard_cases::state_002_t2::constrained_support_block1_on_block3
hard_physical_place_block3_on_block5,state_003_t3,3,stable_center_bt,stable_center_bt,experiments/bt_selection_benchmark/bt_candidates_v6_hard_cases/hard_physical_place_block3_on_block5/stable_center_bt.json,place block_3 on block_5 with physically stable placement,"supported_by(block_3, block_5)",block_3,block_5,1,1,1.0,1,1,0,0,6,3,1.0,0.001688,0.657819,1,1,164.667482,good,success,0,fallback_symbolic_effects,done,experiments/bt_selection_benchmark/results/bt_candidate_evaluations_v6_hard_cases_with_sim.csv,v6_hard_cases,v6_hard_cases,v6_hard_cases::state_003_t3::hard_physical_place_block3_on_block5
hard_physical_place_block3_on_block5,state_003_t3,3,symbolic_edge_bt,symbolic_edge_bt,experiments/bt_selection_benchmark/bt_candidates_v6_hard_cases/hard_physical_place_block3_on_block5/symbolic_edge_bt.json,place block_3 on block_5 with physically stable placement,"supported_by(block_3, block_5)",block_3,block_5,1,1,1.0,1,1,0,0,6,3,1.0,0.031226,0.589173,1,1,164.509394,good,success,0,fallback_symbolic_effects,done,experiments/bt_selection_benchmark/results/bt_candidate_evaluations_v6_hard_cases_with_sim.csv,v6_hard_cases,v6_hard_cases,v6_hard_cases::state_003_t3::hard_physical_place_block3_on_block5
hard_physical_place_block3_on_block5,state_003_t3,3,symbolic_corner_bt,symbolic_corner_bt,experiments/bt_selection_benchmark/bt_candidates_v6_hard_cases/hard_physical_place_block3_on_block5/symbolic_corner_bt.json,place block_3 on block_5 with physically stable placement,"supported_by(block_3, block_5)",block_3,block_5,1,1,1.0,1,1,0,0,6,3,1.0,0.013508,0.725139,1,1,164.414642,good,success,0,fallback_symbolic_effects,done,experiments/bt_selection_benchmark/results/bt_candidate_evaluations_v6_hard_cases_with_sim.csv,v6_hard_cases,v6_hard_cases,v6_hard_cases::state_003_t3::hard_physical_place_block3_on_block5
hard_physical_place_block3_on_block5,state_003_t3,3,unstable_over_edge_bt,unstable_over_edge_bt,experiments/bt_selection_benchmark/bt_candidates_v6_hard_cases/hard_physical_place_block3_on_block5/unstable_over_edge_bt.json,place block_3 on block_5 with physically stable placement,"supported_by(block_3, block_5)",block_3,block_5,1,0,1.0,1,1,0,0,6,3,1.0,0.375181,0.54985,0,1,61.14849,medium,success,0,fallback_symbolic_effects,done,experiments/bt_selection_benchmark/results/bt_candidate_evaluations_v6_hard_cases_with_sim.csv,v6_hard_cases,v6_hard_cases,v6_hard_cases::state_003_t3::hard_physical_place_block3_on_block5
hard_physical_place_block3_on_block5,state_003_t3,3,collision_far_offset_bt,collision_far_offset_bt,experiments/bt_selection_benchmark/bt_candidates_v6_hard_cases/hard_physical_place_block3_on_block5/collision_far_offset_bt.json,place block_3 on block_5 with physically stable placement,"supported_by(block_3, block_5)",block_3,block_5,1,0,1.0,1,1,0,0,6,3,1.0,0.373897,0.655308,0,1,60.950414,medium,success,0,fallback_symbolic_effects,done,experiments/bt_selection_benchmark/results/bt_candidate_evaluations_v6_hard_cases_with_sim.csv,v6_hard_cases,v6_hard_cases,v6_hard_cases::state_003_t3::hard_physical_place_block3_on_block5
hard_physical_place_block3_on_block5,state_003_t3,3,missing_precondition_bt,missing_precondition_bt,experiments/bt_selection_benchmark/bt_candidates_v6_hard_cases/hard_physical_place_block3_on_block5/missing_precondition_bt.json,place block_3 on block_5 with physically stable placement,"supported_by(block_3, block_5)",block_3,block_5,1,1,1.0,1,1,0,0,5,3,0.5,0.001063,0.753421,1,1,154.982528,good,success,0,fallback_symbolic_effects,done,experiments/bt_selection_benchmark/results/bt_candidate_evaluations_v6_hard_cases_with_sim.csv,v6_hard_cases,v6_hard_cases,v6_hard_cases::state_003_t3::hard_physical_place_block3_on_block5
hard_physical_place_block1_on_block5,state_003_t3,3,stable_center_bt,stable_center_bt,experiments/bt_selection_benchmark/bt_candidates_v6_hard_cases/hard_physical_place_block1_on_block5/stable_center_bt.json,place block_1 on block_5 with physically stable placement,"supported_by(block_1, block_5)",block_1,block_5,1,1,1.0,1,1,0,0,6,3,1.0,0.010671,0.672371,1,1,164.548548,good,success,0,fallback_symbolic_effects,done,experiments/bt_selection_benchmark/results/bt_candidate_evaluations_v6_hard_cases_with_sim.csv,v6_hard_cases,v6_hard_cases,v6_hard_cases::state_003_t3::hard_physical_place_block1_on_block5
hard_physical_place_block1_on_block5,state_003_t3,3,symbolic_edge_bt,symbolic_edge_bt,experiments/bt_selection_benchmark/bt_candidates_v6_hard_cases/hard_physical_place_block1_on_block5/symbolic_edge_bt.json,place block_1 on block_5 with physically stable placement,"supported_by(block_1, block_5)",block_1,block_5,1,1,1.0,1,1,0,0,6,3,1.0,0.019903,0.690419,1,1,164.420132,good,success,0,fallback_symbolic_effects,done,experiments/bt_selection_benchmark/results/bt_candidate_evaluations_v6_hard_cases_with_sim.csv,v6_hard_cases,v6_hard_cases,v6_hard_cases::state_003_t3::hard_physical_place_block1_on_block5
hard_physical_place_block1_on_block5,state_003_t3,3,symbolic_corner_bt,symbolic_corner_bt,experiments/bt_selection_benchmark/bt_candidates_v6_hard_cases/hard_physical_place_block1_on_block5/symbolic_corner_bt.json,place block_1 on block_5 with physically stable placement,"supported_by(block_1, block_5)",block_1,block_5,1,1,1.0,1,1,0,0,6,3,1.0,0.005112,0.675823,1,1,164.597234,good,success,0,fallback_symbolic_effects,done,experiments/bt_selection_benchmark/results/bt_candidate_evaluations_v6_hard_cases_with_sim.csv,v6_hard_cases,v6_hard_cases,v6_hard_cases::state_003_t3::hard_physical_place_block1_on_block5
hard_physical_place_block1_on_block5,state_003_t3,3,unstable_over_edge_bt,unstable_over_edge_bt,experiments/bt_selection_benchmark/bt_candidates_v6_hard_cases/hard_physical_place_block1_on_block5/unstable_over_edge_bt.json,place block_1 on block_5 with physically stable placement,"supported_by(block_1, block_5)",block_1,block_5,1,0,1.0,1,1,0,0,6,3,1.0,0.379374,0.684499,0,1,60.837262,medium,success,0,fallback_symbolic_effects,done,experiments/bt_selection_benchmark/results/bt_candidate_evaluations_v6_hard_cases_with_sim.csv,v6_hard_cases,v6_hard_cases,v6_hard_cases::state_003_t3::hard_physical_place_block1_on_block5
hard_physical_place_block1_on_block5,state_003_t3,3,collision_far_offset_bt,collision_far_offset_bt,experiments/bt_selection_benchmark/bt_candidates_v6_hard_cases/hard_physical_place_block1_on_block5/collision_far_offset_bt.json,place block_1 on block_5 with physically stable placement,"supported_by(block_1, block_5)",block_1,block_5,1,0,1.0,1,1,0,0,6,3,1.0,0.375405,0.618994,0,1,61.007962,medium,success,0,fallback_symbolic_effects,done,experiments/bt_selection_benchmark/results/bt_candidate_evaluations_v6_hard_cases_with_sim.csv,v6_hard_cases,v6_hard_cases,v6_hard_cases::state_003_t3::hard_physical_place_block1_on_block5
hard_physical_place_block1_on_block5,state_003_t3,3,missing_precondition_bt,missing_precondition_bt,experiments/bt_selection_benchmark/bt_candidates_v6_hard_cases/hard_physical_place_block1_on_block5/missing_precondition_bt.json,place block_1 on block_5 with physically stable placement,"supported_by(block_1, block_5)",block_1,block_5,1,1,1.0,1,1,0,0,5,3,0.5,0.009573,0.676815,1,1,155.05064,good,success,0,fallback_symbolic_effects,done,experiments/bt_selection_benchmark/results/bt_candidate_evaluations_v6_hard_cases_with_sim.csv,v6_hard_cases,v6_hard_cases,v6_hard_cases::state_003_t3::hard_physical_place_block1_on_block5
long_horizon_clear_then_stack_block2_on_block3,state_003_t3,3,correct_order_bt,correct_order_bt,experiments/bt_selection_benchmark/bt_candidates_v6_hard_cases/long_horizon_clear_then_stack_block2_on_block3/correct_order_bt.json,"move block_4 away, then stack block_2 on block_3","supported_by(block_2, block_3)",block_2,block_3,1,0,1.0,1,2,0,0,9,3,1.0,0.069012,0.888598,0,1,61.032684,medium,success,0,fallback_symbolic_effects,done,experiments/bt_selection_benchmark/results/bt_candidate_evaluations_v6_hard_cases_with_sim.csv,v6_hard_cases,v6_hard_cases,v6_hard_cases::state_003_t3::long_horizon_clear_then_stack_block2_on_block3
long_horizon_clear_then_stack_block2_on_block3,state_003_t3,3,wrong_order_bt,wrong_order_bt,experiments/bt_selection_benchmark/bt_candidates_v6_hard_cases/long_horizon_clear_then_stack_block2_on_block3/wrong_order_bt.json,"move block_4 away, then stack block_2 on block_3","supported_by(block_2, block_3)",block_2,block_3,1,0,1.0,1,2,0,0,9,3,1.0,0.079792,0.886052,0,1,60.929976,medium,success,0,fallback_symbolic_effects,done,experiments/bt_selection_benchmark/results/bt_candidate_evaluations_v6_hard_cases_with_sim.csv,v6_hard_cases,v6_hard_cases,v6_hard_cases::state_003_t3::long_horizon_clear_then_stack_block2_on_block3
long_horizon_clear_then_stack_block2_on_block3,state_003_t3,3,missing_clear_bt,missing_clear_bt,experiments/bt_selection_benchmark/bt_candidates_v6_hard_cases/long_horizon_clear_then_stack_block2_on_block3/missing_clear_bt.json,"move block_4 away, then stack block_2 on block_3","supported_by(block_2, block_3)",block_2,block_3,1,0,1.0,1,1,0,0,4,3,0.0,0.071131,0.625452,0,1,45.037786,bad,success,0,fallback_symbolic_effects,done,experiments/bt_selection_benchmark/results/bt_candidate_evaluations_v6_hard_cases_with_sim.csv,v6_hard_cases,v6_hard_cases,v6_hard_cases::state_003_t3::long_horizon_clear_then_stack_block2_on_block3
long_horizon_clear_then_stack_block2_on_block3,state_003_t3,3,redundant_repair_bt,redundant_repair_bt,experiments/bt_selection_benchmark/bt_candidates_v6_hard_cases/long_horizon_clear_then_stack_block2_on_block3/redundant_repair_bt.json,"move block_4 away, then stack block_2 on block_3","supported_by(block_2, block_3)",block_2,block_3,1,0,1.0,1,3,0,0,12,3,1.0,0.073557,0.896746,0,1,58.470938,bad,success,0,fallback_symbolic_effects,done,experiments/bt_selection_benchmark/results/bt_candidate_evaluations_v6_hard_cases_with_sim.csv,v6_hard_cases,v6_hard_cases,v6_hard_cases::state_003_t3::long_horizon_clear_then_stack_block2_on_block3
long_horizon_clear_then_stack_block2_on_block3,state_003_t3,3,wrong_support_bt,wrong_support_bt,experiments/bt_selection_benchmark/bt_candidates_v6_hard_cases/long_horizon_clear_then_stack_block2_on_block3/wrong_support_bt.json,"move block_4 away, then stack block_2 on block_3","supported_by(block_2, block_3)",block_2,block_3,0,0,0.0,1,1,0,0,6,3,0.5,0.003226,0.451503,0,1,-14.935266,bad,success,0,fallback_symbolic_effects,done,experiments/bt_selection_benchmark/results/bt_candidate_evaluations_v6_hard_cases_with_sim.csv,v6_hard_cases,v6_hard_cases,v6_hard_cases::state_003_t3::long_horizon_clear_then_stack_block2_on_block3
long_horizon_clear_then_stack_block2_on_block3,state_003_t3,3,unsafe_or_invalid_bt,unsafe_or_invalid_bt,experiments/bt_selection_benchmark/bt_candidates_v6_hard_cases/long_horizon_clear_then_stack_block2_on_block3/unsafe_or_invalid_bt.json,"move block_4 away, then stack block_2 on block_3","supported_by(block_2, block_3)",block_2,block_3,0,0,0.0,1,1,0,2,4,3,0.0,1.0,0.0,0,1,-33.0,bad,success,0,fallback_symbolic_effects,skipped,experiments/bt_selection_benchmark/results/bt_candidate_evaluations_v6_hard_cases_with_sim.csv,v6_hard_cases,v6_hard_cases,v6_hard_cases::state_003_t3::long_horizon_clear_then_stack_block2_on_block3
long_horizon_prepare_then_stack_block1_on_block3,state_003_t3,3,correct_order_bt,correct_order_bt,experiments/bt_selection_benchmark/bt_candidates_v6_hard_cases/long_horizon_prepare_then_stack_block1_on_block3/correct_order_bt.json,"move block_2 away, then stack block_1 on block_3","supported_by(block_1, block_3)",block_1,block_3,1,0,1.0,1,2,0,0,9,3,1.0,0.074106,0.616594,0,1,61.525752,medium,success,0,fallback_symbolic_effects,done,experiments/bt_selection_benchmark/results/bt_candidate_evaluations_v6_hard_cases_with_sim.csv,v6_hard_cases,v6_hard_cases,v6_hard_cases::state_003_t3::long_horizon_prepare_then_stack_block1_on_block3
long_horizon_prepare_then_stack_block1_on_block3,state_003_t3,3,wrong_order_bt,wrong_order_bt,experiments/bt_selection_benchmark/bt_candidates_v6_hard_cases/long_horizon_prepare_then_stack_block1_on_block3/wrong_order_bt.json,"move block_2 away, then stack block_1 on block_3","supported_by(block_1, block_3)",block_1,block_3,1,0,1.0,1,2,0,0,9,3,1.0,0.0796,0.490457,0,1,61.723086,medium,success,0,fallback_symbolic_effects,done,experiments/bt_selection_benchmark/results/bt_candidate_evaluations_v6_hard_cases_with_sim.csv,v6_hard_cases,v6_hard_cases,v6_hard_cases::state_003_t3::long_horizon_prepare_then_stack_block1_on_block3
long_horizon_prepare_then_stack_block1_on_block3,state_003_t3,3,missing_clear_bt,missing_clear_bt,experiments/bt_selection_benchmark/bt_candidates_v6_hard_cases/long_horizon_prepare_then_stack_block1_on_block3/missing_clear_bt.json,"move block_2 away, then stack block_1 on block_3","supported_by(block_1, block_3)",block_1,block_3,1,0,1.0,1,1,0,0,4,3,0.0,0.079475,0.643563,0,1,44.918124,bad,success,0,fallback_symbolic_effects,done,experiments/bt_selection_benchmark/results/bt_candidate_evaluations_v6_hard_cases_with_sim.csv,v6_hard_cases,v6_hard_cases,v6_hard_cases::state_003_t3::long_horizon_prepare_then_stack_block1_on_block3
long_horizon_prepare_then_stack_block1_on_block3,state_003_t3,3,redundant_repair_bt,redundant_repair_bt,experiments/bt_selection_benchmark/bt_candidates_v6_hard_cases/long_horizon_prepare_then_stack_block1_on_block3/redundant_repair_bt.json,"move block_2 away, then stack block_1 on block_3","supported_by(block_1, block_3)",block_1,block_3,1,0,1.0,1,3,0,0,12,3,1.0,0.078996,0.591132,0,1,59.027776,bad,success,0,fallback_symbolic_effects,done,experiments/bt_selection_benchmark/results/bt_candidate_evaluations_v6_hard_cases_with_sim.csv,v6_hard_cases,v6_hard_cases,v6_hard_cases::state_003_t3::long_horizon_prepare_then_stack_block1_on_block3
long_horizon_prepare_then_stack_block1_on_block3,state_003_t3,3,wrong_support_bt,wrong_support_bt,experiments/bt_selection_benchmark/bt_candidates_v6_hard_cases/long_horizon_prepare_then_stack_block1_on_block3/wrong_support_bt.json,"move block_2 away, then stack block_1 on block_3","supported_by(block_1, block_3)",block_1,block_3,0,0,0.0,1,1,0,0,6,3,0.5,0.001449,0.695289,0,1,-15.405068,bad,success,0,fallback_symbolic_effects,done,experiments/bt_selection_benchmark/results/bt_candidate_evaluations_v6_hard_cases_with_sim.csv,v6_hard_cases,v6_hard_cases,v6_hard_cases::state_003_t3::long_horizon_prepare_then_stack_block1_on_block3
long_horizon_prepare_then_stack_block1_on_block3,state_003_t3,3,unsafe_or_invalid_bt,unsafe_or_invalid_bt,experiments/bt_selection_benchmark/bt_candidates_v6_hard_cases/long_horizon_prepare_then_stack_block1_on_block3/unsafe_or_invalid_bt.json,"move block_2 away, then stack block_1 on block_3","supported_by(block_1, block_3)",block_1,block_3,0,0,0.0,1,1,0,2,4,3,0.0,1.0,0.0,0,1,-33.0,bad,success,0,fallback_symbolic_effects,skipped,experiments/bt_selection_benchmark/results/bt_candidate_evaluations_v6_hard_cases_with_sim.csv,v6_hard_cases,v6_hard_cases,v6_hard_cases::state_003_t3::long_horizon_prepare_then_stack_block1_on_block3
constrained_support_block3_on_block1,state_003_t3,3,stable_center_bt,stable_center_bt,experiments/bt_selection_benchmark/bt_candidates_v6_hard_cases/constrained_support_block3_on_block1/stable_center_bt.json,place block_3 on block_1 while avoiding unstable edge and contact-risk placement,"supported_by(block_3, block_1)",block_3,block_1,1,0,1.0,1,1,0,0,6,3,1.0,0.078492,0.693247,0,1,63.828586,medium,success,0,fallback_symbolic_effects,done,experiments/bt_selection_benchmark/results/bt_candidate_evaluations_v6_hard_cases_with_sim.csv,v6_hard_cases,v6_hard_cases,v6_hard_cases::state_003_t3::constrained_support_block3_on_block1
constrained_support_block3_on_block1,state_003_t3,3,narrow_edge_bt,narrow_edge_bt,experiments/bt_selection_benchmark/bt_candidates_v6_hard_cases/constrained_support_block3_on_block1/narrow_edge_bt.json,place block_3 on block_1 while avoiding unstable edge and contact-risk placement,"supported_by(block_3, block_1)",block_3,block_1,1,0,1.0,1,1,0,0,6,3,1.0,0.088133,0.654124,0,1,63.810422,medium,success,0,fallback_symbolic_effects,done,experiments/bt_selection_benchmark/results/bt_candidate_evaluations_v6_hard_cases_with_sim.csv,v6_hard_cases,v6_hard_cases,v6_hard_cases::state_003_t3::constrained_support_block3_on_block1
constrained_support_block3_on_block1,state_003_t3,3,symbolic_edge_bt,symbolic_edge_bt,experiments/bt_selection_benchmark/bt_candidates_v6_hard_cases/constrained_support_block3_on_block1/symbolic_edge_bt.json,place block_3 on block_1 while avoiding unstable edge and contact-risk placement,"supported_by(block_3, block_1)",block_3,block_1,1,0,1.0,1,1,0,0,6,3,1.0,0.078468,0.603978,0,1,64.007364,medium,success,0,fallback_symbolic_effects,done,experiments/bt_selection_benchmark/results/bt_candidate_evaluations_v6_hard_cases_with_sim.csv,v6_hard_cases,v6_hard_cases,v6_hard_cases::state_003_t3::constrained_support_block3_on_block1
constrained_support_block3_on_block1,state_003_t3,3,collision_risk_bt,collision_risk_bt,experiments/bt_selection_benchmark/bt_candidates_v6_hard_cases/constrained_support_block3_on_block1/collision_risk_bt.json,place block_3 on block_1 while avoiding unstable edge and contact-risk placement,"supported_by(block_3, block_1)",block_3,block_1,1,0,1.0,1,1,0,0,6,3,1.0,0.081812,0.605706,0,1,63.970468,medium,success,0,fallback_symbolic_effects,done,experiments/bt_selection_benchmark/results/bt_candidate_evaluations_v6_hard_cases_with_sim.csv,v6_hard_cases,v6_hard_cases,v6_hard_cases::state_003_t3::constrained_support_block3_on_block1
constrained_support_block3_on_block1,state_003_t3,3,unstable_over_edge_bt,unstable_over_edge_bt,experiments/bt_selection_benchmark/bt_candidates_v6_hard_cases/constrained_support_block3_on_block1/unstable_over_edge_bt.json,place block_3 on block_1 while avoiding unstable edge and contact-risk placement,"supported_by(block_3, block_1)",block_3,block_1,1,0,1.0,1,1,0,0,6,3,1.0,0.086883,0.73882,0,1,63.65353,medium,success,0,fallback_symbolic_effects,done,experiments/bt_selection_benchmark/results/bt_candidate_evaluations_v6_hard_cases_with_sim.csv,v6_hard_cases,v6_hard_cases,v6_hard_cases::state_003_t3::constrained_support_block3_on_block1
constrained_support_block3_on_block1,state_003_t3,3,far_offset_bt,far_offset_bt,experiments/bt_selection_benchmark/bt_candidates_v6_hard_cases/constrained_support_block3_on_block1/far_offset_bt.json,place block_3 on block_1 while avoiding unstable edge and contact-risk placement,"supported_by(block_3, block_1)",block_3,block_1,1,0,1.0,1,1,0,0,6,3,1.0,0.092516,0.614243,0,1,63.846354,medium,success,0,fallback_symbolic_effects,done,experiments/bt_selection_benchmark/results/bt_candidate_evaluations_v6_hard_cases_with_sim.csv,v6_hard_cases,v6_hard_cases,v6_hard_cases::state_003_t3::constrained_support_block3_on_block1
constrained_support_block1_on_block3,state_003_t3,3,stable_center_bt,stable_center_bt,experiments/bt_selection_benchmark/bt_candidates_v6_hard_cases/constrained_support_block1_on_block3/stable_center_bt.json,place block_1 on block_3 while avoiding unstable edge and contact-risk placement,"supported_by(block_1, block_3)",block_1,block_3,1,0,1.0,1,1,0,0,6,3,1.0,0.072061,0.566579,0,1,64.146232,medium,success,0,fallback_symbolic_effects,done,experiments/bt_selection_benchmark/results/bt_candidate_evaluations_v6_hard_cases_with_sim.csv,v6_hard_cases,v6_hard_cases,v6_hard_cases::state_003_t3::constrained_support_block1_on_block3
constrained_support_block1_on_block3,state_003_t3,3,narrow_edge_bt,narrow_edge_bt,experiments/bt_selection_benchmark/bt_candidates_v6_hard_cases/constrained_support_block1_on_block3/narrow_edge_bt.json,place block_1 on block_3 while avoiding unstable edge and contact-risk placement,"supported_by(block_1, block_3)",block_1,block_3,1,0,1.0,1,1,0,0,6,3,1.0,0.088164,0.807511,0,1,63.503338,medium,success,0,fallback_symbolic_effects,done,experiments/bt_selection_benchmark/results/bt_candidate_evaluations_v6_hard_cases_with_sim.csv,v6_hard_cases,v6_hard_cases,v6_hard_cases::state_003_t3::constrained_support_block1_on_block3
constrained_support_block1_on_block3,state_003_t3,3,symbolic_edge_bt,symbolic_edge_bt,experiments/bt_selection_benchmark/bt_candidates_v6_hard_cases/constrained_support_block1_on_block3/symbolic_edge_bt.json,place block_1 on block_3 while avoiding unstable edge and contact-risk placement,"supported_by(block_1, block_3)",block_1,block_3,1,0,1.0,1,1,0,0,6,3,1.0,0.073441,0.757248,0,1,63.751094,medium,success,0,fallback_symbolic_effects,done,experiments/bt_selection_benchmark/results/bt_candidate_evaluations_v6_hard_cases_with_sim.csv,v6_hard_cases,v6_hard_cases,v6_hard_cases::state_003_t3::constrained_support_block1_on_block3
constrained_support_block1_on_block3,state_003_t3,3,collision_risk_bt,collision_risk_bt,experiments/bt_selection_benchmark/bt_candidates_v6_hard_cases/constrained_support_block1_on_block3/collision_risk_bt.json,place block_1 on block_3 while avoiding unstable edge and contact-risk placement,"supported_by(block_1, block_3)",block_1,block_3,1,0,1.0,1,1,0,0,6,3,1.0,0.089431,0.524798,0,1,64.056094,medium,success,0,fallback_symbolic_effects,done,experiments/bt_selection_benchmark/results/bt_candidate_evaluations_v6_hard_cases_with_sim.csv,v6_hard_cases,v6_hard_cases,v6_hard_cases::state_003_t3::constrained_support_block1_on_block3
constrained_support_block1_on_block3,state_003_t3,3,unstable_over_edge_bt,unstable_over_edge_bt,experiments/bt_selection_benchmark/bt_candidates_v6_hard_cases/constrained_support_block1_on_block3/unstable_over_edge_bt.json,place block_1 on block_3 while avoiding unstable edge and contact-risk placement,"supported_by(block_1, block_3)",block_1,block_3,1,0,1.0,1,1,0,0,6,3,1.0,0.072189,0.604554,0,1,64.069002,medium,success,0,fallback_symbolic_effects,done,experiments/bt_selection_benchmark/results/bt_candidate_evaluations_v6_hard_cases_with_sim.csv,v6_hard_cases,v6_hard_cases,v6_hard_cases::state_003_t3::constrained_support_block1_on_block3
constrained_support_block1_on_block3,state_003_t3,3,far_offset_bt,far_offset_bt,experiments/bt_selection_benchmark/bt_candidates_v6_hard_cases/constrained_support_block1_on_block3/far_offset_bt.json,place block_1 on block_3 while avoiding unstable edge and contact-risk placement,"supported_by(block_1, block_3)",block_1,block_3,1,0,1.0,1,1,0,0,6,3,1.0,0.460203,0.736495,0,1,59.92498,bad,success,0,fallback_symbolic_effects,done,experiments/bt_selection_benchmark/results/bt_candidate_evaluations_v6_hard_cases_with_sim.csv,v6_hard_cases,v6_hard_cases,v6_hard_cases::state_003_t3::constrained_support_block1_on_block3
hard_physical_place_block3_on_block5,state_004_t4,4,stable_center_bt,stable_center_bt,experiments/bt_selection_benchmark/bt_candidates_v6_hard_cases/hard_physical_place_block3_on_block5/stable_center_bt.json,place block_3 on block_5 with physically stable placement,"supported_by(block_3, block_5)",block_3,block_5,1,1,1.0,1,1,0,0,6,3,1.0,0.000332,0.6296,1,1,164.73748,good,success,0,fallback_symbolic_effects,done,experiments/bt_selection_benchmark/results/bt_candidate_evaluations_v6_hard_cases_with_sim.csv,v6_hard_cases,v6_hard_cases,v6_hard_cases::state_004_t4::hard_physical_place_block3_on_block5
hard_physical_place_block3_on_block5,state_004_t4,4,symbolic_edge_bt,symbolic_edge_bt,experiments/bt_selection_benchmark/bt_candidates_v6_hard_cases/hard_physical_place_block3_on_block5/symbolic_edge_bt.json,place block_3 on block_5 with physically stable placement,"supported_by(block_3, block_5)",block_3,block_5,1,1,1.0,1,1,0,0,6,3,1.0,0.028938,0.656958,1,1,164.396704,good,success,0,fallback_symbolic_effects,done,experiments/bt_selection_benchmark/results/bt_candidate_evaluations_v6_hard_cases_with_sim.csv,v6_hard_cases,v6_hard_cases,v6_hard_cases::state_004_t4::hard_physical_place_block3_on_block5
hard_physical_place_block3_on_block5,state_004_t4,4,symbolic_corner_bt,symbolic_corner_bt,experiments/bt_selection_benchmark/bt_candidates_v6_hard_cases/hard_physical_place_block3_on_block5/symbolic_corner_bt.json,place block_3 on block_5 with physically stable placement,"supported_by(block_3, block_5)",block_3,block_5,1,1,1.0,1,1,0,0,6,3,1.0,0.0097,0.76323,1,1,164.37654,good,success,0,fallback_symbolic_effects,done,experiments/bt_selection_benchmark/results/bt_candidate_evaluations_v6_hard_cases_with_sim.csv,v6_hard_cases,v6_hard_cases,v6_hard_cases::state_004_t4::hard_physical_place_block3_on_block5
hard_physical_place_block3_on_block5,state_004_t4,4,unstable_over_edge_bt,unstable_over_edge_bt,experiments/bt_selection_benchmark/bt_candidates_v6_hard_cases/hard_physical_place_block3_on_block5/unstable_over_edge_bt.json,place block_3 on block_5 with physically stable placement,"supported_by(block_3, block_5)",block_3,block_5,1,0,1.0,1,1,0,0,6,3,1.0,0.371347,0.696998,0,1,60.892534,medium,success,0,fallback_symbolic_effects,done,experiments/bt_selection_benchmark/results/bt_candidate_evaluations_v6_hard_cases_with_sim.csv,v6_hard_cases,v6_hard_cases,v6_hard_cases::state_004_t4::hard_physical_place_block3_on_block5
hard_physical_place_block3_on_block5,state_004_t4,4,collision_far_offset_bt,collision_far_offset_bt,experiments/bt_selection_benchmark/bt_candidates_v6_hard_cases/hard_physical_place_block3_on_block5/collision_far_offset_bt.json,place block_3 on block_5 with physically stable placement,"supported_by(block_3, block_5)",block_3,block_5,1,0,1.0,1,1,0,0,6,3,1.0,0.369236,0.612339,0,1,61.082962,medium,success,0,fallback_symbolic_effects,done,experiments/bt_selection_benchmark/results/bt_candidate_evaluations_v6_hard_cases_with_sim.csv,v6_hard_cases,v6_hard_cases,v6_hard_cases::state_004_t4::hard_physical_place_block3_on_block5
hard_physical_place_block3_on_block5,state_004_t4,4,missing_precondition_bt,missing_precondition_bt,experiments/bt_selection_benchmark/bt_candidates_v6_hard_cases/hard_physical_place_block3_on_block5/missing_precondition_bt.json,place block_3 on block_5 with physically stable placement,"supported_by(block_3, block_5)",block_3,block_5,1,1,1.0,1,1,0,0,5,3,0.5,0.00408,0.696031,1,1,155.067138,good,success,0,fallback_symbolic_effects,done,experiments/bt_selection_benchmark/results/bt_candidate_evaluations_v6_hard_cases_with_sim.csv,v6_hard_cases,v6_hard_cases,v6_hard_cases::state_004_t4::hard_physical_place_block3_on_block5
hard_physical_place_block1_on_block5,state_004_t4,4,stable_center_bt,stable_center_bt,experiments/bt_selection_benchmark/bt_candidates_v6_hard_cases/hard_physical_place_block1_on_block5/stable_center_bt.json,place block_1 on block_5 with physically stable placement,"supported_by(block_1, block_5)",block_1,block_5,1,1,1.0,1,1,0,0,6,3,1.0,0.010828,0.581266,1,1,164.729188,good,success,0,fallback_symbolic_effects,done,experiments/bt_selection_benchmark/results/bt_candidate_evaluations_v6_hard_cases_with_sim.csv,v6_hard_cases,v6_hard_cases,v6_hard_cases::state_004_t4::hard_physical_place_block1_on_block5
hard_physical_place_block1_on_block5,state_004_t4,4,symbolic_edge_bt,symbolic_edge_bt,experiments/bt_selection_benchmark/bt_candidates_v6_hard_cases/hard_physical_place_block1_on_block5/symbolic_edge_bt.json,place block_1 on block_5 with physically stable placement,"supported_by(block_1, block_5)",block_1,block_5,1,1,1.0,1,1,0,0,6,3,1.0,0.028157,0.753838,1,1,164.210754,good,success,0,fallback_symbolic_effects,done,experiments/bt_selection_benchmark/results/bt_candidate_evaluations_v6_hard_cases_with_sim.csv,v6_hard_cases,v6_hard_cases,v6_hard_cases::state_004_t4::hard_physical_place_block1_on_block5
hard_physical_place_block1_on_block5,state_004_t4,4,symbolic_corner_bt,symbolic_corner_bt,experiments/bt_selection_benchmark/bt_candidates_v6_hard_cases/hard_physical_place_block1_on_block5/symbolic_corner_bt.json,place block_1 on block_5 with physically stable placement,"supported_by(block_1, block_5)",block_1,block_5,1,1,1.0,1,1,0,0,6,3,1.0,0.007255,0.578187,1,1,164.771076,good,success,0,fallback_symbolic_effects,done,experiments/bt_selection_benchmark/results/bt_candidate_evaluations_v6_hard_cases_with_sim.csv,v6_hard_cases,v6_hard_cases,v6_hard_cases::state_004_t4::hard_physical_place_block1_on_block5
hard_physical_place_block1_on_block5,state_004_t4,4,unstable_over_edge_bt,unstable_over_edge_bt,experiments/bt_selection_benchmark/bt_candidates_v6_hard_cases/hard_physical_place_block1_on_block5/unstable_over_edge_bt.json,place block_1 on block_5 with physically stable placement,"supported_by(block_1, block_5)",block_1,block_5,1,0,1.0,1,1,0,0,6,3,1.0,0.380122,0.702587,0,1,60.793606,medium,success,0,fallback_symbolic_effects,done,experiments/bt_selection_benchmark/results/bt_candidate_evaluations_v6_hard_cases_with_sim.csv,v6_hard_cases,v6_hard_cases,v6_hard_cases::state_004_t4::hard_physical_place_block1_on_block5
hard_physical_place_block1_on_block5,state_004_t4,4,collision_far_offset_bt,collision_far_offset_bt,experiments/bt_selection_benchmark/bt_candidates_v6_hard_cases/hard_physical_place_block1_on_block5/collision_far_offset_bt.json,place block_1 on block_5 with physically stable placement,"supported_by(block_1, block_5)",block_1,block_5,1,0,1.0,1,1,0,0,6,3,1.0,0.383966,0.604609,0,1,60.951122,medium,success,0,fallback_symbolic_effects,done,experiments/bt_selection_benchmark/results/bt_candidate_evaluations_v6_hard_cases_with_sim.csv,v6_hard_cases,v6_hard_cases,v6_hard_cases::state_004_t4::hard_physical_place_block1_on_block5
hard_physical_place_block1_on_block5,state_004_t4,4,missing_precondition_bt,missing_precondition_bt,experiments/bt_selection_benchmark/bt_candidates_v6_hard_cases/hard_physical_place_block1_on_block5/missing_precondition_bt.json,place block_1 on block_5 with physically stable placement,"supported_by(block_1, block_5)",block_1,block_5,1,1,1.0,1,1,0,0,5,3,0.5,0.005226,0.635472,1,1,155.176796,good,success,0,fallback_symbolic_effects,done,experiments/bt_selection_benchmark/results/bt_candidate_evaluations_v6_hard_cases_with_sim.csv,v6_hard_cases,v6_hard_cases,v6_hard_cases::state_004_t4::hard_physical_place_block1_on_block5
long_horizon_clear_then_stack_block2_on_block3,state_004_t4,4,correct_order_bt,correct_order_bt,experiments/bt_selection_benchmark/bt_candidates_v6_hard_cases/long_horizon_clear_then_stack_block2_on_block3/correct_order_bt.json,"move block_4 away, then stack block_2 on block_3","supported_by(block_2, block_3)",block_2,block_3,1,0,1.0,1,2,0,0,9,3,1.0,0.076532,0.892559,0,1,60.949562,medium,success,0,fallback_symbolic_effects,done,experiments/bt_selection_benchmark/results/bt_candidate_evaluations_v6_hard_cases_with_sim.csv,v6_hard_cases,v6_hard_cases,v6_hard_cases::state_004_t4::long_horizon_clear_then_stack_block2_on_block3
long_horizon_clear_then_stack_block2_on_block3,state_004_t4,4,wrong_order_bt,wrong_order_bt,experiments/bt_selection_benchmark/bt_candidates_v6_hard_cases/long_horizon_clear_then_stack_block2_on_block3/wrong_order_bt.json,"move block_4 away, then stack block_2 on block_3","supported_by(block_2, block_3)",block_2,block_3,1,0,1.0,1,2,0,0,9,3,1.0,0.077672,0.88868,0,1,60.94592,medium,success,0,fallback_symbolic_effects,done,experiments/bt_selection_benchmark/results/bt_candidate_evaluations_v6_hard_cases_with_sim.csv,v6_hard_cases,v6_hard_cases,v6_hard_cases::state_004_t4::long_horizon_clear_then_stack_block2_on_block3
long_horizon_clear_then_stack_block2_on_block3,state_004_t4,4,missing_clear_bt,missing_clear_bt,experiments/bt_selection_benchmark/bt_candidates_v6_hard_cases/long_horizon_clear_then_stack_block2_on_block3/missing_clear_bt.json,"move block_4 away, then stack block_2 on block_3","supported_by(block_2, block_3)",block_2,block_3,1,0,1.0,1,1,0,0,4,3,0.0,0.07701,0.605754,0,1,45.018392,bad,success,0,fallback_symbolic_effects,done,experiments/bt_selection_benchmark/results/bt_candidate_evaluations_v6_hard_cases_with_sim.csv,v6_hard_cases,v6_hard_cases,v6_hard_cases::state_004_t4::long_horizon_clear_then_stack_block2_on_block3
long_horizon_clear_then_stack_block2_on_block3,state_004_t4,4,redundant_repair_bt,redundant_repair_bt,experiments/bt_selection_benchmark/bt_candidates_v6_hard_cases/long_horizon_clear_then_stack_block2_on_block3/redundant_repair_bt.json,"move block_4 away, then stack block_2 on block_3","supported_by(block_2, block_3)",block_2,block_3,1,0,1.0,1,3,0,0,12,3,1.0,0.073024,0.886086,0,1,58.497588,bad,success,0,fallback_symbolic_effects,done,experiments/bt_selection_benchmark/results/bt_candidate_evaluations_v6_hard_cases_with_sim.csv,v6_hard_cases,v6_hard_cases,v6_hard_cases::state_004_t4::long_horizon_clear_then_stack_block2_on_block3
long_horizon_clear_then_stack_block2_on_block3,state_004_t4,4,wrong_support_bt,wrong_support_bt,experiments/bt_selection_benchmark/bt_candidates_v6_hard_cases/long_horizon_clear_then_stack_block2_on_block3/wrong_support_bt.json,"move block_4 away, then stack block_2 on block_3","supported_by(block_2, block_3)",block_2,block_3,0,0,0.0,1,1,0,0,6,3,0.5,0.002261,0.551504,0,1,-15.125618,bad,success,0,fallback_symbolic_effects,done,experiments/bt_selection_benchmark/results/bt_candidate_evaluations_v6_hard_cases_with_sim.csv,v6_hard_cases,v6_hard_cases,v6_hard_cases::state_004_t4::long_horizon_clear_then_stack_block2_on_block3
long_horizon_clear_then_stack_block2_on_block3,state_004_t4,4,unsafe_or_invalid_bt,unsafe_or_invalid_bt,experiments/bt_selection_benchmark/bt_candidates_v6_hard_cases/long_horizon_clear_then_stack_block2_on_block3/unsafe_or_invalid_bt.json,"move block_4 away, then stack block_2 on block_3","supported_by(block_2, block_3)",block_2,block_3,0,0,0.0,1,1,0,2,4,3,0.0,1.0,0.0,0,1,-33.0,bad,success,0,fallback_symbolic_effects,skipped,experiments/bt_selection_benchmark/results/bt_candidate_evaluations_v6_hard_cases_with_sim.csv,v6_hard_cases,v6_hard_cases,v6_hard_cases::state_004_t4::long_horizon_clear_then_stack_block2_on_block3
long_horizon_prepare_then_stack_block1_on_block3,state_004_t4,4,correct_order_bt,correct_order_bt,experiments/bt_selection_benchmark/bt_candidates_v6_hard_cases/long_horizon_prepare_then_stack_block1_on_block3/correct_order_bt.json,"move block_2 away, then stack block_1 on block_3","supported_by(block_1, block_3)",block_1,block_3,1,0,1.0,1,2,0,0,9,3,1.0,0.077226,0.517268,0,1,61.693204,medium,success,0,fallback_symbolic_effects,done,experiments/bt_selection_benchmark/results/bt_candidate_evaluations_v6_hard_cases_with_sim.csv,v6_hard_cases,v6_hard_cases,v6_hard_cases::state_004_t4::long_horizon_prepare_then_stack_block1_on_block3
long_horizon_prepare_then_stack_block1_on_block3,state_004_t4,4,wrong_order_bt,wrong_order_bt,experiments/bt_selection_benchmark/bt_candidates_v6_hard_cases/long_horizon_prepare_then_stack_block1_on_block3/wrong_order_bt.json,"move block_2 away, then stack block_1 on block_3","supported_by(block_1, block_3)",block_1,block_3,1,0,1.0,1,2,0,0,9,3,1.0,0.072186,0.690239,0,1,61.397662,medium,success,0,fallback_symbolic_effects,done,experiments/bt_selection_benchmark/results/bt_candidate_evaluations_v6_hard_cases_with_sim.csv,v6_hard_cases,v6_hard_cases,v6_hard_cases::state_004_t4::long_horizon_prepare_then_stack_block1_on_block3
long_horizon_prepare_then_stack_block1_on_block3,state_004_t4,4,missing_clear_bt,missing_clear_bt,experiments/bt_selection_benchmark/bt_candidates_v6_hard_cases/long_horizon_prepare_then_stack_block1_on_block3/missing_clear_bt.json,"move block_2 away, then stack block_1 on block_3","supported_by(block_1, block_3)",block_1,block_3,1,0,1.0,1,1,0,0,4,3,0.0,0.084799,0.615514,0,1,44.920982,bad,success,0,fallback_symbolic_effects,done,experiments/bt_selection_benchmark/results/bt_candidate_evaluations_v6_hard_cases_with_sim.csv,v6_hard_cases,v6_hard_cases,v6_hard_cases::state_004_t4::long_horizon_prepare_then_stack_block1_on_block3
long_horizon_prepare_then_stack_block1_on_block3,state_004_t4,4,redundant_repair_bt,redundant_repair_bt,experiments/bt_selection_benchmark/bt_candidates_v6_hard_cases/long_horizon_prepare_then_stack_block1_on_block3/redundant_repair_bt.json,"move block_2 away, then stack block_1 on block_3","supported_by(block_1, block_3)",block_1,block_3,1,0,1.0,1,3,0,0,12,3,1.0,0.085136,0.55728,0,1,59.03408,bad,success,0,fallback_symbolic_effects,done,experiments/bt_selection_benchmark/results/bt_candidate_evaluations_v6_hard_cases_with_sim.csv,v6_hard_cases,v6_hard_cases,v6_hard_cases::state_004_t4::long_horizon_prepare_then_stack_block1_on_block3
long_horizon_prepare_then_stack_block1_on_block3,state_004_t4,4,wrong_support_bt,wrong_support_bt,experiments/bt_selection_benchmark/bt_candidates_v6_hard_cases/long_horizon_prepare_then_stack_block1_on_block3/wrong_support_bt.json,"move block_2 away, then stack block_1 on block_3","supported_by(block_1, block_3)",block_1,block_3,0,0,0.0,1,1,0,0,6,3,0.5,0.011806,0.748828,0,1,-15.615716,bad,success,0,fallback_symbolic_effects,done,experiments/bt_selection_benchmark/results/bt_candidate_evaluations_v6_hard_cases_with_sim.csv,v6_hard_cases,v6_hard_cases,v6_hard_cases::state_004_t4::long_horizon_prepare_then_stack_block1_on_block3
long_horizon_prepare_then_stack_block1_on_block3,state_004_t4,4,unsafe_or_invalid_bt,unsafe_or_invalid_bt,experiments/bt_selection_benchmark/bt_candidates_v6_hard_cases/long_horizon_prepare_then_stack_block1_on_block3/unsafe_or_invalid_bt.json,"move block_2 away, then stack block_1 on block_3","supported_by(block_1, block_3)",block_1,block_3,0,0,0.0,1,1,0,2,4,3,0.0,1.0,0.0,0,1,-33.0,bad,success,0,fallback_symbolic_effects,skipped,experiments/bt_selection_benchmark/results/bt_candidate_evaluations_v6_hard_cases_with_sim.csv,v6_hard_cases,v6_hard_cases,v6_hard_cases::state_004_t4::long_horizon_prepare_then_stack_block1_on_block3
constrained_support_block3_on_block1,state_004_t4,4,stable_center_bt,stable_center_bt,experiments/bt_selection_benchmark/bt_candidates_v6_hard_cases/constrained_support_block3_on_block1/stable_center_bt.json,place block_3 on block_1 while avoiding unstable edge and contact-risk placement,"supported_by(block_3, block_1)",block_3,block_1,1,0,1.0,1,1,0,0,6,3,1.0,0.091406,0.723122,0,1,63.639696,medium,success,0,fallback_symbolic_effects,done,experiments/bt_selection_benchmark/results/bt_candidate_evaluations_v6_hard_cases_with_sim.csv,v6_hard_cases,v6_hard_cases,v6_hard_cases::state_004_t4::constrained_support_block3_on_block1
constrained_support_block3_on_block1,state_004_t4,4,narrow_edge_bt,narrow_edge_bt,experiments/bt_selection_benchmark/bt_candidates_v6_hard_cases/constrained_support_block3_on_block1/narrow_edge_bt.json,place block_3 on block_1 while avoiding unstable edge and contact-risk placement,"supported_by(block_3, block_1)",block_3,block_1,1,0,1.0,1,1,0,0,6,3,1.0,0.084686,0.642627,0,1,63.867886,medium,success,0,fallback_symbolic_effects,done,experiments/bt_selection_benchmark/results/bt_candidate_evaluations_v6_hard_cases_with_sim.csv,v6_hard_cases,v6_hard_cases,v6_hard_cases::state_004_t4::constrained_support_block3_on_block1
constrained_support_block3_on_block1,state_004_t4,4,symbolic_edge_bt,symbolic_edge_bt,experiments/bt_selection_benchmark/bt_candidates_v6_hard_cases/constrained_support_block3_on_block1/symbolic_edge_bt.json,place block_3 on block_1 while avoiding unstable edge and contact-risk placement,"supported_by(block_3, block_1)",block_3,block_1,1,0,1.0,1,1,0,0,6,3,1.0,0.09071,0.740423,0,1,63.612054,medium,success,0,fallback_symbolic_effects,done,experiments/bt_selection_benchmark/results/bt_candidate_evaluations_v6_hard_cases_with_sim.csv,v6_hard_cases,v6_hard_cases,v6_hard_cases::state_004_t4::constrained_support_block3_on_block1
constrained_support_block3_on_block1,state_004_t4,4,collision_risk_bt,collision_risk_bt,experiments/bt_selection_benchmark/bt_candidates_v6_hard_cases/constrained_support_block3_on_block1/collision_risk_bt.json,place block_3 on block_1 while avoiding unstable edge and contact-risk placement,"supported_by(block_3, block_1)",block_3,block_1,1,0,1.0,1,1,0,0,6,3,1.0,0.09108,0.655591,0,1,63.778018,medium,success,0,fallback_symbolic_effects,done,experiments/bt_selection_benchmark/results/bt_candidate_evaluations_v6_hard_cases_with_sim.csv,v6_hard_cases,v6_hard_cases,v6_hard_cases::state_004_t4::constrained_support_block3_on_block1
constrained_support_block3_on_block1,state_004_t4,4,unstable_over_edge_bt,unstable_over_edge_bt,experiments/bt_selection_benchmark/bt_candidates_v6_hard_cases/constrained_support_block3_on_block1/unstable_over_edge_bt.json,place block_3 on block_1 while avoiding unstable edge and contact-risk placement,"supported_by(block_3, block_1)",block_3,block_1,1,0,1.0,1,1,0,0,6,3,1.0,0.078403,0.781567,0,1,63.652836,medium,success,0,fallback_symbolic_effects,done,experiments/bt_selection_benchmark/results/bt_candidate_evaluations_v6_hard_cases_with_sim.csv,v6_hard_cases,v6_hard_cases,v6_hard_cases::state_004_t4::constrained_support_block3_on_block1
constrained_support_block3_on_block1,state_004_t4,4,far_offset_bt,far_offset_bt,experiments/bt_selection_benchmark/bt_candidates_v6_hard_cases/constrained_support_block3_on_block1/far_offset_bt.json,place block_3 on block_1 while avoiding unstable edge and contact-risk placement,"supported_by(block_3, block_1)",block_3,block_1,1,0,1.0,1,1,0,0,6,3,1.0,0.081439,0.741313,0,1,63.702984,medium,success,0,fallback_symbolic_effects,done,experiments/bt_selection_benchmark/results/bt_candidate_evaluations_v6_hard_cases_with_sim.csv,v6_hard_cases,v6_hard_cases,v6_hard_cases::state_004_t4::constrained_support_block3_on_block1
constrained_support_block1_on_block3,state_004_t4,4,stable_center_bt,stable_center_bt,experiments/bt_selection_benchmark/bt_candidates_v6_hard_cases/constrained_support_block1_on_block3/stable_center_bt.json,place block_1 on block_3 while avoiding unstable edge and contact-risk placement,"supported_by(block_1, block_3)",block_1,block_3,1,0,1.0,1,1,0,0,6,3,1.0,0.08112,0.715383,0,1,63.758034,medium,success,0,fallback_symbolic_effects,done,experiments/bt_selection_benchmark/results/bt_candidate_evaluations_v6_hard_cases_with_sim.csv,v6_hard_cases,v6_hard_cases,v6_hard_cases::state_004_t4::constrained_support_block1_on_block3
constrained_support_block1_on_block3,state_004_t4,4,narrow_edge_bt,narrow_edge_bt,experiments/bt_selection_benchmark/bt_candidates_v6_hard_cases/constrained_support_block1_on_block3/narrow_edge_bt.json,place block_1 on block_3 while avoiding unstable edge and contact-risk placement,"supported_by(block_1, block_3)",block_1,block_3,1,0,1.0,1,1,0,0,6,3,1.0,0.093768,0.656856,0,1,63.748608,medium,success,0,fallback_symbolic_effects,done,experiments/bt_selection_benchmark/results/bt_candidate_evaluations_v6_hard_cases_with_sim.csv,v6_hard_cases,v6_hard_cases,v6_hard_cases::state_004_t4::constrained_support_block1_on_block3
constrained_support_block1_on_block3,state_004_t4,4,symbolic_edge_bt,symbolic_edge_bt,experiments/bt_selection_benchmark/bt_candidates_v6_hard_cases/constrained_support_block1_on_block3/symbolic_edge_bt.json,place block_1 on block_3 while avoiding unstable edge and contact-risk placement,"supported_by(block_1, block_3)",block_1,block_3,1,0,1.0,1,1,0,0,6,3,1.0,0.079271,0.575597,0,1,64.056096,medium,success,0,fallback_symbolic_effects,done,experiments/bt_selection_benchmark/results/bt_candidate_evaluations_v6_hard_cases_with_sim.csv,v6_hard_cases,v6_hard_cases,v6_hard_cases::state_004_t4::constrained_support_block1_on_block3
constrained_support_block1_on_block3,state_004_t4,4,collision_risk_bt,collision_risk_bt,experiments/bt_selection_benchmark/bt_candidates_v6_hard_cases/constrained_support_block1_on_block3/collision_risk_bt.json,place block_1 on block_3 while avoiding unstable edge and contact-risk placement,"supported_by(block_1, block_3)",block_1,block_3,1,0,1.0,1,1,0,0,6,3,1.0,0.079373,0.694696,0,1,63.816878,medium,success,0,fallback_symbolic_effects,done,experiments/bt_selection_benchmark/results/bt_candidate_evaluations_v6_hard_cases_with_sim.csv,v6_hard_cases,v6_hard_cases,v6_hard_cases::state_004_t4::constrained_support_block1_on_block3
constrained_support_block1_on_block3,state_004_t4,4,unstable_over_edge_bt,unstable_over_edge_bt,experiments/bt_selection_benchmark/bt_candidates_v6_hard_cases/constrained_support_block1_on_block3/unstable_over_edge_bt.json,place block_1 on block_3 while avoiding unstable edge and contact-risk placement,"supported_by(block_1, block_3)",block_1,block_3,1,0,1.0,1,1,0,0,6,3,1.0,0.075491,0.652343,0,1,63.940404,medium,success,0,fallback_symbolic_effects,done,experiments/bt_selection_benchmark/results/bt_candidate_evaluations_v6_hard_cases_with_sim.csv,v6_hard_cases,v6_hard_cases,v6_hard_cases::state_004_t4::constrained_support_block1_on_block3
constrained_support_block1_on_block3,state_004_t4,4,far_offset_bt,far_offset_bt,experiments/bt_selection_benchmark/bt_candidates_v6_hard_cases/constrained_support_block1_on_block3/far_offset_bt.json,place block_1 on block_3 while avoiding unstable edge and contact-risk placement,"supported_by(block_1, block_3)",block_1,block_3,1,0,1.0,1,1,0,0,6,3,1.0,0.461466,0.610193,0,1,60.164954,medium,success,0,fallback_symbolic_effects,done,experiments/bt_selection_benchmark/results/bt_candidate_evaluations_v6_hard_cases_with_sim.csv,v6_hard_cases,v6_hard_cases,v6_hard_cases::state_004_t4::constrained_support_block1_on_block3
