selector_group_id,selected_candidate,oracle_candidate,selected_sim_success,selected_true_score,oracle_true_score,regret,split_mode,ablation
v1_supported_by::state_000_t0::stack_block3_on_block1,missing_precondition_bt,missing_precondition_bt,0.0,53.01372,53.01372,0.0,mixed_group_cv,full
v1_supported_by::state_002_t2::place_block2_on_block6,missing_precondition_bt,missing_precondition_bt,1.0,154.40586499999998,154.40586499999998,0.0,mixed_group_cv,full
v1_supported_by::state_003_t3::place_block2_on_block6,missing_precondition_bt,missing_precondition_bt,1.0,153.193355,153.193355,0.0,mixed_group_cv,full
v1_supported_by::state_004_t4::stack_block3_on_block1,missing_precondition_bt,missing_precondition_bt,0.0,52.50782,52.50782,0.0,mixed_group_cv,full
v2_stacking_probe::state_000_t0::stack_block2_on_block1,missing_precondition_bt,missing_precondition_bt,0.0,54.67318500000001,54.67318500000001,0.0,mixed_group_cv,full
v2_stacking_probe::state_001_t1::place_block2_on_block6,missing_precondition_bt,correct_bt,1.0,153.84969,154.263415,0.41372499999999945,mixed_group_cv,full
v2_stacking_probe::state_001_t1::stack_block3_on_block2,missing_precondition_bt,missing_precondition_bt,0.0,52.62513500000001,52.62513500000001,0.0,mixed_group_cv,full
v2_stacking_probe::state_002_t2::stack_block1_on_block3,correct_bt,correct_bt,1.0,152.50336,152.50336,0.0,mixed_group_cv,full
v2_stacking_probe::state_003_t3::place_block1_on_block5,missing_precondition_bt,missing_precondition_bt,1.0,152.9511,152.9511,0.0,mixed_group_cv,full
v2_stacking_probe::state_003_t3::stack_block3_on_block2,missing_precondition_bt,correct_bt,0.0,52.062734999999996,52.47686000000001,0.41412500000001273,mixed_group_cv,full
v2_stacking_probe::state_004_t4::place_block3_on_block5,missing_precondition_bt,missing_precondition_bt,1.0,152.93769999999998,152.93769999999998,0.0,mixed_group_cv,full
v2_stacking_probe::state_004_t4::stack_block4_on_block1,missing_precondition_bt,missing_precondition_bt,0.0,52.53132,52.53132,0.0,mixed_group_cv,full
v2b_physical_strategy::state_001_t1::place_block1_on_block5,center_place_bt,corner_place_bt,1.0,153.1489,153.23799,0.08908999999999878,mixed_group_cv,full
v2b_physical_strategy::state_002_t2::stack_block1_on_block3,over_edge_bt,over_edge_bt,1.0,153.20096,153.20096,0.0,mixed_group_cv,full
v2b_physical_strategy::state_003_t3::stack_block1_on_block3,center_place_bt,corner_place_bt,0.0,52.057570000000005,52.24962,0.19204999999999472,mixed_group_cv,full
v2b_physical_strategy::state_004_t4::stack_block3_on_block1,center_place_bt,corner_place_bt,0.0,52.159715,52.45388500000001,0.29417000000000826,mixed_group_cv,full
v1_supported_by::state_001_t1::place_block1_on_block5,missing_precondition_bt,missing_precondition_bt,1.0,153.44245999999998,153.44245999999998,0.0,mixed_group_cv,full
v1_supported_by::state_003_t3::place_block3_on_block5,missing_precondition_bt,missing_precondition_bt,1.0,152.9585,152.9585,0.0,mixed_group_cv,full
v1_supported_by::state_004_t4::place_block3_on_block5,missing_precondition_bt,missing_precondition_bt,1.0,153.212055,153.212055,0.0,mixed_group_cv,full
v1_supported_by::state_004_t4::place_block2_on_block6,missing_precondition_bt,correct_bt,1.0,152.83695999999998,152.91567,0.07871000000002937,mixed_group_cv,full
v2_stacking_probe::state_000_t0::stack_block3_on_block1,missing_precondition_bt,correct_bt,0.0,53.217335,53.58803500000001,0.3707000000000136,mixed_group_cv,full
v2_stacking_probe::state_001_t1::place_block3_on_block5,missing_precondition_bt,missing_precondition_bt,1.0,153.637755,153.637755,0.0,mixed_group_cv,full
v2_stacking_probe::state_001_t1::stack_block4_on_block1,missing_precondition_bt,correct_bt,0.0,52.08799,52.320879999999995,0.2328899999999976,mixed_group_cv,full
v2_stacking_probe::state_002_t2::stack_block3_on_block1,missing_precondition_bt,missing_precondition_bt,0.0,52.167970000000004,52.167970000000004,0.0,mixed_group_cv,full
v2_stacking_probe::state_002_t2::stack_block2_on_block1,missing_precondition_bt,missing_precondition_bt,0.0,53.06869,53.06869,0.0,mixed_group_cv,full
v2_stacking_probe::state_003_t3::place_block2_on_block6,missing_precondition_bt,missing_precondition_bt,1.0,154.298035,154.298035,0.0,mixed_group_cv,full
v2_stacking_probe::state_004_t4::stack_block1_on_block3,missing_precondition_bt,correct_bt,0.0,52.168195000000004,52.332585,0.16438999999999737,mixed_group_cv,full
v2_stacking_probe::state_004_t4::stack_block3_on_block2,missing_precondition_bt,missing_precondition_bt,0.0,52.53896500000001,52.53896500000001,0.0,mixed_group_cv,full
v2b_physical_strategy::state_000_t0::place_block1_on_block5,corner_place_bt,edge_place_bt,1.0,154.40667499999998,154.814875,0.4082000000000221,mixed_group_cv,full
v2b_physical_strategy::state_001_t1::place_block3_on_block5,corner_place_bt,center_place_bt,1.0,152.60556499999998,153.143105,0.537540000000007,mixed_group_cv,full
v2b_physical_strategy::state_003_t3::stack_block3_on_block1,corner_place_bt,edge_place_bt,0.0,51.707950000000004,52.101045000000006,0.3930950000000024,mixed_group_cv,full
v2b_physical_strategy::state_004_t4::stack_block1_on_block3,corner_place_bt,center_place_bt,0.0,51.590714999999996,52.01614,0.42542500000000416,mixed_group_cv,full
v1_supported_by::state_001_t1::place_block2_on_block6,missing_precondition_bt,missing_precondition_bt,1.0,155.39746499999998,155.39746499999998,0.0,mixed_group_cv,full
v1_supported_by::state_002_t2::place_block3_on_block5,missing_precondition_bt,missing_precondition_bt,1.0,152.837325,152.837325,0.0,mixed_group_cv,full
v1_supported_by::state_002_t2::place_block1_on_block5,missing_precondition_bt,missing_precondition_bt,1.0,153.367215,153.367215,0.0,mixed_group_cv,full
v1_supported_by::state_003_t3::stack_block3_on_block1,missing_precondition_bt,missing_precondition_bt,0.0,52.122009999999996,52.122009999999996,0.0,mixed_group_cv,full
v2_stacking_probe::state_000_t0::place_block2_on_block6,missing_precondition_bt,missing_precondition_bt,1.0,155.06958,155.06958,0.0,mixed_group_cv,full
v2_stacking_probe::state_000_t0::stack_block3_on_block2,missing_precondition_bt,missing_precondition_bt,0.0,54.023864999999994,54.023864999999994,0.0,mixed_group_cv,full
v2_stacking_probe::state_001_t1::stack_block1_on_block3,missing_precondition_bt,correct_bt,0.0,52.324885,52.36842500000001,0.04354000000000724,mixed_group_cv,full
v2_stacking_probe::state_002_t2::place_block1_on_block5,missing_precondition_bt,missing_precondition_bt,1.0,153.49909499999998,153.49909499999998,0.0,mixed_group_cv,full
v2_stacking_probe::state_003_t3::place_block3_on_block5,missing_precondition_bt,correct_bt,1.0,152.95591,152.98246,0.026550000000014506,mixed_group_cv,full
v2_stacking_probe::state_003_t3::stack_block3_on_block1,missing_precondition_bt,missing_precondition_bt,0.0,52.62147000000001,52.62147000000001,0.0,mixed_group_cv,full
v2_stacking_probe::state_003_t3::stack_block4_on_block1,missing_precondition_bt,correct_bt,0.0,52.00723999999999,52.184525,0.1772850000000119,mixed_group_cv,full
v2_stacking_probe::state_004_t4::stack_block2_on_block1,missing_precondition_bt,missing_precondition_bt,0.0,52.99184499999999,52.99184499999999,0.0,mixed_group_cv,full
v2b_physical_strategy::state_001_t1::stack_block1_on_block3,corner_place_bt,far_offset_bt,0.0,51.64182499999999,52.62006,0.9782350000000122,mixed_group_cv,full
v2b_physical_strategy::state_002_t2::place_block3_on_block5,corner_place_bt,center_place_bt,1.0,152.73984000000002,153.321175,0.5813349999999957,mixed_group_cv,full
v2b_physical_strategy::state_002_t2::stack_block3_on_block1,corner_place_bt,correct_bt,0.0,52.021589999999996,52.46297499999999,0.4413849999999968,mixed_group_cv,full
v2b_physical_strategy::state_004_t4::place_block1_on_block5,corner_place_bt,center_place_bt,1.0,152.69662499999998,153.324175,0.6275500000000136,mixed_group_cv,full
v1_supported_by::state_000_t0::place_block2_on_block6,missing_precondition_bt,correct_bt,1.0,155.08305000000001,155.12254499999997,0.039494999999959646,mixed_group_cv,full
v1_supported_by::state_001_t1::place_block3_on_block5,missing_precondition_bt,missing_precondition_bt,1.0,153.78701999999998,153.78701999999998,0.0,mixed_group_cv,full
v1_supported_by::state_002_t2::stack_block3_on_block1,missing_precondition_bt,missing_precondition_bt,0.0,53.058159999999994,53.058159999999994,0.0,mixed_group_cv,full
v1_supported_by::state_004_t4::place_block1_on_block5,missing_precondition_bt,missing_precondition_bt,1.0,152.95333,152.95333,0.0,mixed_group_cv,full
v2_stacking_probe::state_000_t0::place_block3_on_block5,missing_precondition_bt,missing_precondition_bt,1.0,155.51667,155.51667,0.0,mixed_group_cv,full
v2_stacking_probe::state_000_t0::stack_block4_on_block1,missing_precondition_bt,correct_bt,0.0,53.26951999999999,54.844355,1.5748350000000073,mixed_group_cv,full
v2_stacking_probe::state_001_t1::stack_block2_on_block1,missing_precondition_bt,missing_precondition_bt,0.0,54.332580000000014,54.332580000000014,0.0,mixed_group_cv,full
v2_stacking_probe::state_002_t2::place_block2_on_block6,missing_precondition_bt,missing_precondition_bt,1.0,154.400895,154.400895,0.0,mixed_group_cv,full
v2_stacking_probe::state_002_t2::stack_block3_on_block2,missing_precondition_bt,missing_precondition_bt,0.0,52.75409,52.75409,0.0,mixed_group_cv,full
v2_stacking_probe::state_003_t3::stack_block1_on_block3,missing_precondition_bt,missing_precondition_bt,0.0,52.899449999999995,52.899449999999995,0.0,mixed_group_cv,full
v2_stacking_probe::state_004_t4::place_block1_on_block5,missing_precondition_bt,missing_precondition_bt,1.0,153.72714,153.72714,0.0,mixed_group_cv,full
v2_stacking_probe::state_004_t4::stack_block3_on_block1,missing_precondition_bt,missing_precondition_bt,0.0,52.81371000000001,52.81371000000001,0.0,mixed_group_cv,full
v2b_physical_strategy::state_000_t0::stack_block1_on_block3,center_place_bt,corner_place_bt,0.0,52.50613499999999,53.63685,1.1307150000000092,mixed_group_cv,full
v2b_physical_strategy::state_001_t1::stack_block3_on_block1,center_place_bt,far_offset_bt,0.0,51.986354999999996,53.114084999999996,1.1277299999999997,mixed_group_cv,full
v2b_physical_strategy::state_003_t3::place_block1_on_block5,center_place_bt,edge_place_bt,1.0,152.998225,153.30749999999998,0.3092749999999853,mixed_group_cv,full
v2b_physical_strategy::state_004_t4::place_block3_on_block5,center_place_bt,center_place_bt,1.0,153.242075,153.242075,0.0,mixed_group_cv,full
v1_supported_by::state_000_t0::place_block3_on_block5,missing_precondition_bt,correct_bt,1.0,154.15366,154.76969,0.616029999999995,mixed_group_cv,full
v1_supported_by::state_000_t0::place_block1_on_block5,missing_precondition_bt,missing_precondition_bt,1.0,155.38221,155.38221,0.0,mixed_group_cv,full
v1_supported_by::state_001_t1::stack_block3_on_block1,correct_bt,correct_bt,1.0,152.284665,152.284665,0.0,mixed_group_cv,full
v1_supported_by::state_003_t3::place_block1_on_block5,missing_precondition_bt,missing_precondition_bt,1.0,153.170655,153.170655,0.0,mixed_group_cv,full
v2_stacking_probe::state_000_t0::place_block1_on_block5,missing_precondition_bt,missing_precondition_bt,1.0,154.09874,154.09874,0.0,mixed_group_cv,full
v2_stacking_probe::state_000_t0::stack_block1_on_block3,missing_precondition_bt,missing_precondition_bt,0.0,53.34975000000001,53.34975000000001,0.0,mixed_group_cv,full
v2_stacking_probe::state_001_t1::place_block1_on_block5,missing_precondition_bt,correct_bt,1.0,153.109245,153.15418,0.044935000000009495,mixed_group_cv,full
v2_stacking_probe::state_001_t1::stack_block3_on_block1,missing_precondition_bt,missing_precondition_bt,0.0,52.16401500000001,52.16401500000001,0.0,mixed_group_cv,full
v2_stacking_probe::state_002_t2::place_block3_on_block5,missing_precondition_bt,missing_precondition_bt,1.0,153.66851999999997,153.66851999999997,0.0,mixed_group_cv,full
v2_stacking_probe::state_002_t2::stack_block4_on_block1,missing_precondition_bt,correct_bt,0.0,52.16233999999999,52.195924999999995,0.033585000000002196,mixed_group_cv,full
v2_stacking_probe::state_003_t3::stack_block2_on_block1,missing_precondition_bt,missing_precondition_bt,0.0,53.440715000000004,53.440715000000004,0.0,mixed_group_cv,full
v2_stacking_probe::state_004_t4::place_block2_on_block6,missing_precondition_bt,missing_precondition_bt,1.0,153.55688,153.55688,0.0,mixed_group_cv,full
v2b_physical_strategy::state_000_t0::place_block3_on_block5,center_place_bt,center_place_bt,1.0,154.540805,154.540805,0.0,mixed_group_cv,full
v2b_physical_strategy::state_000_t0::stack_block3_on_block1,center_place_bt,correct_bt,0.0,52.79023999999999,55.07473500000001,2.284495000000021,mixed_group_cv,full
v2b_physical_strategy::state_002_t2::place_block1_on_block5,center_place_bt,edge_place_bt,1.0,152.96132,153.22376,0.262439999999998,mixed_group_cv,full
v2b_physical_strategy::state_003_t3::place_block3_on_block5,center_place_bt,corner_place_bt,1.0,152.39093499999998,152.451895,0.060960000000022774,mixed_group_cv,full
v1_supported_by::state_000_t0::stack_block3_on_block1,missing_precondition_bt,missing_precondition_bt,0.0,53.01372,53.01372,0.0,mixed_group_cv,no_candidate_type
v1_supported_by::state_002_t2::place_block2_on_block6,missing_precondition_bt,missing_precondition_bt,1.0,154.40586499999998,154.40586499999998,0.0,mixed_group_cv,no_candidate_type
v1_supported_by::state_003_t3::place_block2_on_block6,missing_precondition_bt,missing_precondition_bt,1.0,153.193355,153.193355,0.0,mixed_group_cv,no_candidate_type
v1_supported_by::state_004_t4::stack_block3_on_block1,missing_precondition_bt,missing_precondition_bt,0.0,52.50782,52.50782,0.0,mixed_group_cv,no_candidate_type
v2_stacking_probe::state_000_t0::stack_block2_on_block1,missing_precondition_bt,missing_precondition_bt,0.0,54.67318500000001,54.67318500000001,0.0,mixed_group_cv,no_candidate_type
v2_stacking_probe::state_001_t1::place_block2_on_block6,missing_precondition_bt,correct_bt,1.0,153.84969,154.263415,0.41372499999999945,mixed_group_cv,no_candidate_type
v2_stacking_probe::state_001_t1::stack_block3_on_block2,missing_precondition_bt,missing_precondition_bt,0.0,52.62513500000001,52.62513500000001,0.0,mixed_group_cv,no_candidate_type
v2_stacking_probe::state_002_t2::stack_block1_on_block3,correct_bt,correct_bt,1.0,152.50336,152.50336,0.0,mixed_group_cv,no_candidate_type
v2_stacking_probe::state_003_t3::place_block1_on_block5,missing_precondition_bt,missing_precondition_bt,1.0,152.9511,152.9511,0.0,mixed_group_cv,no_candidate_type
v2_stacking_probe::state_003_t3::stack_block3_on_block2,missing_precondition_bt,correct_bt,0.0,52.062734999999996,52.47686000000001,0.41412500000001273,mixed_group_cv,no_candidate_type
v2_stacking_probe::state_004_t4::place_block3_on_block5,missing_precondition_bt,missing_precondition_bt,1.0,152.93769999999998,152.93769999999998,0.0,mixed_group_cv,no_candidate_type
v2_stacking_probe::state_004_t4::stack_block4_on_block1,missing_precondition_bt,missing_precondition_bt,0.0,52.53132,52.53132,0.0,mixed_group_cv,no_candidate_type
v2b_physical_strategy::state_001_t1::place_block1_on_block5,correct_bt,corner_place_bt,1.0,152.485,153.23799,0.7529899999999827,mixed_group_cv,no_candidate_type
v2b_physical_strategy::state_002_t2::stack_block1_on_block3,over_edge_bt,over_edge_bt,1.0,153.20096,153.20096,0.0,mixed_group_cv,no_candidate_type
v2b_physical_strategy::state_003_t3::stack_block1_on_block3,correct_bt,corner_place_bt,0.0,52.011635000000005,52.24962,0.23798499999999478,mixed_group_cv,no_candidate_type
v2b_physical_strategy::state_004_t4::stack_block3_on_block1,correct_bt,corner_place_bt,0.0,52.42519500000001,52.45388500000001,0.02868999999999744,mixed_group_cv,no_candidate_type
v1_supported_by::state_001_t1::place_block1_on_block5,missing_precondition_bt,missing_precondition_bt,1.0,153.44245999999998,153.44245999999998,0.0,mixed_group_cv,no_candidate_type
v1_supported_by::state_003_t3::place_block3_on_block5,missing_precondition_bt,missing_precondition_bt,1.0,152.9585,152.9585,0.0,mixed_group_cv,no_candidate_type
v1_supported_by::state_004_t4::place_block3_on_block5,missing_precondition_bt,missing_precondition_bt,1.0,153.212055,153.212055,0.0,mixed_group_cv,no_candidate_type
v1_supported_by::state_004_t4::place_block2_on_block6,missing_precondition_bt,correct_bt,1.0,152.83695999999998,152.91567,0.07871000000002937,mixed_group_cv,no_candidate_type
v2_stacking_probe::state_000_t0::stack_block3_on_block1,missing_precondition_bt,correct_bt,0.0,53.217335,53.58803500000001,0.3707000000000136,mixed_group_cv,no_candidate_type
v2_stacking_probe::state_001_t1::place_block3_on_block5,missing_precondition_bt,missing_precondition_bt,1.0,153.637755,153.637755,0.0,mixed_group_cv,no_candidate_type
v2_stacking_probe::state_001_t1::stack_block4_on_block1,missing_precondition_bt,correct_bt,0.0,52.08799,52.320879999999995,0.2328899999999976,mixed_group_cv,no_candidate_type
v2_stacking_probe::state_002_t2::stack_block3_on_block1,missing_precondition_bt,missing_precondition_bt,0.0,52.167970000000004,52.167970000000004,0.0,mixed_group_cv,no_candidate_type
v2_stacking_probe::state_002_t2::stack_block2_on_block1,missing_precondition_bt,missing_precondition_bt,0.0,53.06869,53.06869,0.0,mixed_group_cv,no_candidate_type
v2_stacking_probe::state_003_t3::place_block2_on_block6,missing_precondition_bt,missing_precondition_bt,1.0,154.298035,154.298035,0.0,mixed_group_cv,no_candidate_type
v2_stacking_probe::state_004_t4::stack_block1_on_block3,missing_precondition_bt,correct_bt,0.0,52.168195000000004,52.332585,0.16438999999999737,mixed_group_cv,no_candidate_type
v2_stacking_probe::state_004_t4::stack_block3_on_block2,missing_precondition_bt,missing_precondition_bt,0.0,52.53896500000001,52.53896500000001,0.0,mixed_group_cv,no_candidate_type
v2b_physical_strategy::state_000_t0::place_block1_on_block5,correct_bt,edge_place_bt,1.0,154.77248,154.814875,0.04239499999999907,mixed_group_cv,no_candidate_type
v2b_physical_strategy::state_001_t1::place_block3_on_block5,correct_bt,center_place_bt,1.0,152.099175,153.143105,1.043929999999989,mixed_group_cv,no_candidate_type
v2b_physical_strategy::state_003_t3::stack_block3_on_block1,correct_bt,edge_place_bt,0.0,51.907085,52.101045000000006,0.19396000000000413,mixed_group_cv,no_candidate_type
v2b_physical_strategy::state_004_t4::stack_block1_on_block3,correct_bt,center_place_bt,0.0,51.8315,52.01614,0.1846400000000017,mixed_group_cv,no_candidate_type
v1_supported_by::state_001_t1::place_block2_on_block6,missing_precondition_bt,missing_precondition_bt,1.0,155.39746499999998,155.39746499999998,0.0,mixed_group_cv,no_candidate_type
v1_supported_by::state_002_t2::place_block3_on_block5,missing_precondition_bt,missing_precondition_bt,1.0,152.837325,152.837325,0.0,mixed_group_cv,no_candidate_type
v1_supported_by::state_002_t2::place_block1_on_block5,missing_precondition_bt,missing_precondition_bt,1.0,153.367215,153.367215,0.0,mixed_group_cv,no_candidate_type
v1_supported_by::state_003_t3::stack_block3_on_block1,missing_precondition_bt,missing_precondition_bt,0.0,52.122009999999996,52.122009999999996,0.0,mixed_group_cv,no_candidate_type
v2_stacking_probe::state_000_t0::place_block2_on_block6,missing_precondition_bt,missing_precondition_bt,1.0,155.06958,155.06958,0.0,mixed_group_cv,no_candidate_type
v2_stacking_probe::state_000_t0::stack_block3_on_block2,missing_precondition_bt,missing_precondition_bt,0.0,54.023864999999994,54.023864999999994,0.0,mixed_group_cv,no_candidate_type
v2_stacking_probe::state_001_t1::stack_block1_on_block3,missing_precondition_bt,correct_bt,0.0,52.324885,52.36842500000001,0.04354000000000724,mixed_group_cv,no_candidate_type
v2_stacking_probe::state_002_t2::place_block1_on_block5,missing_precondition_bt,missing_precondition_bt,1.0,153.49909499999998,153.49909499999998,0.0,mixed_group_cv,no_candidate_type
v2_stacking_probe::state_003_t3::place_block3_on_block5,missing_precondition_bt,correct_bt,1.0,152.95591,152.98246,0.026550000000014506,mixed_group_cv,no_candidate_type
v2_stacking_probe::state_003_t3::stack_block3_on_block1,missing_precondition_bt,missing_precondition_bt,0.0,52.62147000000001,52.62147000000001,0.0,mixed_group_cv,no_candidate_type
v2_stacking_probe::state_003_t3::stack_block4_on_block1,missing_precondition_bt,correct_bt,0.0,52.00723999999999,52.184525,0.1772850000000119,mixed_group_cv,no_candidate_type
v2_stacking_probe::state_004_t4::stack_block2_on_block1,missing_precondition_bt,missing_precondition_bt,0.0,52.99184499999999,52.99184499999999,0.0,mixed_group_cv,no_candidate_type
v2b_physical_strategy::state_001_t1::stack_block1_on_block3,correct_bt,far_offset_bt,0.0,51.702225000000006,52.62006,0.9178349999999966,mixed_group_cv,no_candidate_type
v2b_physical_strategy::state_002_t2::place_block3_on_block5,correct_bt,center_place_bt,1.0,152.280945,153.321175,1.0402300000000082,mixed_group_cv,no_candidate_type
v2b_physical_strategy::state_002_t2::stack_block3_on_block1,correct_bt,correct_bt,0.0,52.46297499999999,52.46297499999999,0.0,mixed_group_cv,no_candidate_type
v2b_physical_strategy::state_004_t4::place_block1_on_block5,correct_bt,center_place_bt,1.0,152.80485,153.324175,0.5193250000000091,mixed_group_cv,no_candidate_type
v1_supported_by::state_000_t0::place_block2_on_block6,missing_precondition_bt,correct_bt,1.0,155.08305000000001,155.12254499999997,0.039494999999959646,mixed_group_cv,no_candidate_type
v1_supported_by::state_001_t1::place_block3_on_block5,missing_precondition_bt,missing_precondition_bt,1.0,153.78701999999998,153.78701999999998,0.0,mixed_group_cv,no_candidate_type
v1_supported_by::state_002_t2::stack_block3_on_block1,missing_precondition_bt,missing_precondition_bt,0.0,53.058159999999994,53.058159999999994,0.0,mixed_group_cv,no_candidate_type
v1_supported_by::state_004_t4::place_block1_on_block5,missing_precondition_bt,missing_precondition_bt,1.0,152.95333,152.95333,0.0,mixed_group_cv,no_candidate_type
v2_stacking_probe::state_000_t0::place_block3_on_block5,missing_precondition_bt,missing_precondition_bt,1.0,155.51667,155.51667,0.0,mixed_group_cv,no_candidate_type
v2_stacking_probe::state_000_t0::stack_block4_on_block1,missing_precondition_bt,correct_bt,0.0,53.26951999999999,54.844355,1.5748350000000073,mixed_group_cv,no_candidate_type
v2_stacking_probe::state_001_t1::stack_block2_on_block1,missing_precondition_bt,missing_precondition_bt,0.0,54.332580000000014,54.332580000000014,0.0,mixed_group_cv,no_candidate_type
v2_stacking_probe::state_002_t2::place_block2_on_block6,missing_precondition_bt,missing_precondition_bt,1.0,154.400895,154.400895,0.0,mixed_group_cv,no_candidate_type
v2_stacking_probe::state_002_t2::stack_block3_on_block2,missing_precondition_bt,missing_precondition_bt,0.0,52.75409,52.75409,0.0,mixed_group_cv,no_candidate_type
v2_stacking_probe::state_003_t3::stack_block1_on_block3,missing_precondition_bt,missing_precondition_bt,0.0,52.899449999999995,52.899449999999995,0.0,mixed_group_cv,no_candidate_type
v2_stacking_probe::state_004_t4::place_block1_on_block5,missing_precondition_bt,missing_precondition_bt,1.0,153.72714,153.72714,0.0,mixed_group_cv,no_candidate_type
v2_stacking_probe::state_004_t4::stack_block3_on_block1,missing_precondition_bt,missing_precondition_bt,0.0,52.81371000000001,52.81371000000001,0.0,mixed_group_cv,no_candidate_type
v2b_physical_strategy::state_000_t0::stack_block1_on_block3,correct_bt,corner_place_bt,0.0,53.552434999999996,53.63685,0.08441500000000701,mixed_group_cv,no_candidate_type
v2b_physical_strategy::state_001_t1::stack_block3_on_block1,correct_bt,far_offset_bt,0.0,51.80738999999999,53.114084999999996,1.3066950000000048,mixed_group_cv,no_candidate_type
v2b_physical_strategy::state_003_t3::place_block1_on_block5,correct_bt,edge_place_bt,1.0,152.734095,153.30749999999998,0.5734049999999797,mixed_group_cv,no_candidate_type
v2b_physical_strategy::state_004_t4::place_block3_on_block5,correct_bt,center_place_bt,1.0,153.126685,153.242075,0.11538999999999078,mixed_group_cv,no_candidate_type
v1_supported_by::state_000_t0::place_block3_on_block5,missing_precondition_bt,correct_bt,1.0,154.15366,154.76969,0.616029999999995,mixed_group_cv,no_candidate_type
v1_supported_by::state_000_t0::place_block1_on_block5,missing_precondition_bt,missing_precondition_bt,1.0,155.38221,155.38221,0.0,mixed_group_cv,no_candidate_type
v1_supported_by::state_001_t1::stack_block3_on_block1,correct_bt,correct_bt,1.0,152.284665,152.284665,0.0,mixed_group_cv,no_candidate_type
v1_supported_by::state_003_t3::place_block1_on_block5,missing_precondition_bt,missing_precondition_bt,1.0,153.170655,153.170655,0.0,mixed_group_cv,no_candidate_type
v2_stacking_probe::state_000_t0::place_block1_on_block5,missing_precondition_bt,missing_precondition_bt,1.0,154.09874,154.09874,0.0,mixed_group_cv,no_candidate_type
v2_stacking_probe::state_000_t0::stack_block1_on_block3,missing_precondition_bt,missing_precondition_bt,0.0,53.34975000000001,53.34975000000001,0.0,mixed_group_cv,no_candidate_type
v2_stacking_probe::state_001_t1::place_block1_on_block5,missing_precondition_bt,correct_bt,1.0,153.109245,153.15418,0.044935000000009495,mixed_group_cv,no_candidate_type
v2_stacking_probe::state_001_t1::stack_block3_on_block1,missing_precondition_bt,missing_precondition_bt,0.0,52.16401500000001,52.16401500000001,0.0,mixed_group_cv,no_candidate_type
v2_stacking_probe::state_002_t2::place_block3_on_block5,missing_precondition_bt,missing_precondition_bt,1.0,153.66851999999997,153.66851999999997,0.0,mixed_group_cv,no_candidate_type
v2_stacking_probe::state_002_t2::stack_block4_on_block1,missing_precondition_bt,correct_bt,0.0,52.16233999999999,52.195924999999995,0.033585000000002196,mixed_group_cv,no_candidate_type
v2_stacking_probe::state_003_t3::stack_block2_on_block1,missing_precondition_bt,missing_precondition_bt,0.0,53.440715000000004,53.440715000000004,0.0,mixed_group_cv,no_candidate_type
v2_stacking_probe::state_004_t4::place_block2_on_block6,missing_precondition_bt,missing_precondition_bt,1.0,153.55688,153.55688,0.0,mixed_group_cv,no_candidate_type
v2b_physical_strategy::state_000_t0::place_block3_on_block5,correct_bt,center_place_bt,1.0,153.505955,154.540805,1.0348500000000058,mixed_group_cv,no_candidate_type
v2b_physical_strategy::state_000_t0::stack_block3_on_block1,correct_bt,correct_bt,0.0,55.07473500000001,55.07473500000001,0.0,mixed_group_cv,no_candidate_type
v2b_physical_strategy::state_002_t2::place_block1_on_block5,correct_bt,edge_place_bt,1.0,152.66660499999998,153.22376,0.5571550000000229,mixed_group_cv,no_candidate_type
v2b_physical_strategy::state_003_t3::place_block3_on_block5,correct_bt,corner_place_bt,1.0,152.43555,152.451895,0.016345000000001164,mixed_group_cv,no_candidate_type
v1_supported_by::state_000_t0::stack_block3_on_block1,missing_precondition_bt,missing_precondition_bt,0.0,53.01372,53.01372,0.0,mixed_group_cv,no_symbolic_features
v1_supported_by::state_002_t2::place_block2_on_block6,missing_precondition_bt,missing_precondition_bt,1.0,154.40586499999998,154.40586499999998,0.0,mixed_group_cv,no_symbolic_features
v1_supported_by::state_003_t3::place_block2_on_block6,missing_precondition_bt,missing_precondition_bt,1.0,153.193355,153.193355,0.0,mixed_group_cv,no_symbolic_features
v1_supported_by::state_004_t4::stack_block3_on_block1,missing_precondition_bt,missing_precondition_bt,0.0,52.50782,52.50782,0.0,mixed_group_cv,no_symbolic_features
v2_stacking_probe::state_000_t0::stack_block2_on_block1,missing_precondition_bt,missing_precondition_bt,0.0,54.67318500000001,54.67318500000001,0.0,mixed_group_cv,no_symbolic_features
v2_stacking_probe::state_001_t1::place_block2_on_block6,missing_precondition_bt,correct_bt,1.0,153.84969,154.263415,0.41372499999999945,mixed_group_cv,no_symbolic_features
v2_stacking_probe::state_001_t1::stack_block3_on_block2,missing_precondition_bt,missing_precondition_bt,0.0,52.62513500000001,52.62513500000001,0.0,mixed_group_cv,no_symbolic_features
v2_stacking_probe::state_002_t2::stack_block1_on_block3,missing_precondition_bt,correct_bt,0.0,53.48891,152.50336,99.01444999999998,mixed_group_cv,no_symbolic_features
v2_stacking_probe::state_003_t3::place_block1_on_block5,missing_precondition_bt,missing_precondition_bt,1.0,152.9511,152.9511,0.0,mixed_group_cv,no_symbolic_features
v2_stacking_probe::state_003_t3::stack_block3_on_block2,missing_precondition_bt,correct_bt,0.0,52.062734999999996,52.47686000000001,0.41412500000001273,mixed_group_cv,no_symbolic_features
v2_stacking_probe::state_004_t4::place_block3_on_block5,missing_precondition_bt,missing_precondition_bt,1.0,152.93769999999998,152.93769999999998,0.0,mixed_group_cv,no_symbolic_features
v2_stacking_probe::state_004_t4::stack_block4_on_block1,missing_precondition_bt,missing_precondition_bt,0.0,52.53132,52.53132,0.0,mixed_group_cv,no_symbolic_features
v2b_physical_strategy::state_001_t1::place_block1_on_block5,center_place_bt,corner_place_bt,1.0,153.1489,153.23799,0.08908999999999878,mixed_group_cv,no_symbolic_features
v2b_physical_strategy::state_002_t2::stack_block1_on_block3,center_place_bt,over_edge_bt,0.0,51.47587000000001,153.20096,101.72509,mixed_group_cv,no_symbolic_features
v2b_physical_strategy::state_003_t3::stack_block1_on_block3,center_place_bt,corner_place_bt,0.0,52.057570000000005,52.24962,0.19204999999999472,mixed_group_cv,no_symbolic_features
v2b_physical_strategy::state_004_t4::stack_block3_on_block1,center_place_bt,corner_place_bt,0.0,52.159715,52.45388500000001,0.29417000000000826,mixed_group_cv,no_symbolic_features
v1_supported_by::state_001_t1::place_block1_on_block5,missing_precondition_bt,missing_precondition_bt,1.0,153.44245999999998,153.44245999999998,0.0,mixed_group_cv,no_symbolic_features
v1_supported_by::state_003_t3::place_block3_on_block5,missing_precondition_bt,missing_precondition_bt,1.0,152.9585,152.9585,0.0,mixed_group_cv,no_symbolic_features
v1_supported_by::state_004_t4::place_block3_on_block5,missing_precondition_bt,missing_precondition_bt,1.0,153.212055,153.212055,0.0,mixed_group_cv,no_symbolic_features
v1_supported_by::state_004_t4::place_block2_on_block6,missing_precondition_bt,correct_bt,1.0,152.83695999999998,152.91567,0.07871000000002937,mixed_group_cv,no_symbolic_features
v2_stacking_probe::state_000_t0::stack_block3_on_block1,missing_precondition_bt,correct_bt,0.0,53.217335,53.58803500000001,0.3707000000000136,mixed_group_cv,no_symbolic_features
v2_stacking_probe::state_001_t1::place_block3_on_block5,missing_precondition_bt,missing_precondition_bt,1.0,153.637755,153.637755,0.0,mixed_group_cv,no_symbolic_features
v2_stacking_probe::state_001_t1::stack_block4_on_block1,missing_precondition_bt,correct_bt,0.0,52.08799,52.320879999999995,0.2328899999999976,mixed_group_cv,no_symbolic_features
v2_stacking_probe::state_002_t2::stack_block3_on_block1,missing_precondition_bt,missing_precondition_bt,0.0,52.167970000000004,52.167970000000004,0.0,mixed_group_cv,no_symbolic_features
v2_stacking_probe::state_002_t2::stack_block2_on_block1,missing_precondition_bt,missing_precondition_bt,0.0,53.06869,53.06869,0.0,mixed_group_cv,no_symbolic_features
v2_stacking_probe::state_003_t3::place_block2_on_block6,missing_precondition_bt,missing_precondition_bt,1.0,154.298035,154.298035,0.0,mixed_group_cv,no_symbolic_features
v2_stacking_probe::state_004_t4::stack_block1_on_block3,missing_precondition_bt,correct_bt,0.0,52.168195000000004,52.332585,0.16438999999999737,mixed_group_cv,no_symbolic_features
v2_stacking_probe::state_004_t4::stack_block3_on_block2,missing_precondition_bt,missing_precondition_bt,0.0,52.53896500000001,52.53896500000001,0.0,mixed_group_cv,no_symbolic_features
v2b_physical_strategy::state_000_t0::place_block1_on_block5,corner_place_bt,edge_place_bt,1.0,154.40667499999998,154.814875,0.4082000000000221,mixed_group_cv,no_symbolic_features
v2b_physical_strategy::state_001_t1::place_block3_on_block5,corner_place_bt,center_place_bt,1.0,152.60556499999998,153.143105,0.537540000000007,mixed_group_cv,no_symbolic_features
v2b_physical_strategy::state_003_t3::stack_block3_on_block1,corner_place_bt,edge_place_bt,0.0,51.707950000000004,52.101045000000006,0.3930950000000024,mixed_group_cv,no_symbolic_features
v2b_physical_strategy::state_004_t4::stack_block1_on_block3,corner_place_bt,center_place_bt,0.0,51.590714999999996,52.01614,0.42542500000000416,mixed_group_cv,no_symbolic_features
v1_supported_by::state_001_t1::place_block2_on_block6,missing_precondition_bt,missing_precondition_bt,1.0,155.39746499999998,155.39746499999998,0.0,mixed_group_cv,no_symbolic_features
v1_supported_by::state_002_t2::place_block3_on_block5,missing_precondition_bt,missing_precondition_bt,1.0,152.837325,152.837325,0.0,mixed_group_cv,no_symbolic_features
v1_supported_by::state_002_t2::place_block1_on_block5,missing_precondition_bt,missing_precondition_bt,1.0,153.367215,153.367215,0.0,mixed_group_cv,no_symbolic_features
v1_supported_by::state_003_t3::stack_block3_on_block1,missing_precondition_bt,missing_precondition_bt,0.0,52.122009999999996,52.122009999999996,0.0,mixed_group_cv,no_symbolic_features
v2_stacking_probe::state_000_t0::place_block2_on_block6,missing_precondition_bt,missing_precondition_bt,1.0,155.06958,155.06958,0.0,mixed_group_cv,no_symbolic_features
v2_stacking_probe::state_000_t0::stack_block3_on_block2,missing_precondition_bt,missing_precondition_bt,0.0,54.023864999999994,54.023864999999994,0.0,mixed_group_cv,no_symbolic_features
v2_stacking_probe::state_001_t1::stack_block1_on_block3,missing_precondition_bt,correct_bt,0.0,52.324885,52.36842500000001,0.04354000000000724,mixed_group_cv,no_symbolic_features
v2_stacking_probe::state_002_t2::place_block1_on_block5,missing_precondition_bt,missing_precondition_bt,1.0,153.49909499999998,153.49909499999998,0.0,mixed_group_cv,no_symbolic_features
v2_stacking_probe::state_003_t3::place_block3_on_block5,missing_precondition_bt,correct_bt,1.0,152.95591,152.98246,0.026550000000014506,mixed_group_cv,no_symbolic_features
v2_stacking_probe::state_003_t3::stack_block3_on_block1,missing_precondition_bt,missing_precondition_bt,0.0,52.62147000000001,52.62147000000001,0.0,mixed_group_cv,no_symbolic_features
v2_stacking_probe::state_003_t3::stack_block4_on_block1,missing_precondition_bt,correct_bt,0.0,52.00723999999999,52.184525,0.1772850000000119,mixed_group_cv,no_symbolic_features
v2_stacking_probe::state_004_t4::stack_block2_on_block1,missing_precondition_bt,missing_precondition_bt,0.0,52.99184499999999,52.99184499999999,0.0,mixed_group_cv,no_symbolic_features
v2b_physical_strategy::state_001_t1::stack_block1_on_block3,corner_place_bt,far_offset_bt,0.0,51.64182499999999,52.62006,0.9782350000000122,mixed_group_cv,no_symbolic_features
v2b_physical_strategy::state_002_t2::place_block3_on_block5,corner_place_bt,center_place_bt,1.0,152.73984000000002,153.321175,0.5813349999999957,mixed_group_cv,no_symbolic_features
v2b_physical_strategy::state_002_t2::stack_block3_on_block1,corner_place_bt,correct_bt,0.0,52.021589999999996,52.46297499999999,0.4413849999999968,mixed_group_cv,no_symbolic_features
v2b_physical_strategy::state_004_t4::place_block1_on_block5,corner_place_bt,center_place_bt,1.0,152.69662499999998,153.324175,0.6275500000000136,mixed_group_cv,no_symbolic_features
v1_supported_by::state_000_t0::place_block2_on_block6,missing_precondition_bt,correct_bt,1.0,155.08305000000001,155.12254499999997,0.039494999999959646,mixed_group_cv,no_symbolic_features
v1_supported_by::state_001_t1::place_block3_on_block5,missing_precondition_bt,missing_precondition_bt,1.0,153.78701999999998,153.78701999999998,0.0,mixed_group_cv,no_symbolic_features
v1_supported_by::state_002_t2::stack_block3_on_block1,missing_precondition_bt,missing_precondition_bt,0.0,53.058159999999994,53.058159999999994,0.0,mixed_group_cv,no_symbolic_features
v1_supported_by::state_004_t4::place_block1_on_block5,missing_precondition_bt,missing_precondition_bt,1.0,152.95333,152.95333,0.0,mixed_group_cv,no_symbolic_features
v2_stacking_probe::state_000_t0::place_block3_on_block5,missing_precondition_bt,missing_precondition_bt,1.0,155.51667,155.51667,0.0,mixed_group_cv,no_symbolic_features
v2_stacking_probe::state_000_t0::stack_block4_on_block1,missing_precondition_bt,correct_bt,0.0,53.26951999999999,54.844355,1.5748350000000073,mixed_group_cv,no_symbolic_features
v2_stacking_probe::state_001_t1::stack_block2_on_block1,missing_precondition_bt,missing_precondition_bt,0.0,54.332580000000014,54.332580000000014,0.0,mixed_group_cv,no_symbolic_features
v2_stacking_probe::state_002_t2::place_block2_on_block6,missing_precondition_bt,missing_precondition_bt,1.0,154.400895,154.400895,0.0,mixed_group_cv,no_symbolic_features
v2_stacking_probe::state_002_t2::stack_block3_on_block2,missing_precondition_bt,missing_precondition_bt,0.0,52.75409,52.75409,0.0,mixed_group_cv,no_symbolic_features
v2_stacking_probe::state_003_t3::stack_block1_on_block3,missing_precondition_bt,missing_precondition_bt,0.0,52.899449999999995,52.899449999999995,0.0,mixed_group_cv,no_symbolic_features
v2_stacking_probe::state_004_t4::place_block1_on_block5,missing_precondition_bt,missing_precondition_bt,1.0,153.72714,153.72714,0.0,mixed_group_cv,no_symbolic_features
v2_stacking_probe::state_004_t4::stack_block3_on_block1,missing_precondition_bt,missing_precondition_bt,0.0,52.81371000000001,52.81371000000001,0.0,mixed_group_cv,no_symbolic_features
v2b_physical_strategy::state_000_t0::stack_block1_on_block3,correct_bt,corner_place_bt,0.0,53.552434999999996,53.63685,0.08441500000000701,mixed_group_cv,no_symbolic_features
v2b_physical_strategy::state_001_t1::stack_block3_on_block1,correct_bt,far_offset_bt,0.0,51.80738999999999,53.114084999999996,1.3066950000000048,mixed_group_cv,no_symbolic_features
v2b_physical_strategy::state_003_t3::place_block1_on_block5,correct_bt,edge_place_bt,1.0,152.734095,153.30749999999998,0.5734049999999797,mixed_group_cv,no_symbolic_features
v2b_physical_strategy::state_004_t4::place_block3_on_block5,correct_bt,center_place_bt,1.0,153.126685,153.242075,0.11538999999999078,mixed_group_cv,no_symbolic_features
v1_supported_by::state_000_t0::place_block3_on_block5,missing_precondition_bt,correct_bt,1.0,154.15366,154.76969,0.616029999999995,mixed_group_cv,no_symbolic_features
v1_supported_by::state_000_t0::place_block1_on_block5,missing_precondition_bt,missing_precondition_bt,1.0,155.38221,155.38221,0.0,mixed_group_cv,no_symbolic_features
v1_supported_by::state_001_t1::stack_block3_on_block1,missing_precondition_bt,correct_bt,0.0,52.465675,152.284665,99.81898999999999,mixed_group_cv,no_symbolic_features
v1_supported_by::state_003_t3::place_block1_on_block5,missing_precondition_bt,missing_precondition_bt,1.0,153.170655,153.170655,0.0,mixed_group_cv,no_symbolic_features
v2_stacking_probe::state_000_t0::place_block1_on_block5,missing_precondition_bt,missing_precondition_bt,1.0,154.09874,154.09874,0.0,mixed_group_cv,no_symbolic_features
v2_stacking_probe::state_000_t0::stack_block1_on_block3,missing_precondition_bt,missing_precondition_bt,0.0,53.34975000000001,53.34975000000001,0.0,mixed_group_cv,no_symbolic_features
v2_stacking_probe::state_001_t1::place_block1_on_block5,missing_precondition_bt,correct_bt,1.0,153.109245,153.15418,0.044935000000009495,mixed_group_cv,no_symbolic_features
v2_stacking_probe::state_001_t1::stack_block3_on_block1,missing_precondition_bt,missing_precondition_bt,0.0,52.16401500000001,52.16401500000001,0.0,mixed_group_cv,no_symbolic_features
v2_stacking_probe::state_002_t2::place_block3_on_block5,missing_precondition_bt,missing_precondition_bt,1.0,153.66851999999997,153.66851999999997,0.0,mixed_group_cv,no_symbolic_features
v2_stacking_probe::state_002_t2::stack_block4_on_block1,missing_precondition_bt,correct_bt,0.0,52.16233999999999,52.195924999999995,0.033585000000002196,mixed_group_cv,no_symbolic_features
v2_stacking_probe::state_003_t3::stack_block2_on_block1,missing_precondition_bt,missing_precondition_bt,0.0,53.440715000000004,53.440715000000004,0.0,mixed_group_cv,no_symbolic_features
v2_stacking_probe::state_004_t4::place_block2_on_block6,missing_precondition_bt,missing_precondition_bt,1.0,153.55688,153.55688,0.0,mixed_group_cv,no_symbolic_features
v2b_physical_strategy::state_000_t0::place_block3_on_block5,center_place_bt,center_place_bt,1.0,154.540805,154.540805,0.0,mixed_group_cv,no_symbolic_features
v2b_physical_strategy::state_000_t0::stack_block3_on_block1,center_place_bt,correct_bt,0.0,52.79023999999999,55.07473500000001,2.284495000000021,mixed_group_cv,no_symbolic_features
v2b_physical_strategy::state_002_t2::place_block1_on_block5,center_place_bt,edge_place_bt,1.0,152.96132,153.22376,0.262439999999998,mixed_group_cv,no_symbolic_features
v2b_physical_strategy::state_003_t3::place_block3_on_block5,center_place_bt,corner_place_bt,1.0,152.39093499999998,152.451895,0.060960000000022774,mixed_group_cv,no_symbolic_features
v1_supported_by::state_000_t0::stack_block3_on_block1,missing_precondition_bt,missing_precondition_bt,0.0,53.01372,53.01372,0.0,mixed_group_cv,no_benchmark_id
v1_supported_by::state_002_t2::place_block2_on_block6,missing_precondition_bt,missing_precondition_bt,1.0,154.40586499999998,154.40586499999998,0.0,mixed_group_cv,no_benchmark_id
v1_supported_by::state_003_t3::place_block2_on_block6,missing_precondition_bt,missing_precondition_bt,1.0,153.193355,153.193355,0.0,mixed_group_cv,no_benchmark_id
v1_supported_by::state_004_t4::stack_block3_on_block1,missing_precondition_bt,missing_precondition_bt,0.0,52.50782,52.50782,0.0,mixed_group_cv,no_benchmark_id
v2_stacking_probe::state_000_t0::stack_block2_on_block1,missing_precondition_bt,missing_precondition_bt,0.0,54.67318500000001,54.67318500000001,0.0,mixed_group_cv,no_benchmark_id
v2_stacking_probe::state_001_t1::place_block2_on_block6,missing_precondition_bt,correct_bt,1.0,153.84969,154.263415,0.41372499999999945,mixed_group_cv,no_benchmark_id
v2_stacking_probe::state_001_t1::stack_block3_on_block2,missing_precondition_bt,missing_precondition_bt,0.0,52.62513500000001,52.62513500000001,0.0,mixed_group_cv,no_benchmark_id
v2_stacking_probe::state_002_t2::stack_block1_on_block3,correct_bt,correct_bt,1.0,152.50336,152.50336,0.0,mixed_group_cv,no_benchmark_id
v2_stacking_probe::state_003_t3::place_block1_on_block5,missing_precondition_bt,missing_precondition_bt,1.0,152.9511,152.9511,0.0,mixed_group_cv,no_benchmark_id
v2_stacking_probe::state_003_t3::stack_block3_on_block2,missing_precondition_bt,correct_bt,0.0,52.062734999999996,52.47686000000001,0.41412500000001273,mixed_group_cv,no_benchmark_id
v2_stacking_probe::state_004_t4::place_block3_on_block5,missing_precondition_bt,missing_precondition_bt,1.0,152.93769999999998,152.93769999999998,0.0,mixed_group_cv,no_benchmark_id
v2_stacking_probe::state_004_t4::stack_block4_on_block1,missing_precondition_bt,missing_precondition_bt,0.0,52.53132,52.53132,0.0,mixed_group_cv,no_benchmark_id
v2b_physical_strategy::state_001_t1::place_block1_on_block5,center_place_bt,corner_place_bt,1.0,153.1489,153.23799,0.08908999999999878,mixed_group_cv,no_benchmark_id
v2b_physical_strategy::state_002_t2::stack_block1_on_block3,over_edge_bt,over_edge_bt,1.0,153.20096,153.20096,0.0,mixed_group_cv,no_benchmark_id
v2b_physical_strategy::state_003_t3::stack_block1_on_block3,center_place_bt,corner_place_bt,0.0,52.057570000000005,52.24962,0.19204999999999472,mixed_group_cv,no_benchmark_id
v2b_physical_strategy::state_004_t4::stack_block3_on_block1,center_place_bt,corner_place_bt,0.0,52.159715,52.45388500000001,0.29417000000000826,mixed_group_cv,no_benchmark_id
v1_supported_by::state_001_t1::place_block1_on_block5,missing_precondition_bt,missing_precondition_bt,1.0,153.44245999999998,153.44245999999998,0.0,mixed_group_cv,no_benchmark_id
v1_supported_by::state_003_t3::place_block3_on_block5,missing_precondition_bt,missing_precondition_bt,1.0,152.9585,152.9585,0.0,mixed_group_cv,no_benchmark_id
v1_supported_by::state_004_t4::place_block3_on_block5,missing_precondition_bt,missing_precondition_bt,1.0,153.212055,153.212055,0.0,mixed_group_cv,no_benchmark_id
v1_supported_by::state_004_t4::place_block2_on_block6,missing_precondition_bt,correct_bt,1.0,152.83695999999998,152.91567,0.07871000000002937,mixed_group_cv,no_benchmark_id
v2_stacking_probe::state_000_t0::stack_block3_on_block1,missing_precondition_bt,correct_bt,0.0,53.217335,53.58803500000001,0.3707000000000136,mixed_group_cv,no_benchmark_id
v2_stacking_probe::state_001_t1::place_block3_on_block5,missing_precondition_bt,missing_precondition_bt,1.0,153.637755,153.637755,0.0,mixed_group_cv,no_benchmark_id
v2_stacking_probe::state_001_t1::stack_block4_on_block1,missing_precondition_bt,correct_bt,0.0,52.08799,52.320879999999995,0.2328899999999976,mixed_group_cv,no_benchmark_id
v2_stacking_probe::state_002_t2::stack_block3_on_block1,missing_precondition_bt,missing_precondition_bt,0.0,52.167970000000004,52.167970000000004,0.0,mixed_group_cv,no_benchmark_id
v2_stacking_probe::state_002_t2::stack_block2_on_block1,missing_precondition_bt,missing_precondition_bt,0.0,53.06869,53.06869,0.0,mixed_group_cv,no_benchmark_id
v2_stacking_probe::state_003_t3::place_block2_on_block6,missing_precondition_bt,missing_precondition_bt,1.0,154.298035,154.298035,0.0,mixed_group_cv,no_benchmark_id
v2_stacking_probe::state_004_t4::stack_block1_on_block3,missing_precondition_bt,correct_bt,0.0,52.168195000000004,52.332585,0.16438999999999737,mixed_group_cv,no_benchmark_id
v2_stacking_probe::state_004_t4::stack_block3_on_block2,missing_precondition_bt,missing_precondition_bt,0.0,52.53896500000001,52.53896500000001,0.0,mixed_group_cv,no_benchmark_id
v2b_physical_strategy::state_000_t0::place_block1_on_block5,corner_place_bt,edge_place_bt,1.0,154.40667499999998,154.814875,0.4082000000000221,mixed_group_cv,no_benchmark_id
v2b_physical_strategy::state_001_t1::place_block3_on_block5,corner_place_bt,center_place_bt,1.0,152.60556499999998,153.143105,0.537540000000007,mixed_group_cv,no_benchmark_id
v2b_physical_strategy::state_003_t3::stack_block3_on_block1,corner_place_bt,edge_place_bt,0.0,51.707950000000004,52.101045000000006,0.3930950000000024,mixed_group_cv,no_benchmark_id
v2b_physical_strategy::state_004_t4::stack_block1_on_block3,corner_place_bt,center_place_bt,0.0,51.590714999999996,52.01614,0.42542500000000416,mixed_group_cv,no_benchmark_id
v1_supported_by::state_001_t1::place_block2_on_block6,missing_precondition_bt,missing_precondition_bt,1.0,155.39746499999998,155.39746499999998,0.0,mixed_group_cv,no_benchmark_id
v1_supported_by::state_002_t2::place_block3_on_block5,missing_precondition_bt,missing_precondition_bt,1.0,152.837325,152.837325,0.0,mixed_group_cv,no_benchmark_id
v1_supported_by::state_002_t2::place_block1_on_block5,missing_precondition_bt,missing_precondition_bt,1.0,153.367215,153.367215,0.0,mixed_group_cv,no_benchmark_id
v1_supported_by::state_003_t3::stack_block3_on_block1,missing_precondition_bt,missing_precondition_bt,0.0,52.122009999999996,52.122009999999996,0.0,mixed_group_cv,no_benchmark_id
v2_stacking_probe::state_000_t0::place_block2_on_block6,missing_precondition_bt,missing_precondition_bt,1.0,155.06958,155.06958,0.0,mixed_group_cv,no_benchmark_id
v2_stacking_probe::state_000_t0::stack_block3_on_block2,missing_precondition_bt,missing_precondition_bt,0.0,54.023864999999994,54.023864999999994,0.0,mixed_group_cv,no_benchmark_id
v2_stacking_probe::state_001_t1::stack_block1_on_block3,missing_precondition_bt,correct_bt,0.0,52.324885,52.36842500000001,0.04354000000000724,mixed_group_cv,no_benchmark_id
v2_stacking_probe::state_002_t2::place_block1_on_block5,missing_precondition_bt,missing_precondition_bt,1.0,153.49909499999998,153.49909499999998,0.0,mixed_group_cv,no_benchmark_id
v2_stacking_probe::state_003_t3::place_block3_on_block5,missing_precondition_bt,correct_bt,1.0,152.95591,152.98246,0.026550000000014506,mixed_group_cv,no_benchmark_id
v2_stacking_probe::state_003_t3::stack_block3_on_block1,missing_precondition_bt,missing_precondition_bt,0.0,52.62147000000001,52.62147000000001,0.0,mixed_group_cv,no_benchmark_id
v2_stacking_probe::state_003_t3::stack_block4_on_block1,missing_precondition_bt,correct_bt,0.0,52.00723999999999,52.184525,0.1772850000000119,mixed_group_cv,no_benchmark_id
v2_stacking_probe::state_004_t4::stack_block2_on_block1,missing_precondition_bt,missing_precondition_bt,0.0,52.99184499999999,52.99184499999999,0.0,mixed_group_cv,no_benchmark_id
v2b_physical_strategy::state_001_t1::stack_block1_on_block3,corner_place_bt,far_offset_bt,0.0,51.64182499999999,52.62006,0.9782350000000122,mixed_group_cv,no_benchmark_id
v2b_physical_strategy::state_002_t2::place_block3_on_block5,corner_place_bt,center_place_bt,1.0,152.73984000000002,153.321175,0.5813349999999957,mixed_group_cv,no_benchmark_id
v2b_physical_strategy::state_002_t2::stack_block3_on_block1,corner_place_bt,correct_bt,0.0,52.021589999999996,52.46297499999999,0.4413849999999968,mixed_group_cv,no_benchmark_id
v2b_physical_strategy::state_004_t4::place_block1_on_block5,corner_place_bt,center_place_bt,1.0,152.69662499999998,153.324175,0.6275500000000136,mixed_group_cv,no_benchmark_id
v1_supported_by::state_000_t0::place_block2_on_block6,missing_precondition_bt,correct_bt,1.0,155.08305000000001,155.12254499999997,0.039494999999959646,mixed_group_cv,no_benchmark_id
v1_supported_by::state_001_t1::place_block3_on_block5,missing_precondition_bt,missing_precondition_bt,1.0,153.78701999999998,153.78701999999998,0.0,mixed_group_cv,no_benchmark_id
v1_supported_by::state_002_t2::stack_block3_on_block1,missing_precondition_bt,missing_precondition_bt,0.0,53.058159999999994,53.058159999999994,0.0,mixed_group_cv,no_benchmark_id
v1_supported_by::state_004_t4::place_block1_on_block5,missing_precondition_bt,missing_precondition_bt,1.0,152.95333,152.95333,0.0,mixed_group_cv,no_benchmark_id
v2_stacking_probe::state_000_t0::place_block3_on_block5,missing_precondition_bt,missing_precondition_bt,1.0,155.51667,155.51667,0.0,mixed_group_cv,no_benchmark_id
v2_stacking_probe::state_000_t0::stack_block4_on_block1,missing_precondition_bt,correct_bt,0.0,53.26951999999999,54.844355,1.5748350000000073,mixed_group_cv,no_benchmark_id
v2_stacking_probe::state_001_t1::stack_block2_on_block1,missing_precondition_bt,missing_precondition_bt,0.0,54.332580000000014,54.332580000000014,0.0,mixed_group_cv,no_benchmark_id
v2_stacking_probe::state_002_t2::place_block2_on_block6,missing_precondition_bt,missing_precondition_bt,1.0,154.400895,154.400895,0.0,mixed_group_cv,no_benchmark_id
v2_stacking_probe::state_002_t2::stack_block3_on_block2,missing_precondition_bt,missing_precondition_bt,0.0,52.75409,52.75409,0.0,mixed_group_cv,no_benchmark_id
v2_stacking_probe::state_003_t3::stack_block1_on_block3,missing_precondition_bt,missing_precondition_bt,0.0,52.899449999999995,52.899449999999995,0.0,mixed_group_cv,no_benchmark_id
v2_stacking_probe::state_004_t4::place_block1_on_block5,missing_precondition_bt,missing_precondition_bt,1.0,153.72714,153.72714,0.0,mixed_group_cv,no_benchmark_id
v2_stacking_probe::state_004_t4::stack_block3_on_block1,missing_precondition_bt,missing_precondition_bt,0.0,52.81371000000001,52.81371000000001,0.0,mixed_group_cv,no_benchmark_id
v2b_physical_strategy::state_000_t0::stack_block1_on_block3,center_place_bt,corner_place_bt,0.0,52.50613499999999,53.63685,1.1307150000000092,mixed_group_cv,no_benchmark_id
v2b_physical_strategy::state_001_t1::stack_block3_on_block1,center_place_bt,far_offset_bt,0.0,51.986354999999996,53.114084999999996,1.1277299999999997,mixed_group_cv,no_benchmark_id
v2b_physical_strategy::state_003_t3::place_block1_on_block5,center_place_bt,edge_place_bt,1.0,152.998225,153.30749999999998,0.3092749999999853,mixed_group_cv,no_benchmark_id
v2b_physical_strategy::state_004_t4::place_block3_on_block5,center_place_bt,center_place_bt,1.0,153.242075,153.242075,0.0,mixed_group_cv,no_benchmark_id
v1_supported_by::state_000_t0::place_block3_on_block5,missing_precondition_bt,correct_bt,1.0,154.15366,154.76969,0.616029999999995,mixed_group_cv,no_benchmark_id
v1_supported_by::state_000_t0::place_block1_on_block5,missing_precondition_bt,missing_precondition_bt,1.0,155.38221,155.38221,0.0,mixed_group_cv,no_benchmark_id
v1_supported_by::state_001_t1::stack_block3_on_block1,correct_bt,correct_bt,1.0,152.284665,152.284665,0.0,mixed_group_cv,no_benchmark_id
v1_supported_by::state_003_t3::place_block1_on_block5,missing_precondition_bt,missing_precondition_bt,1.0,153.170655,153.170655,0.0,mixed_group_cv,no_benchmark_id
v2_stacking_probe::state_000_t0::place_block1_on_block5,missing_precondition_bt,missing_precondition_bt,1.0,154.09874,154.09874,0.0,mixed_group_cv,no_benchmark_id
v2_stacking_probe::state_000_t0::stack_block1_on_block3,missing_precondition_bt,missing_precondition_bt,0.0,53.34975000000001,53.34975000000001,0.0,mixed_group_cv,no_benchmark_id
v2_stacking_probe::state_001_t1::place_block1_on_block5,missing_precondition_bt,correct_bt,1.0,153.109245,153.15418,0.044935000000009495,mixed_group_cv,no_benchmark_id
v2_stacking_probe::state_001_t1::stack_block3_on_block1,missing_precondition_bt,missing_precondition_bt,0.0,52.16401500000001,52.16401500000001,0.0,mixed_group_cv,no_benchmark_id
v2_stacking_probe::state_002_t2::place_block3_on_block5,missing_precondition_bt,missing_precondition_bt,1.0,153.66851999999997,153.66851999999997,0.0,mixed_group_cv,no_benchmark_id
v2_stacking_probe::state_002_t2::stack_block4_on_block1,missing_precondition_bt,correct_bt,0.0,52.16233999999999,52.195924999999995,0.033585000000002196,mixed_group_cv,no_benchmark_id
v2_stacking_probe::state_003_t3::stack_block2_on_block1,missing_precondition_bt,missing_precondition_bt,0.0,53.440715000000004,53.440715000000004,0.0,mixed_group_cv,no_benchmark_id
v2_stacking_probe::state_004_t4::place_block2_on_block6,missing_precondition_bt,missing_precondition_bt,1.0,153.55688,153.55688,0.0,mixed_group_cv,no_benchmark_id
v2b_physical_strategy::state_000_t0::place_block3_on_block5,center_place_bt,center_place_bt,1.0,154.540805,154.540805,0.0,mixed_group_cv,no_benchmark_id
v2b_physical_strategy::state_000_t0::stack_block3_on_block1,center_place_bt,correct_bt,0.0,52.79023999999999,55.07473500000001,2.284495000000021,mixed_group_cv,no_benchmark_id
v2b_physical_strategy::state_002_t2::place_block1_on_block5,center_place_bt,edge_place_bt,1.0,152.96132,153.22376,0.262439999999998,mixed_group_cv,no_benchmark_id
v2b_physical_strategy::state_003_t3::place_block3_on_block5,center_place_bt,corner_place_bt,1.0,152.39093499999998,152.451895,0.060960000000022774,mixed_group_cv,no_benchmark_id
v1_supported_by::state_000_t0::stack_block3_on_block1,correct_bt,missing_precondition_bt,0.0,52.5588,53.01372,0.4549200000000013,mixed_group_cv,task_world_only
v1_supported_by::state_002_t2::place_block2_on_block6,correct_bt,missing_precondition_bt,1.0,153.36935,154.40586499999998,1.03651499999998,mixed_group_cv,task_world_only
v1_supported_by::state_003_t3::place_block2_on_block6,correct_bt,missing_precondition_bt,1.0,153.023125,153.193355,0.17023000000000366,mixed_group_cv,task_world_only
v1_supported_by::state_004_t4::stack_block3_on_block1,correct_bt,missing_precondition_bt,0.0,52.166059999999995,52.50782,0.34176000000000784,mixed_group_cv,task_world_only
v2_stacking_probe::state_000_t0::stack_block2_on_block1,correct_bt,missing_precondition_bt,0.0,54.017779999999995,54.67318500000001,0.655405000000016,mixed_group_cv,task_world_only
v2_stacking_probe::state_001_t1::place_block2_on_block6,correct_bt,correct_bt,1.0,154.263415,154.263415,0.0,mixed_group_cv,task_world_only
v2_stacking_probe::state_001_t1::stack_block3_on_block2,correct_bt,missing_precondition_bt,0.0,52.375814999999996,52.62513500000001,0.24932000000001153,mixed_group_cv,task_world_only
v2_stacking_probe::state_002_t2::stack_block1_on_block3,correct_bt,correct_bt,1.0,152.50336,152.50336,0.0,mixed_group_cv,task_world_only
v2_stacking_probe::state_003_t3::place_block1_on_block5,correct_bt,missing_precondition_bt,1.0,152.506215,152.9511,0.4448849999999993,mixed_group_cv,task_world_only
v2_stacking_probe::state_003_t3::stack_block3_on_block2,correct_bt,correct_bt,0.0,52.47686000000001,52.47686000000001,0.0,mixed_group_cv,task_world_only
v2_stacking_probe::state_004_t4::place_block3_on_block5,correct_bt,missing_precondition_bt,1.0,152.76073999999997,152.93769999999998,0.17696000000000822,mixed_group_cv,task_world_only
v2_stacking_probe::state_004_t4::stack_block4_on_block1,correct_bt,missing_precondition_bt,0.0,51.818310000000004,52.53132,0.713009999999997,mixed_group_cv,task_world_only
v2b_physical_strategy::state_001_t1::place_block1_on_block5,correct_bt,corner_place_bt,1.0,152.485,153.23799,0.7529899999999827,mixed_group_cv,task_world_only
v2b_physical_strategy::state_002_t2::stack_block1_on_block3,correct_bt,over_edge_bt,0.0,52.0165,153.20096,101.18446,mixed_group_cv,task_world_only
v2b_physical_strategy::state_003_t3::stack_block1_on_block3,correct_bt,corner_place_bt,0.0,52.011635000000005,52.24962,0.23798499999999478,mixed_group_cv,task_world_only
v2b_physical_strategy::state_004_t4::stack_block3_on_block1,correct_bt,corner_place_bt,0.0,52.42519500000001,52.45388500000001,0.02868999999999744,mixed_group_cv,task_world_only
v1_supported_by::state_001_t1::place_block1_on_block5,correct_bt,missing_precondition_bt,1.0,152.49212,153.44245999999998,0.9503399999999829,mixed_group_cv,task_world_only
v1_supported_by::state_003_t3::place_block3_on_block5,correct_bt,missing_precondition_bt,1.0,152.88947499999998,152.9585,0.06902500000001055,mixed_group_cv,task_world_only
v1_supported_by::state_004_t4::place_block3_on_block5,correct_bt,missing_precondition_bt,1.0,152.913115,153.212055,0.29893999999998755,mixed_group_cv,task_world_only
v1_supported_by::state_004_t4::place_block2_on_block6,correct_bt,correct_bt,1.0,152.91567,152.91567,0.0,mixed_group_cv,task_world_only
v2_stacking_probe::state_000_t0::stack_block3_on_block1,correct_bt,correct_bt,0.0,53.58803500000001,53.58803500000001,0.0,mixed_group_cv,task_world_only
v2_stacking_probe::state_001_t1::place_block3_on_block5,correct_bt,missing_precondition_bt,1.0,152.923885,153.637755,0.7138699999999858,mixed_group_cv,task_world_only
v2_stacking_probe::state_001_t1::stack_block4_on_block1,correct_bt,correct_bt,0.0,52.320879999999995,52.320879999999995,0.0,mixed_group_cv,task_world_only
v2_stacking_probe::state_002_t2::stack_block3_on_block1,correct_bt,missing_precondition_bt,0.0,52.13725,52.167970000000004,0.0307200000000023,mixed_group_cv,task_world_only
v2_stacking_probe::state_002_t2::stack_block2_on_block1,correct_bt,missing_precondition_bt,0.0,52.603355,53.06869,0.46533499999999606,mixed_group_cv,task_world_only
v2_stacking_probe::state_003_t3::place_block2_on_block6,correct_bt,missing_precondition_bt,1.0,153.70471999999998,154.298035,0.5933150000000182,mixed_group_cv,task_world_only
v2_stacking_probe::state_004_t4::stack_block1_on_block3,correct_bt,correct_bt,0.0,52.332585,52.332585,0.0,mixed_group_cv,task_world_only
v2_stacking_probe::state_004_t4::stack_block3_on_block2,correct_bt,missing_precondition_bt,0.0,52.286870000000015,52.53896500000001,0.25209499999999707,mixed_group_cv,task_world_only
v2b_physical_strategy::state_000_t0::place_block1_on_block5,correct_bt,edge_place_bt,1.0,154.77248,154.814875,0.04239499999999907,mixed_group_cv,task_world_only
v2b_physical_strategy::state_001_t1::place_block3_on_block5,correct_bt,center_place_bt,1.0,152.099175,153.143105,1.043929999999989,mixed_group_cv,task_world_only
v2b_physical_strategy::state_003_t3::stack_block3_on_block1,correct_bt,edge_place_bt,0.0,51.907085,52.101045000000006,0.19396000000000413,mixed_group_cv,task_world_only
v2b_physical_strategy::state_004_t4::stack_block1_on_block3,correct_bt,center_place_bt,0.0,51.8315,52.01614,0.1846400000000017,mixed_group_cv,task_world_only
v1_supported_by::state_001_t1::place_block2_on_block6,correct_bt,missing_precondition_bt,1.0,154.12258,155.39746499999998,1.2748849999999834,mixed_group_cv,task_world_only
v1_supported_by::state_002_t2::place_block3_on_block5,correct_bt,missing_precondition_bt,1.0,152.50626999999997,152.837325,0.3310550000000205,mixed_group_cv,task_world_only
v1_supported_by::state_002_t2::place_block1_on_block5,correct_bt,missing_precondition_bt,1.0,153.342585,153.367215,0.024629999999973506,mixed_group_cv,task_world_only
v1_supported_by::state_003_t3::stack_block3_on_block1,correct_bt,missing_precondition_bt,0.0,52.016445,52.122009999999996,0.10556499999999858,mixed_group_cv,task_world_only
v2_stacking_probe::state_000_t0::place_block2_on_block6,correct_bt,missing_precondition_bt,1.0,154.44171,155.06958,0.6278700000000015,mixed_group_cv,task_world_only
v2_stacking_probe::state_000_t0::stack_block3_on_block2,correct_bt,missing_precondition_bt,0.0,53.387015,54.023864999999994,0.6368499999999955,mixed_group_cv,task_world_only
v2_stacking_probe::state_001_t1::stack_block1_on_block3,correct_bt,correct_bt,0.0,52.36842500000001,52.36842500000001,0.0,mixed_group_cv,task_world_only
v2_stacking_probe::state_002_t2::place_block1_on_block5,correct_bt,missing_precondition_bt,1.0,153.029355,153.49909499999998,0.4697399999999732,mixed_group_cv,task_world_only
v2_stacking_probe::state_003_t3::place_block3_on_block5,correct_bt,correct_bt,1.0,152.98246,152.98246,0.0,mixed_group_cv,task_world_only
v2_stacking_probe::state_003_t3::stack_block3_on_block1,correct_bt,missing_precondition_bt,0.0,51.588675,52.62147000000001,1.0327950000000072,mixed_group_cv,task_world_only
v2_stacking_probe::state_003_t3::stack_block4_on_block1,correct_bt,correct_bt,0.0,52.184525,52.184525,0.0,mixed_group_cv,task_world_only
v2_stacking_probe::state_004_t4::stack_block2_on_block1,correct_bt,missing_precondition_bt,0.0,51.671254999999995,52.99184499999999,1.3205899999999957,mixed_group_cv,task_world_only
v2b_physical_strategy::state_001_t1::stack_block1_on_block3,correct_bt,far_offset_bt,0.0,51.702225000000006,52.62006,0.9178349999999966,mixed_group_cv,task_world_only
v2b_physical_strategy::state_002_t2::place_block3_on_block5,correct_bt,center_place_bt,1.0,152.280945,153.321175,1.0402300000000082,mixed_group_cv,task_world_only
v2b_physical_strategy::state_002_t2::stack_block3_on_block1,correct_bt,correct_bt,0.0,52.46297499999999,52.46297499999999,0.0,mixed_group_cv,task_world_only
v2b_physical_strategy::state_004_t4::place_block1_on_block5,correct_bt,center_place_bt,1.0,152.80485,153.324175,0.5193250000000091,mixed_group_cv,task_world_only
v1_supported_by::state_000_t0::place_block2_on_block6,correct_bt,correct_bt,1.0,155.12254499999997,155.12254499999997,0.0,mixed_group_cv,task_world_only
v1_supported_by::state_001_t1::place_block3_on_block5,correct_bt,missing_precondition_bt,1.0,152.792105,153.78701999999998,0.9949149999999918,mixed_group_cv,task_world_only
v1_supported_by::state_002_t2::stack_block3_on_block1,correct_bt,missing_precondition_bt,0.0,52.098795,53.058159999999994,0.9593649999999911,mixed_group_cv,task_world_only
v1_supported_by::state_004_t4::place_block1_on_block5,correct_bt,missing_precondition_bt,1.0,152.169515,152.95333,0.7838150000000041,mixed_group_cv,task_world_only
v2_stacking_probe::state_000_t0::place_block3_on_block5,correct_bt,missing_precondition_bt,1.0,155.101575,155.51667,0.415095000000008,mixed_group_cv,task_world_only
v2_stacking_probe::state_000_t0::stack_block4_on_block1,correct_bt,correct_bt,0.0,54.844355,54.844355,0.0,mixed_group_cv,task_world_only
v2_stacking_probe::state_001_t1::stack_block2_on_block1,correct_bt,missing_precondition_bt,0.0,53.50703000000001,54.332580000000014,0.8255500000000069,mixed_group_cv,task_world_only
v2_stacking_probe::state_002_t2::place_block2_on_block6,correct_bt,missing_precondition_bt,1.0,153.70653,154.400895,0.6943650000000048,mixed_group_cv,task_world_only
v2_stacking_probe::state_002_t2::stack_block3_on_block2,correct_bt,missing_precondition_bt,0.0,51.51706000000001,52.75409,1.23702999999999,mixed_group_cv,task_world_only
v2_stacking_probe::state_003_t3::stack_block1_on_block3,correct_bt,missing_precondition_bt,0.0,51.97726000000001,52.899449999999995,0.9221899999999863,mixed_group_cv,task_world_only
v2_stacking_probe::state_004_t4::place_block1_on_block5,correct_bt,missing_precondition_bt,1.0,152.756135,153.72714,0.971004999999991,mixed_group_cv,task_world_only
v2_stacking_probe::state_004_t4::stack_block3_on_block1,correct_bt,missing_precondition_bt,0.0,51.91159000000001,52.81371000000001,0.9021199999999965,mixed_group_cv,task_world_only
v2b_physical_strategy::state_000_t0::stack_block1_on_block3,correct_bt,corner_place_bt,0.0,53.552434999999996,53.63685,0.08441500000000701,mixed_group_cv,task_world_only
v2b_physical_strategy::state_001_t1::stack_block3_on_block1,correct_bt,far_offset_bt,0.0,51.80738999999999,53.114084999999996,1.3066950000000048,mixed_group_cv,task_world_only
v2b_physical_strategy::state_003_t3::place_block1_on_block5,correct_bt,edge_place_bt,1.0,152.734095,153.30749999999998,0.5734049999999797,mixed_group_cv,task_world_only
v2b_physical_strategy::state_004_t4::place_block3_on_block5,correct_bt,center_place_bt,1.0,153.126685,153.242075,0.11538999999999078,mixed_group_cv,task_world_only
v1_supported_by::state_000_t0::place_block3_on_block5,correct_bt,correct_bt,1.0,154.76969,154.76969,0.0,mixed_group_cv,task_world_only
v1_supported_by::state_000_t0::place_block1_on_block5,correct_bt,missing_precondition_bt,1.0,154.31445,155.38221,1.0677599999999927,mixed_group_cv,task_world_only
v1_supported_by::state_001_t1::stack_block3_on_block1,correct_bt,correct_bt,1.0,152.284665,152.284665,0.0,mixed_group_cv,task_world_only
v1_supported_by::state_003_t3::place_block1_on_block5,correct_bt,missing_precondition_bt,1.0,152.62785499999998,153.170655,0.5428000000000281,mixed_group_cv,task_world_only
v2_stacking_probe::state_000_t0::place_block1_on_block5,correct_bt,missing_precondition_bt,1.0,153.37471,154.09874,0.7240299999999991,mixed_group_cv,task_world_only
v2_stacking_probe::state_000_t0::stack_block1_on_block3,correct_bt,missing_precondition_bt,0.0,53.072075000000005,53.34975000000001,0.2776750000000021,mixed_group_cv,task_world_only
v2_stacking_probe::state_001_t1::place_block1_on_block5,correct_bt,correct_bt,1.0,153.15418,153.15418,0.0,mixed_group_cv,task_world_only
v2_stacking_probe::state_001_t1::stack_block3_on_block1,correct_bt,missing_precondition_bt,0.0,51.40027,52.16401500000001,0.7637450000000143,mixed_group_cv,task_world_only
v2_stacking_probe::state_002_t2::place_block3_on_block5,correct_bt,missing_precondition_bt,1.0,153.060625,153.66851999999997,0.607894999999985,mixed_group_cv,task_world_only
v2_stacking_probe::state_002_t2::stack_block4_on_block1,correct_bt,correct_bt,0.0,52.195924999999995,52.195924999999995,0.0,mixed_group_cv,task_world_only
v2_stacking_probe::state_003_t3::stack_block2_on_block1,correct_bt,missing_precondition_bt,0.0,52.353405,53.440715000000004,1.0873100000000022,mixed_group_cv,task_world_only
v2_stacking_probe::state_004_t4::place_block2_on_block6,correct_bt,missing_precondition_bt,1.0,153.51444,153.55688,0.042439999999999145,mixed_group_cv,task_world_only
v2b_physical_strategy::state_000_t0::place_block3_on_block5,correct_bt,center_place_bt,1.0,153.505955,154.540805,1.0348500000000058,mixed_group_cv,task_world_only
v2b_physical_strategy::state_000_t0::stack_block3_on_block1,correct_bt,correct_bt,0.0,55.07473500000001,55.07473500000001,0.0,mixed_group_cv,task_world_only
v2b_physical_strategy::state_002_t2::place_block1_on_block5,correct_bt,edge_place_bt,1.0,152.66660499999998,153.22376,0.5571550000000229,mixed_group_cv,task_world_only
v2b_physical_strategy::state_003_t3::place_block3_on_block5,correct_bt,corner_place_bt,1.0,152.43555,152.451895,0.016345000000001164,mixed_group_cv,task_world_only
v1_supported_by::state_000_t0::stack_block3_on_block1,redundant_bt,missing_precondition_bt,0.0,52.491155,53.01372,0.5225650000000002,mixed_group_cv,structure_only
v1_supported_by::state_002_t2::place_block2_on_block6,redundant_bt,missing_precondition_bt,1.0,151.95801,154.40586499999998,2.4478549999999757,mixed_group_cv,structure_only
v1_supported_by::state_003_t3::place_block2_on_block6,redundant_bt,missing_precondition_bt,1.0,152.248185,153.193355,0.9451699999999903,mixed_group_cv,structure_only
v1_supported_by::state_004_t4::stack_block3_on_block1,redundant_bt,missing_precondition_bt,0.0,50.95330500000001,52.50782,1.554514999999995,mixed_group_cv,structure_only
v2_stacking_probe::state_000_t0::stack_block2_on_block1,redundant_bt,missing_precondition_bt,0.0,53.004985,54.67318500000001,1.668200000000013,mixed_group_cv,structure_only
v2_stacking_probe::state_001_t1::place_block2_on_block6,redundant_bt,correct_bt,1.0,152.56279999999998,154.263415,1.7006150000000275,mixed_group_cv,structure_only
v2_stacking_probe::state_001_t1::stack_block3_on_block2,redundant_bt,missing_precondition_bt,0.0,50.68998,52.62513500000001,1.9351550000000088,mixed_group_cv,structure_only
v2_stacking_probe::state_002_t2::stack_block1_on_block3,redundant_bt,correct_bt,0.0,50.856815000000005,152.50336,101.64654499999997,mixed_group_cv,structure_only
v2_stacking_probe::state_003_t3::place_block1_on_block5,redundant_bt,missing_precondition_bt,1.0,151.96967,152.9511,0.9814299999999889,mixed_group_cv,structure_only
v2_stacking_probe::state_003_t3::stack_block3_on_block2,redundant_bt,correct_bt,0.0,50.54644000000001,52.47686000000001,1.930419999999998,mixed_group_cv,structure_only
v2_stacking_probe::state_004_t4::place_block3_on_block5,redundant_bt,missing_precondition_bt,1.0,151.411005,152.93769999999998,1.5266949999999895,mixed_group_cv,structure_only
v2_stacking_probe::state_004_t4::stack_block4_on_block1,redundant_bt,missing_precondition_bt,0.0,51.286300000000004,52.53132,1.2450199999999967,mixed_group_cv,structure_only
v2b_physical_strategy::state_001_t1::place_block1_on_block5,correct_bt,corner_place_bt,1.0,152.485,153.23799,0.7529899999999827,mixed_group_cv,structure_only
v2b_physical_strategy::state_002_t2::stack_block1_on_block3,correct_bt,over_edge_bt,0.0,52.0165,153.20096,101.18446,mixed_group_cv,structure_only
v2b_physical_strategy::state_003_t3::stack_block1_on_block3,correct_bt,corner_place_bt,0.0,52.011635000000005,52.24962,0.23798499999999478,mixed_group_cv,structure_only
v2b_physical_strategy::state_004_t4::stack_block3_on_block1,correct_bt,corner_place_bt,0.0,52.42519500000001,52.45388500000001,0.02868999999999744,mixed_group_cv,structure_only
v1_supported_by::state_001_t1::place_block1_on_block5,redundant_bt,missing_precondition_bt,1.0,151.81768,153.44245999999998,1.624779999999987,mixed_group_cv,structure_only
v1_supported_by::state_003_t3::place_block3_on_block5,redundant_bt,missing_precondition_bt,1.0,151.29417,152.9585,1.6643299999999783,mixed_group_cv,structure_only
v1_supported_by::state_004_t4::place_block3_on_block5,redundant_bt,missing_precondition_bt,1.0,151.75028999999998,153.212055,1.461765000000014,mixed_group_cv,structure_only
v1_supported_by::state_004_t4::place_block2_on_block6,redundant_bt,correct_bt,1.0,152.369425,152.91567,0.546244999999999,mixed_group_cv,structure_only
v2_stacking_probe::state_000_t0::stack_block3_on_block1,redundant_bt,correct_bt,0.0,52.381305000000005,53.58803500000001,1.2067300000000074,mixed_group_cv,structure_only
v2_stacking_probe::state_001_t1::place_block3_on_block5,redundant_bt,missing_precondition_bt,1.0,152.234265,153.637755,1.403490000000005,mixed_group_cv,structure_only
v2_stacking_probe::state_001_t1::stack_block4_on_block1,redundant_bt,correct_bt,0.0,51.28634999999999,52.320879999999995,1.0345300000000037,mixed_group_cv,structure_only
v2_stacking_probe::state_002_t2::stack_block3_on_block1,redundant_bt,missing_precondition_bt,0.0,51.059695,52.167970000000004,1.1082750000000061,mixed_group_cv,structure_only
v2_stacking_probe::state_002_t2::stack_block2_on_block1,redundant_bt,missing_precondition_bt,0.0,51.90440499999999,53.06869,1.1642850000000067,mixed_group_cv,structure_only
v2_stacking_probe::state_003_t3::place_block2_on_block6,redundant_bt,missing_precondition_bt,1.0,152.69698,154.298035,1.6010550000000023,mixed_group_cv,structure_only
v2_stacking_probe::state_004_t4::stack_block1_on_block3,redundant_bt,correct_bt,0.0,50.42488000000001,52.332585,1.9077049999999929,mixed_group_cv,structure_only
v2_stacking_probe::state_004_t4::stack_block3_on_block2,redundant_bt,missing_precondition_bt,0.0,51.65989000000001,52.53896500000001,0.8790750000000003,mixed_group_cv,structure_only
v2b_physical_strategy::state_000_t0::place_block1_on_block5,correct_bt,edge_place_bt,1.0,154.77248,154.814875,0.04239499999999907,mixed_group_cv,structure_only
v2b_physical_strategy::state_001_t1::place_block3_on_block5,correct_bt,center_place_bt,1.0,152.099175,153.143105,1.043929999999989,mixed_group_cv,structure_only
v2b_physical_strategy::state_003_t3::stack_block3_on_block1,correct_bt,edge_place_bt,0.0,51.907085,52.101045000000006,0.19396000000000413,mixed_group_cv,structure_only
v2b_physical_strategy::state_004_t4::stack_block1_on_block3,correct_bt,center_place_bt,0.0,51.8315,52.01614,0.1846400000000017,mixed_group_cv,structure_only
v1_supported_by::state_001_t1::place_block2_on_block6,redundant_bt,missing_precondition_bt,1.0,153.77527,155.39746499999998,1.6221949999999765,mixed_group_cv,structure_only
v1_supported_by::state_002_t2::place_block3_on_block5,redundant_bt,missing_precondition_bt,1.0,151.76772,152.837325,1.0696049999999957,mixed_group_cv,structure_only
v1_supported_by::state_002_t2::place_block1_on_block5,redundant_bt,missing_precondition_bt,1.0,151.76090499999998,153.367215,1.6063100000000077,mixed_group_cv,structure_only
v1_supported_by::state_003_t3::stack_block3_on_block1,redundant_bt,missing_precondition_bt,0.0,51.05698,52.122009999999996,1.065029999999993,mixed_group_cv,structure_only
v2_stacking_probe::state_000_t0::place_block2_on_block6,redundant_bt,missing_precondition_bt,1.0,153.951695,155.06958,1.1178850000000011,mixed_group_cv,structure_only
v2_stacking_probe::state_000_t0::stack_block3_on_block2,redundant_bt,missing_precondition_bt,0.0,53.112435,54.023864999999994,0.9114299999999957,mixed_group_cv,structure_only
v2_stacking_probe::state_001_t1::stack_block1_on_block3,redundant_bt,correct_bt,0.0,51.57989,52.36842500000001,0.7885350000000102,mixed_group_cv,structure_only
v2_stacking_probe::state_002_t2::place_block1_on_block5,redundant_bt,missing_precondition_bt,1.0,151.69857,153.49909499999998,1.8005249999999933,mixed_group_cv,structure_only
v2_stacking_probe::state_003_t3::place_block3_on_block5,redundant_bt,correct_bt,1.0,151.62382499999998,152.98246,1.358635000000021,mixed_group_cv,structure_only
v2_stacking_probe::state_003_t3::stack_block3_on_block1,redundant_bt,missing_precondition_bt,0.0,51.30308499999999,52.62147000000001,1.3183850000000206,mixed_group_cv,structure_only
v2_stacking_probe::state_003_t3::stack_block4_on_block1,redundant_bt,correct_bt,0.0,51.094415000000005,52.184525,1.0901099999999957,mixed_group_cv,structure_only
v2_stacking_probe::state_004_t4::stack_block2_on_block1,redundant_bt,missing_precondition_bt,0.0,51.1047,52.99184499999999,1.8871449999999896,mixed_group_cv,structure_only
v2b_physical_strategy::state_001_t1::stack_block1_on_block3,correct_bt,far_offset_bt,0.0,51.702225000000006,52.62006,0.9178349999999966,mixed_group_cv,structure_only
v2b_physical_strategy::state_002_t2::place_block3_on_block5,correct_bt,center_place_bt,1.0,152.280945,153.321175,1.0402300000000082,mixed_group_cv,structure_only
v2b_physical_strategy::state_002_t2::stack_block3_on_block1,correct_bt,correct_bt,0.0,52.46297499999999,52.46297499999999,0.0,mixed_group_cv,structure_only
v2b_physical_strategy::state_004_t4::place_block1_on_block5,correct_bt,center_place_bt,1.0,152.80485,153.324175,0.5193250000000091,mixed_group_cv,structure_only
v1_supported_by::state_000_t0::place_block2_on_block6,redundant_bt,correct_bt,1.0,153.800435,155.12254499999997,1.3221099999999808,mixed_group_cv,structure_only
v1_supported_by::state_001_t1::place_block3_on_block5,redundant_bt,missing_precondition_bt,1.0,151.941085,153.78701999999998,1.8459349999999972,mixed_group_cv,structure_only
v1_supported_by::state_002_t2::stack_block3_on_block1,redundant_bt,missing_precondition_bt,0.0,51.01018,53.058159999999994,2.0479799999999955,mixed_group_cv,structure_only
v1_supported_by::state_004_t4::place_block1_on_block5,redundant_bt,missing_precondition_bt,1.0,151.450315,152.95333,1.5030150000000049,mixed_group_cv,structure_only
v2_stacking_probe::state_000_t0::place_block3_on_block5,redundant_bt,missing_precondition_bt,1.0,152.97124,155.51667,2.5454300000000103,mixed_group_cv,structure_only
v2_stacking_probe::state_000_t0::stack_block4_on_block1,redundant_bt,correct_bt,0.0,53.375615,54.844355,1.4687399999999968,mixed_group_cv,structure_only
v2_stacking_probe::state_001_t1::stack_block2_on_block1,redundant_bt,missing_precondition_bt,0.0,52.09354000000001,54.332580000000014,2.239040000000003,mixed_group_cv,structure_only
v2_stacking_probe::state_002_t2::place_block2_on_block6,redundant_bt,missing_precondition_bt,1.0,152.393835,154.400895,2.0070599999999956,mixed_group_cv,structure_only
v2_stacking_probe::state_002_t2::stack_block3_on_block2,redundant_bt,missing_precondition_bt,0.0,51.00888,52.75409,1.7452100000000002,mixed_group_cv,structure_only
v2_stacking_probe::state_003_t3::stack_block1_on_block3,redundant_bt,missing_precondition_bt,0.0,50.770590000000006,52.899449999999995,2.128859999999989,mixed_group_cv,structure_only
v2_stacking_probe::state_004_t4::place_block1_on_block5,redundant_bt,missing_precondition_bt,1.0,151.500565,153.72714,2.226574999999997,mixed_group_cv,structure_only
v2_stacking_probe::state_004_t4::stack_block3_on_block1,redundant_bt,missing_precondition_bt,0.0,50.58261500000001,52.81371000000001,2.2310949999999963,mixed_group_cv,structure_only
v2b_physical_strategy::state_000_t0::stack_block1_on_block3,correct_bt,corner_place_bt,0.0,53.552434999999996,53.63685,0.08441500000000701,mixed_group_cv,structure_only
v2b_physical_strategy::state_001_t1::stack_block3_on_block1,correct_bt,far_offset_bt,0.0,51.80738999999999,53.114084999999996,1.3066950000000048,mixed_group_cv,structure_only
v2b_physical_strategy::state_003_t3::place_block1_on_block5,correct_bt,edge_place_bt,1.0,152.734095,153.30749999999998,0.5734049999999797,mixed_group_cv,structure_only
v2b_physical_strategy::state_004_t4::place_block3_on_block5,correct_bt,center_place_bt,1.0,153.126685,153.242075,0.11538999999999078,mixed_group_cv,structure_only
v1_supported_by::state_000_t0::place_block3_on_block5,redundant_bt,correct_bt,1.0,153.39275999999998,154.76969,1.3769300000000158,mixed_group_cv,structure_only
v1_supported_by::state_000_t0::place_block1_on_block5,redundant_bt,missing_precondition_bt,1.0,153.679585,155.38221,1.7026249999999834,mixed_group_cv,structure_only
v1_supported_by::state_001_t1::stack_block3_on_block1,redundant_bt,correct_bt,0.0,50.61813,152.284665,101.66653499999998,mixed_group_cv,structure_only
v1_supported_by::state_003_t3::place_block1_on_block5,redundant_bt,missing_precondition_bt,1.0,151.327195,153.170655,1.8434600000000216,mixed_group_cv,structure_only
v2_stacking_probe::state_000_t0::place_block1_on_block5,redundant_bt,missing_precondition_bt,1.0,153.05541499999998,154.09874,1.04332500000001,mixed_group_cv,structure_only
v2_stacking_probe::state_000_t0::stack_block1_on_block3,redundant_bt,missing_precondition_bt,0.0,52.63557500000001,53.34975000000001,0.7141749999999973,mixed_group_cv,structure_only
v2_stacking_probe::state_001_t1::place_block1_on_block5,redundant_bt,correct_bt,1.0,151.41624499999998,153.15418,1.7379350000000215,mixed_group_cv,structure_only
v2_stacking_probe::state_001_t1::stack_block3_on_block1,redundant_bt,missing_precondition_bt,0.0,50.96627999999999,52.16401500000001,1.1977350000000229,mixed_group_cv,structure_only
v2_stacking_probe::state_002_t2::place_block3_on_block5,redundant_bt,missing_precondition_bt,1.0,151.93909499999998,153.66851999999997,1.729424999999992,mixed_group_cv,structure_only
v2_stacking_probe::state_002_t2::stack_block4_on_block1,redundant_bt,correct_bt,0.0,51.009814999999996,52.195924999999995,1.1861099999999993,mixed_group_cv,structure_only
v2_stacking_probe::state_003_t3::stack_block2_on_block1,redundant_bt,missing_precondition_bt,0.0,51.608955,53.440715000000004,1.8317600000000027,mixed_group_cv,structure_only
v2_stacking_probe::state_004_t4::place_block2_on_block6,redundant_bt,missing_precondition_bt,1.0,151.64270499999998,153.55688,1.9141750000000286,mixed_group_cv,structure_only
v2b_physical_strategy::state_000_t0::place_block3_on_block5,correct_bt,center_place_bt,1.0,153.505955,154.540805,1.0348500000000058,mixed_group_cv,structure_only
v2b_physical_strategy::state_000_t0::stack_block3_on_block1,correct_bt,correct_bt,0.0,55.07473500000001,55.07473500000001,0.0,mixed_group_cv,structure_only
v2b_physical_strategy::state_002_t2::place_block1_on_block5,correct_bt,edge_place_bt,1.0,152.66660499999998,153.22376,0.5571550000000229,mixed_group_cv,structure_only
v2b_physical_strategy::state_003_t3::place_block3_on_block5,correct_bt,corner_place_bt,1.0,152.43555,152.451895,0.016345000000001164,mixed_group_cv,structure_only
v1_supported_by::state_000_t0::place_block3_on_block5,missing_precondition_bt,correct_bt,1.0,154.15366,154.76969,0.616029999999995,leave_one_benchmark_out,full
v1_supported_by::state_000_t0::place_block1_on_block5,missing_precondition_bt,missing_precondition_bt,1.0,155.38221,155.38221,0.0,leave_one_benchmark_out,full
v1_supported_by::state_000_t0::place_block2_on_block6,missing_precondition_bt,correct_bt,1.0,155.08305000000001,155.12254499999997,0.039494999999959646,leave_one_benchmark_out,full
v1_supported_by::state_000_t0::stack_block3_on_block1,missing_precondition_bt,missing_precondition_bt,0.0,53.01372,53.01372,0.0,leave_one_benchmark_out,full
v1_supported_by::state_001_t1::place_block3_on_block5,missing_precondition_bt,missing_precondition_bt,1.0,153.78701999999998,153.78701999999998,0.0,leave_one_benchmark_out,full
v1_supported_by::state_001_t1::place_block1_on_block5,missing_precondition_bt,missing_precondition_bt,1.0,153.44245999999998,153.44245999999998,0.0,leave_one_benchmark_out,full
v1_supported_by::state_001_t1::place_block2_on_block6,missing_precondition_bt,missing_precondition_bt,1.0,155.39746499999998,155.39746499999998,0.0,leave_one_benchmark_out,full
v1_supported_by::state_001_t1::stack_block3_on_block1,correct_bt,correct_bt,1.0,152.284665,152.284665,0.0,leave_one_benchmark_out,full
v1_supported_by::state_002_t2::place_block3_on_block5,missing_precondition_bt,missing_precondition_bt,1.0,152.837325,152.837325,0.0,leave_one_benchmark_out,full
v1_supported_by::state_002_t2::place_block1_on_block5,missing_precondition_bt,missing_precondition_bt,1.0,153.367215,153.367215,0.0,leave_one_benchmark_out,full
v1_supported_by::state_002_t2::place_block2_on_block6,missing_precondition_bt,missing_precondition_bt,1.0,154.40586499999998,154.40586499999998,0.0,leave_one_benchmark_out,full
v1_supported_by::state_002_t2::stack_block3_on_block1,missing_precondition_bt,missing_precondition_bt,0.0,53.058159999999994,53.058159999999994,0.0,leave_one_benchmark_out,full
v1_supported_by::state_003_t3::place_block3_on_block5,missing_precondition_bt,missing_precondition_bt,1.0,152.9585,152.9585,0.0,leave_one_benchmark_out,full
v1_supported_by::state_003_t3::place_block1_on_block5,missing_precondition_bt,missing_precondition_bt,1.0,153.170655,153.170655,0.0,leave_one_benchmark_out,full
v1_supported_by::state_003_t3::place_block2_on_block6,missing_precondition_bt,missing_precondition_bt,1.0,153.193355,153.193355,0.0,leave_one_benchmark_out,full
v1_supported_by::state_003_t3::stack_block3_on_block1,missing_precondition_bt,missing_precondition_bt,0.0,52.122009999999996,52.122009999999996,0.0,leave_one_benchmark_out,full
v1_supported_by::state_004_t4::place_block3_on_block5,missing_precondition_bt,missing_precondition_bt,1.0,153.212055,153.212055,0.0,leave_one_benchmark_out,full
v1_supported_by::state_004_t4::place_block1_on_block5,missing_precondition_bt,missing_precondition_bt,1.0,152.95333,152.95333,0.0,leave_one_benchmark_out,full
v1_supported_by::state_004_t4::place_block2_on_block6,missing_precondition_bt,correct_bt,1.0,152.83695999999998,152.91567,0.07871000000002937,leave_one_benchmark_out,full
v1_supported_by::state_004_t4::stack_block3_on_block1,missing_precondition_bt,missing_precondition_bt,0.0,52.50782,52.50782,0.0,leave_one_benchmark_out,full
v2_stacking_probe::state_000_t0::place_block3_on_block5,missing_precondition_bt,missing_precondition_bt,1.0,155.51667,155.51667,0.0,leave_one_benchmark_out,full
v2_stacking_probe::state_000_t0::place_block1_on_block5,missing_precondition_bt,missing_precondition_bt,1.0,154.09874,154.09874,0.0,leave_one_benchmark_out,full
v2_stacking_probe::state_000_t0::place_block2_on_block6,missing_precondition_bt,missing_precondition_bt,1.0,155.06958,155.06958,0.0,leave_one_benchmark_out,full
v2_stacking_probe::state_000_t0::stack_block3_on_block1,missing_precondition_bt,correct_bt,0.0,53.217335,53.58803500000001,0.3707000000000136,leave_one_benchmark_out,full
v2_stacking_probe::state_000_t0::stack_block1_on_block3,missing_precondition_bt,missing_precondition_bt,0.0,53.34975000000001,53.34975000000001,0.0,leave_one_benchmark_out,full
v2_stacking_probe::state_000_t0::stack_block2_on_block1,missing_precondition_bt,missing_precondition_bt,0.0,54.67318500000001,54.67318500000001,0.0,leave_one_benchmark_out,full
v2_stacking_probe::state_000_t0::stack_block4_on_block1,missing_precondition_bt,correct_bt,0.0,53.26951999999999,54.844355,1.5748350000000073,leave_one_benchmark_out,full
v2_stacking_probe::state_000_t0::stack_block3_on_block2,missing_precondition_bt,missing_precondition_bt,0.0,54.023864999999994,54.023864999999994,0.0,leave_one_benchmark_out,full
v2_stacking_probe::state_001_t1::place_block3_on_block5,missing_precondition_bt,missing_precondition_bt,1.0,153.637755,153.637755,0.0,leave_one_benchmark_out,full
v2_stacking_probe::state_001_t1::place_block1_on_block5,missing_precondition_bt,correct_bt,1.0,153.109245,153.15418,0.044935000000009495,leave_one_benchmark_out,full
v2_stacking_probe::state_001_t1::place_block2_on_block6,missing_precondition_bt,correct_bt,1.0,153.84969,154.263415,0.41372499999999945,leave_one_benchmark_out,full
v2_stacking_probe::state_001_t1::stack_block3_on_block1,missing_precondition_bt,missing_precondition_bt,0.0,52.16401500000001,52.16401500000001,0.0,leave_one_benchmark_out,full
v2_stacking_probe::state_001_t1::stack_block1_on_block3,missing_precondition_bt,correct_bt,0.0,52.324885,52.36842500000001,0.04354000000000724,leave_one_benchmark_out,full
v2_stacking_probe::state_001_t1::stack_block2_on_block1,missing_precondition_bt,missing_precondition_bt,0.0,54.332580000000014,54.332580000000014,0.0,leave_one_benchmark_out,full
v2_stacking_probe::state_001_t1::stack_block4_on_block1,missing_precondition_bt,correct_bt,0.0,52.08799,52.320879999999995,0.2328899999999976,leave_one_benchmark_out,full
v2_stacking_probe::state_001_t1::stack_block3_on_block2,missing_precondition_bt,missing_precondition_bt,0.0,52.62513500000001,52.62513500000001,0.0,leave_one_benchmark_out,full
v2_stacking_probe::state_002_t2::place_block3_on_block5,missing_precondition_bt,missing_precondition_bt,1.0,153.66851999999997,153.66851999999997,0.0,leave_one_benchmark_out,full
v2_stacking_probe::state_002_t2::place_block1_on_block5,missing_precondition_bt,missing_precondition_bt,1.0,153.49909499999998,153.49909499999998,0.0,leave_one_benchmark_out,full
v2_stacking_probe::state_002_t2::place_block2_on_block6,missing_precondition_bt,missing_precondition_bt,1.0,154.400895,154.400895,0.0,leave_one_benchmark_out,full
v2_stacking_probe::state_002_t2::stack_block3_on_block1,missing_precondition_bt,missing_precondition_bt,0.0,52.167970000000004,52.167970000000004,0.0,leave_one_benchmark_out,full
v2_stacking_probe::state_002_t2::stack_block1_on_block3,correct_bt,correct_bt,1.0,152.50336,152.50336,0.0,leave_one_benchmark_out,full
v2_stacking_probe::state_002_t2::stack_block2_on_block1,missing_precondition_bt,missing_precondition_bt,0.0,53.06869,53.06869,0.0,leave_one_benchmark_out,full
v2_stacking_probe::state_002_t2::stack_block4_on_block1,missing_precondition_bt,correct_bt,0.0,52.16233999999999,52.195924999999995,0.033585000000002196,leave_one_benchmark_out,full
v2_stacking_probe::state_002_t2::stack_block3_on_block2,missing_precondition_bt,missing_precondition_bt,0.0,52.75409,52.75409,0.0,leave_one_benchmark_out,full
v2_stacking_probe::state_003_t3::place_block3_on_block5,missing_precondition_bt,correct_bt,1.0,152.95591,152.98246,0.026550000000014506,leave_one_benchmark_out,full
v2_stacking_probe::state_003_t3::place_block1_on_block5,missing_precondition_bt,missing_precondition_bt,1.0,152.9511,152.9511,0.0,leave_one_benchmark_out,full
v2_stacking_probe::state_003_t3::place_block2_on_block6,missing_precondition_bt,missing_precondition_bt,1.0,154.298035,154.298035,0.0,leave_one_benchmark_out,full
v2_stacking_probe::state_003_t3::stack_block3_on_block1,missing_precondition_bt,missing_precondition_bt,0.0,52.62147000000001,52.62147000000001,0.0,leave_one_benchmark_out,full
v2_stacking_probe::state_003_t3::stack_block1_on_block3,missing_precondition_bt,missing_precondition_bt,0.0,52.899449999999995,52.899449999999995,0.0,leave_one_benchmark_out,full
v2_stacking_probe::state_003_t3::stack_block2_on_block1,missing_precondition_bt,missing_precondition_bt,0.0,53.440715000000004,53.440715000000004,0.0,leave_one_benchmark_out,full
v2_stacking_probe::state_003_t3::stack_block4_on_block1,missing_precondition_bt,correct_bt,0.0,52.00723999999999,52.184525,0.1772850000000119,leave_one_benchmark_out,full
v2_stacking_probe::state_003_t3::stack_block3_on_block2,missing_precondition_bt,correct_bt,0.0,52.062734999999996,52.47686000000001,0.41412500000001273,leave_one_benchmark_out,full
v2_stacking_probe::state_004_t4::place_block3_on_block5,missing_precondition_bt,missing_precondition_bt,1.0,152.93769999999998,152.93769999999998,0.0,leave_one_benchmark_out,full
v2_stacking_probe::state_004_t4::place_block1_on_block5,missing_precondition_bt,missing_precondition_bt,1.0,153.72714,153.72714,0.0,leave_one_benchmark_out,full
v2_stacking_probe::state_004_t4::place_block2_on_block6,missing_precondition_bt,missing_precondition_bt,1.0,153.55688,153.55688,0.0,leave_one_benchmark_out,full
v2_stacking_probe::state_004_t4::stack_block3_on_block1,missing_precondition_bt,missing_precondition_bt,0.0,52.81371000000001,52.81371000000001,0.0,leave_one_benchmark_out,full
v2_stacking_probe::state_004_t4::stack_block1_on_block3,missing_precondition_bt,correct_bt,0.0,52.168195000000004,52.332585,0.16438999999999737,leave_one_benchmark_out,full
v2_stacking_probe::state_004_t4::stack_block2_on_block1,missing_precondition_bt,missing_precondition_bt,0.0,52.99184499999999,52.99184499999999,0.0,leave_one_benchmark_out,full
v2_stacking_probe::state_004_t4::stack_block4_on_block1,missing_precondition_bt,missing_precondition_bt,0.0,52.53132,52.53132,0.0,leave_one_benchmark_out,full
v2_stacking_probe::state_004_t4::stack_block3_on_block2,missing_precondition_bt,missing_precondition_bt,0.0,52.53896500000001,52.53896500000001,0.0,leave_one_benchmark_out,full
v2b_physical_strategy::state_000_t0::place_block3_on_block5,correct_bt,center_place_bt,1.0,153.505955,154.540805,1.0348500000000058,leave_one_benchmark_out,full
v2b_physical_strategy::state_000_t0::place_block1_on_block5,correct_bt,edge_place_bt,1.0,154.77248,154.814875,0.04239499999999907,leave_one_benchmark_out,full
v2b_physical_strategy::state_000_t0::stack_block1_on_block3,correct_bt,corner_place_bt,0.0,53.552434999999996,53.63685,0.08441500000000701,leave_one_benchmark_out,full
v2b_physical_strategy::state_000_t0::stack_block3_on_block1,correct_bt,correct_bt,0.0,55.07473500000001,55.07473500000001,0.0,leave_one_benchmark_out,full
v2b_physical_strategy::state_001_t1::place_block3_on_block5,correct_bt,center_place_bt,1.0,152.099175,153.143105,1.043929999999989,leave_one_benchmark_out,full
v2b_physical_strategy::state_001_t1::place_block1_on_block5,correct_bt,corner_place_bt,1.0,152.485,153.23799,0.7529899999999827,leave_one_benchmark_out,full
v2b_physical_strategy::state_001_t1::stack_block1_on_block3,correct_bt,far_offset_bt,0.0,51.702225000000006,52.62006,0.9178349999999966,leave_one_benchmark_out,full
v2b_physical_strategy::state_001_t1::stack_block3_on_block1,correct_bt,far_offset_bt,0.0,51.80738999999999,53.114084999999996,1.3066950000000048,leave_one_benchmark_out,full
v2b_physical_strategy::state_002_t2::place_block3_on_block5,correct_bt,center_place_bt,1.0,152.280945,153.321175,1.0402300000000082,leave_one_benchmark_out,full
v2b_physical_strategy::state_002_t2::place_block1_on_block5,correct_bt,edge_place_bt,1.0,152.66660499999998,153.22376,0.5571550000000229,leave_one_benchmark_out,full
v2b_physical_strategy::state_002_t2::stack_block1_on_block3,over_edge_bt,over_edge_bt,1.0,153.20096,153.20096,0.0,leave_one_benchmark_out,full
v2b_physical_strategy::state_002_t2::stack_block3_on_block1,correct_bt,correct_bt,0.0,52.46297499999999,52.46297499999999,0.0,leave_one_benchmark_out,full
v2b_physical_strategy::state_003_t3::place_block3_on_block5,correct_bt,corner_place_bt,1.0,152.43555,152.451895,0.016345000000001164,leave_one_benchmark_out,full
v2b_physical_strategy::state_003_t3::place_block1_on_block5,correct_bt,edge_place_bt,1.0,152.734095,153.30749999999998,0.5734049999999797,leave_one_benchmark_out,full
v2b_physical_strategy::state_003_t3::stack_block1_on_block3,correct_bt,corner_place_bt,0.0,52.011635000000005,52.24962,0.23798499999999478,leave_one_benchmark_out,full
v2b_physical_strategy::state_003_t3::stack_block3_on_block1,correct_bt,edge_place_bt,0.0,51.907085,52.101045000000006,0.19396000000000413,leave_one_benchmark_out,full
v2b_physical_strategy::state_004_t4::place_block3_on_block5,correct_bt,center_place_bt,1.0,153.126685,153.242075,0.11538999999999078,leave_one_benchmark_out,full
v2b_physical_strategy::state_004_t4::place_block1_on_block5,correct_bt,center_place_bt,1.0,152.80485,153.324175,0.5193250000000091,leave_one_benchmark_out,full
v2b_physical_strategy::state_004_t4::stack_block1_on_block3,correct_bt,center_place_bt,0.0,51.8315,52.01614,0.1846400000000017,leave_one_benchmark_out,full
v2b_physical_strategy::state_004_t4::stack_block3_on_block1,correct_bt,corner_place_bt,0.0,52.42519500000001,52.45388500000001,0.02868999999999744,leave_one_benchmark_out,full
v1_supported_by::state_000_t0::place_block3_on_block5,missing_precondition_bt,correct_bt,1.0,154.15366,154.76969,0.616029999999995,leave_one_benchmark_out,no_candidate_type
v1_supported_by::state_000_t0::place_block1_on_block5,missing_precondition_bt,missing_precondition_bt,1.0,155.38221,155.38221,0.0,leave_one_benchmark_out,no_candidate_type
v1_supported_by::state_000_t0::place_block2_on_block6,missing_precondition_bt,correct_bt,1.0,155.08305000000001,155.12254499999997,0.039494999999959646,leave_one_benchmark_out,no_candidate_type
v1_supported_by::state_000_t0::stack_block3_on_block1,missing_precondition_bt,missing_precondition_bt,0.0,53.01372,53.01372,0.0,leave_one_benchmark_out,no_candidate_type
v1_supported_by::state_001_t1::place_block3_on_block5,missing_precondition_bt,missing_precondition_bt,1.0,153.78701999999998,153.78701999999998,0.0,leave_one_benchmark_out,no_candidate_type
v1_supported_by::state_001_t1::place_block1_on_block5,missing_precondition_bt,missing_precondition_bt,1.0,153.44245999999998,153.44245999999998,0.0,leave_one_benchmark_out,no_candidate_type
v1_supported_by::state_001_t1::place_block2_on_block6,missing_precondition_bt,missing_precondition_bt,1.0,155.39746499999998,155.39746499999998,0.0,leave_one_benchmark_out,no_candidate_type
v1_supported_by::state_001_t1::stack_block3_on_block1,correct_bt,correct_bt,1.0,152.284665,152.284665,0.0,leave_one_benchmark_out,no_candidate_type
v1_supported_by::state_002_t2::place_block3_on_block5,missing_precondition_bt,missing_precondition_bt,1.0,152.837325,152.837325,0.0,leave_one_benchmark_out,no_candidate_type
v1_supported_by::state_002_t2::place_block1_on_block5,missing_precondition_bt,missing_precondition_bt,1.0,153.367215,153.367215,0.0,leave_one_benchmark_out,no_candidate_type
v1_supported_by::state_002_t2::place_block2_on_block6,missing_precondition_bt,missing_precondition_bt,1.0,154.40586499999998,154.40586499999998,0.0,leave_one_benchmark_out,no_candidate_type
v1_supported_by::state_002_t2::stack_block3_on_block1,missing_precondition_bt,missing_precondition_bt,0.0,53.058159999999994,53.058159999999994,0.0,leave_one_benchmark_out,no_candidate_type
v1_supported_by::state_003_t3::place_block3_on_block5,missing_precondition_bt,missing_precondition_bt,1.0,152.9585,152.9585,0.0,leave_one_benchmark_out,no_candidate_type
v1_supported_by::state_003_t3::place_block1_on_block5,missing_precondition_bt,missing_precondition_bt,1.0,153.170655,153.170655,0.0,leave_one_benchmark_out,no_candidate_type
v1_supported_by::state_003_t3::place_block2_on_block6,missing_precondition_bt,missing_precondition_bt,1.0,153.193355,153.193355,0.0,leave_one_benchmark_out,no_candidate_type
v1_supported_by::state_003_t3::stack_block3_on_block1,missing_precondition_bt,missing_precondition_bt,0.0,52.122009999999996,52.122009999999996,0.0,leave_one_benchmark_out,no_candidate_type
v1_supported_by::state_004_t4::place_block3_on_block5,missing_precondition_bt,missing_precondition_bt,1.0,153.212055,153.212055,0.0,leave_one_benchmark_out,no_candidate_type
v1_supported_by::state_004_t4::place_block1_on_block5,missing_precondition_bt,missing_precondition_bt,1.0,152.95333,152.95333,0.0,leave_one_benchmark_out,no_candidate_type
v1_supported_by::state_004_t4::place_block2_on_block6,missing_precondition_bt,correct_bt,1.0,152.83695999999998,152.91567,0.07871000000002937,leave_one_benchmark_out,no_candidate_type
v1_supported_by::state_004_t4::stack_block3_on_block1,missing_precondition_bt,missing_precondition_bt,0.0,52.50782,52.50782,0.0,leave_one_benchmark_out,no_candidate_type
v2_stacking_probe::state_000_t0::place_block3_on_block5,missing_precondition_bt,missing_precondition_bt,1.0,155.51667,155.51667,0.0,leave_one_benchmark_out,no_candidate_type
v2_stacking_probe::state_000_t0::place_block1_on_block5,missing_precondition_bt,missing_precondition_bt,1.0,154.09874,154.09874,0.0,leave_one_benchmark_out,no_candidate_type
v2_stacking_probe::state_000_t0::place_block2_on_block6,missing_precondition_bt,missing_precondition_bt,1.0,155.06958,155.06958,0.0,leave_one_benchmark_out,no_candidate_type
v2_stacking_probe::state_000_t0::stack_block3_on_block1,missing_precondition_bt,correct_bt,0.0,53.217335,53.58803500000001,0.3707000000000136,leave_one_benchmark_out,no_candidate_type
v2_stacking_probe::state_000_t0::stack_block1_on_block3,missing_precondition_bt,missing_precondition_bt,0.0,53.34975000000001,53.34975000000001,0.0,leave_one_benchmark_out,no_candidate_type
v2_stacking_probe::state_000_t0::stack_block2_on_block1,missing_precondition_bt,missing_precondition_bt,0.0,54.67318500000001,54.67318500000001,0.0,leave_one_benchmark_out,no_candidate_type
v2_stacking_probe::state_000_t0::stack_block4_on_block1,missing_precondition_bt,correct_bt,0.0,53.26951999999999,54.844355,1.5748350000000073,leave_one_benchmark_out,no_candidate_type
v2_stacking_probe::state_000_t0::stack_block3_on_block2,missing_precondition_bt,missing_precondition_bt,0.0,54.023864999999994,54.023864999999994,0.0,leave_one_benchmark_out,no_candidate_type
v2_stacking_probe::state_001_t1::place_block3_on_block5,missing_precondition_bt,missing_precondition_bt,1.0,153.637755,153.637755,0.0,leave_one_benchmark_out,no_candidate_type
v2_stacking_probe::state_001_t1::place_block1_on_block5,missing_precondition_bt,correct_bt,1.0,153.109245,153.15418,0.044935000000009495,leave_one_benchmark_out,no_candidate_type
v2_stacking_probe::state_001_t1::place_block2_on_block6,missing_precondition_bt,correct_bt,1.0,153.84969,154.263415,0.41372499999999945,leave_one_benchmark_out,no_candidate_type
v2_stacking_probe::state_001_t1::stack_block3_on_block1,missing_precondition_bt,missing_precondition_bt,0.0,52.16401500000001,52.16401500000001,0.0,leave_one_benchmark_out,no_candidate_type
v2_stacking_probe::state_001_t1::stack_block1_on_block3,missing_precondition_bt,correct_bt,0.0,52.324885,52.36842500000001,0.04354000000000724,leave_one_benchmark_out,no_candidate_type
v2_stacking_probe::state_001_t1::stack_block2_on_block1,missing_precondition_bt,missing_precondition_bt,0.0,54.332580000000014,54.332580000000014,0.0,leave_one_benchmark_out,no_candidate_type
v2_stacking_probe::state_001_t1::stack_block4_on_block1,missing_precondition_bt,correct_bt,0.0,52.08799,52.320879999999995,0.2328899999999976,leave_one_benchmark_out,no_candidate_type
v2_stacking_probe::state_001_t1::stack_block3_on_block2,missing_precondition_bt,missing_precondition_bt,0.0,52.62513500000001,52.62513500000001,0.0,leave_one_benchmark_out,no_candidate_type
v2_stacking_probe::state_002_t2::place_block3_on_block5,missing_precondition_bt,missing_precondition_bt,1.0,153.66851999999997,153.66851999999997,0.0,leave_one_benchmark_out,no_candidate_type
v2_stacking_probe::state_002_t2::place_block1_on_block5,missing_precondition_bt,missing_precondition_bt,1.0,153.49909499999998,153.49909499999998,0.0,leave_one_benchmark_out,no_candidate_type
v2_stacking_probe::state_002_t2::place_block2_on_block6,missing_precondition_bt,missing_precondition_bt,1.0,154.400895,154.400895,0.0,leave_one_benchmark_out,no_candidate_type
v2_stacking_probe::state_002_t2::stack_block3_on_block1,missing_precondition_bt,missing_precondition_bt,0.0,52.167970000000004,52.167970000000004,0.0,leave_one_benchmark_out,no_candidate_type
v2_stacking_probe::state_002_t2::stack_block1_on_block3,correct_bt,correct_bt,1.0,152.50336,152.50336,0.0,leave_one_benchmark_out,no_candidate_type
v2_stacking_probe::state_002_t2::stack_block2_on_block1,missing_precondition_bt,missing_precondition_bt,0.0,53.06869,53.06869,0.0,leave_one_benchmark_out,no_candidate_type
v2_stacking_probe::state_002_t2::stack_block4_on_block1,missing_precondition_bt,correct_bt,0.0,52.16233999999999,52.195924999999995,0.033585000000002196,leave_one_benchmark_out,no_candidate_type
v2_stacking_probe::state_002_t2::stack_block3_on_block2,missing_precondition_bt,missing_precondition_bt,0.0,52.75409,52.75409,0.0,leave_one_benchmark_out,no_candidate_type
v2_stacking_probe::state_003_t3::place_block3_on_block5,missing_precondition_bt,correct_bt,1.0,152.95591,152.98246,0.026550000000014506,leave_one_benchmark_out,no_candidate_type
v2_stacking_probe::state_003_t3::place_block1_on_block5,missing_precondition_bt,missing_precondition_bt,1.0,152.9511,152.9511,0.0,leave_one_benchmark_out,no_candidate_type
v2_stacking_probe::state_003_t3::place_block2_on_block6,missing_precondition_bt,missing_precondition_bt,1.0,154.298035,154.298035,0.0,leave_one_benchmark_out,no_candidate_type
v2_stacking_probe::state_003_t3::stack_block3_on_block1,missing_precondition_bt,missing_precondition_bt,0.0,52.62147000000001,52.62147000000001,0.0,leave_one_benchmark_out,no_candidate_type
v2_stacking_probe::state_003_t3::stack_block1_on_block3,missing_precondition_bt,missing_precondition_bt,0.0,52.899449999999995,52.899449999999995,0.0,leave_one_benchmark_out,no_candidate_type
v2_stacking_probe::state_003_t3::stack_block2_on_block1,missing_precondition_bt,missing_precondition_bt,0.0,53.440715000000004,53.440715000000004,0.0,leave_one_benchmark_out,no_candidate_type
v2_stacking_probe::state_003_t3::stack_block4_on_block1,missing_precondition_bt,correct_bt,0.0,52.00723999999999,52.184525,0.1772850000000119,leave_one_benchmark_out,no_candidate_type
v2_stacking_probe::state_003_t3::stack_block3_on_block2,missing_precondition_bt,correct_bt,0.0,52.062734999999996,52.47686000000001,0.41412500000001273,leave_one_benchmark_out,no_candidate_type
v2_stacking_probe::state_004_t4::place_block3_on_block5,missing_precondition_bt,missing_precondition_bt,1.0,152.93769999999998,152.93769999999998,0.0,leave_one_benchmark_out,no_candidate_type
v2_stacking_probe::state_004_t4::place_block1_on_block5,missing_precondition_bt,missing_precondition_bt,1.0,153.72714,153.72714,0.0,leave_one_benchmark_out,no_candidate_type
v2_stacking_probe::state_004_t4::place_block2_on_block6,missing_precondition_bt,missing_precondition_bt,1.0,153.55688,153.55688,0.0,leave_one_benchmark_out,no_candidate_type
v2_stacking_probe::state_004_t4::stack_block3_on_block1,missing_precondition_bt,missing_precondition_bt,0.0,52.81371000000001,52.81371000000001,0.0,leave_one_benchmark_out,no_candidate_type
v2_stacking_probe::state_004_t4::stack_block1_on_block3,missing_precondition_bt,correct_bt,0.0,52.168195000000004,52.332585,0.16438999999999737,leave_one_benchmark_out,no_candidate_type
v2_stacking_probe::state_004_t4::stack_block2_on_block1,missing_precondition_bt,missing_precondition_bt,0.0,52.99184499999999,52.99184499999999,0.0,leave_one_benchmark_out,no_candidate_type
v2_stacking_probe::state_004_t4::stack_block4_on_block1,missing_precondition_bt,missing_precondition_bt,0.0,52.53132,52.53132,0.0,leave_one_benchmark_out,no_candidate_type
v2_stacking_probe::state_004_t4::stack_block3_on_block2,missing_precondition_bt,missing_precondition_bt,0.0,52.53896500000001,52.53896500000001,0.0,leave_one_benchmark_out,no_candidate_type
v2b_physical_strategy::state_000_t0::place_block3_on_block5,correct_bt,center_place_bt,1.0,153.505955,154.540805,1.0348500000000058,leave_one_benchmark_out,no_candidate_type
v2b_physical_strategy::state_000_t0::place_block1_on_block5,correct_bt,edge_place_bt,1.0,154.77248,154.814875,0.04239499999999907,leave_one_benchmark_out,no_candidate_type
v2b_physical_strategy::state_000_t0::stack_block1_on_block3,correct_bt,corner_place_bt,0.0,53.552434999999996,53.63685,0.08441500000000701,leave_one_benchmark_out,no_candidate_type
v2b_physical_strategy::state_000_t0::stack_block3_on_block1,correct_bt,correct_bt,0.0,55.07473500000001,55.07473500000001,0.0,leave_one_benchmark_out,no_candidate_type
v2b_physical_strategy::state_001_t1::place_block3_on_block5,correct_bt,center_place_bt,1.0,152.099175,153.143105,1.043929999999989,leave_one_benchmark_out,no_candidate_type
v2b_physical_strategy::state_001_t1::place_block1_on_block5,correct_bt,corner_place_bt,1.0,152.485,153.23799,0.7529899999999827,leave_one_benchmark_out,no_candidate_type
v2b_physical_strategy::state_001_t1::stack_block1_on_block3,correct_bt,far_offset_bt,0.0,51.702225000000006,52.62006,0.9178349999999966,leave_one_benchmark_out,no_candidate_type
v2b_physical_strategy::state_001_t1::stack_block3_on_block1,correct_bt,far_offset_bt,0.0,51.80738999999999,53.114084999999996,1.3066950000000048,leave_one_benchmark_out,no_candidate_type
v2b_physical_strategy::state_002_t2::place_block3_on_block5,correct_bt,center_place_bt,1.0,152.280945,153.321175,1.0402300000000082,leave_one_benchmark_out,no_candidate_type
v2b_physical_strategy::state_002_t2::place_block1_on_block5,correct_bt,edge_place_bt,1.0,152.66660499999998,153.22376,0.5571550000000229,leave_one_benchmark_out,no_candidate_type
v2b_physical_strategy::state_002_t2::stack_block1_on_block3,over_edge_bt,over_edge_bt,1.0,153.20096,153.20096,0.0,leave_one_benchmark_out,no_candidate_type
v2b_physical_strategy::state_002_t2::stack_block3_on_block1,correct_bt,correct_bt,0.0,52.46297499999999,52.46297499999999,0.0,leave_one_benchmark_out,no_candidate_type
v2b_physical_strategy::state_003_t3::place_block3_on_block5,correct_bt,corner_place_bt,1.0,152.43555,152.451895,0.016345000000001164,leave_one_benchmark_out,no_candidate_type
v2b_physical_strategy::state_003_t3::place_block1_on_block5,correct_bt,edge_place_bt,1.0,152.734095,153.30749999999998,0.5734049999999797,leave_one_benchmark_out,no_candidate_type
v2b_physical_strategy::state_003_t3::stack_block1_on_block3,correct_bt,corner_place_bt,0.0,52.011635000000005,52.24962,0.23798499999999478,leave_one_benchmark_out,no_candidate_type
v2b_physical_strategy::state_003_t3::stack_block3_on_block1,correct_bt,edge_place_bt,0.0,51.907085,52.101045000000006,0.19396000000000413,leave_one_benchmark_out,no_candidate_type
v2b_physical_strategy::state_004_t4::place_block3_on_block5,correct_bt,center_place_bt,1.0,153.126685,153.242075,0.11538999999999078,leave_one_benchmark_out,no_candidate_type
v2b_physical_strategy::state_004_t4::place_block1_on_block5,correct_bt,center_place_bt,1.0,152.80485,153.324175,0.5193250000000091,leave_one_benchmark_out,no_candidate_type
v2b_physical_strategy::state_004_t4::stack_block1_on_block3,correct_bt,center_place_bt,0.0,51.8315,52.01614,0.1846400000000017,leave_one_benchmark_out,no_candidate_type
v2b_physical_strategy::state_004_t4::stack_block3_on_block1,correct_bt,corner_place_bt,0.0,52.42519500000001,52.45388500000001,0.02868999999999744,leave_one_benchmark_out,no_candidate_type
v1_supported_by::state_000_t0::place_block3_on_block5,missing_precondition_bt,correct_bt,1.0,154.15366,154.76969,0.616029999999995,leave_one_benchmark_out,no_symbolic_features
v1_supported_by::state_000_t0::place_block1_on_block5,missing_precondition_bt,missing_precondition_bt,1.0,155.38221,155.38221,0.0,leave_one_benchmark_out,no_symbolic_features
v1_supported_by::state_000_t0::place_block2_on_block6,missing_precondition_bt,correct_bt,1.0,155.08305000000001,155.12254499999997,0.039494999999959646,leave_one_benchmark_out,no_symbolic_features
v1_supported_by::state_000_t0::stack_block3_on_block1,missing_precondition_bt,missing_precondition_bt,0.0,53.01372,53.01372,0.0,leave_one_benchmark_out,no_symbolic_features
v1_supported_by::state_001_t1::place_block3_on_block5,missing_precondition_bt,missing_precondition_bt,1.0,153.78701999999998,153.78701999999998,0.0,leave_one_benchmark_out,no_symbolic_features
v1_supported_by::state_001_t1::place_block1_on_block5,missing_precondition_bt,missing_precondition_bt,1.0,153.44245999999998,153.44245999999998,0.0,leave_one_benchmark_out,no_symbolic_features
v1_supported_by::state_001_t1::place_block2_on_block6,missing_precondition_bt,missing_precondition_bt,1.0,155.39746499999998,155.39746499999998,0.0,leave_one_benchmark_out,no_symbolic_features
v1_supported_by::state_001_t1::stack_block3_on_block1,missing_precondition_bt,correct_bt,0.0,52.465675,152.284665,99.81898999999999,leave_one_benchmark_out,no_symbolic_features
v1_supported_by::state_002_t2::place_block3_on_block5,missing_precondition_bt,missing_precondition_bt,1.0,152.837325,152.837325,0.0,leave_one_benchmark_out,no_symbolic_features
v1_supported_by::state_002_t2::place_block1_on_block5,missing_precondition_bt,missing_precondition_bt,1.0,153.367215,153.367215,0.0,leave_one_benchmark_out,no_symbolic_features
v1_supported_by::state_002_t2::place_block2_on_block6,missing_precondition_bt,missing_precondition_bt,1.0,154.40586499999998,154.40586499999998,0.0,leave_one_benchmark_out,no_symbolic_features
v1_supported_by::state_002_t2::stack_block3_on_block1,missing_precondition_bt,missing_precondition_bt,0.0,53.058159999999994,53.058159999999994,0.0,leave_one_benchmark_out,no_symbolic_features
v1_supported_by::state_003_t3::place_block3_on_block5,missing_precondition_bt,missing_precondition_bt,1.0,152.9585,152.9585,0.0,leave_one_benchmark_out,no_symbolic_features
v1_supported_by::state_003_t3::place_block1_on_block5,missing_precondition_bt,missing_precondition_bt,1.0,153.170655,153.170655,0.0,leave_one_benchmark_out,no_symbolic_features
v1_supported_by::state_003_t3::place_block2_on_block6,missing_precondition_bt,missing_precondition_bt,1.0,153.193355,153.193355,0.0,leave_one_benchmark_out,no_symbolic_features
v1_supported_by::state_003_t3::stack_block3_on_block1,missing_precondition_bt,missing_precondition_bt,0.0,52.122009999999996,52.122009999999996,0.0,leave_one_benchmark_out,no_symbolic_features
v1_supported_by::state_004_t4::place_block3_on_block5,missing_precondition_bt,missing_precondition_bt,1.0,153.212055,153.212055,0.0,leave_one_benchmark_out,no_symbolic_features
v1_supported_by::state_004_t4::place_block1_on_block5,missing_precondition_bt,missing_precondition_bt,1.0,152.95333,152.95333,0.0,leave_one_benchmark_out,no_symbolic_features
v1_supported_by::state_004_t4::place_block2_on_block6,missing_precondition_bt,correct_bt,1.0,152.83695999999998,152.91567,0.07871000000002937,leave_one_benchmark_out,no_symbolic_features
v1_supported_by::state_004_t4::stack_block3_on_block1,missing_precondition_bt,missing_precondition_bt,0.0,52.50782,52.50782,0.0,leave_one_benchmark_out,no_symbolic_features
v2_stacking_probe::state_000_t0::place_block3_on_block5,missing_precondition_bt,missing_precondition_bt,1.0,155.51667,155.51667,0.0,leave_one_benchmark_out,no_symbolic_features
v2_stacking_probe::state_000_t0::place_block1_on_block5,missing_precondition_bt,missing_precondition_bt,1.0,154.09874,154.09874,0.0,leave_one_benchmark_out,no_symbolic_features
v2_stacking_probe::state_000_t0::place_block2_on_block6,missing_precondition_bt,missing_precondition_bt,1.0,155.06958,155.06958,0.0,leave_one_benchmark_out,no_symbolic_features
v2_stacking_probe::state_000_t0::stack_block3_on_block1,missing_precondition_bt,correct_bt,0.0,53.217335,53.58803500000001,0.3707000000000136,leave_one_benchmark_out,no_symbolic_features
v2_stacking_probe::state_000_t0::stack_block1_on_block3,missing_precondition_bt,missing_precondition_bt,0.0,53.34975000000001,53.34975000000001,0.0,leave_one_benchmark_out,no_symbolic_features
v2_stacking_probe::state_000_t0::stack_block2_on_block1,missing_precondition_bt,missing_precondition_bt,0.0,54.67318500000001,54.67318500000001,0.0,leave_one_benchmark_out,no_symbolic_features
v2_stacking_probe::state_000_t0::stack_block4_on_block1,missing_precondition_bt,correct_bt,0.0,53.26951999999999,54.844355,1.5748350000000073,leave_one_benchmark_out,no_symbolic_features
v2_stacking_probe::state_000_t0::stack_block3_on_block2,missing_precondition_bt,missing_precondition_bt,0.0,54.023864999999994,54.023864999999994,0.0,leave_one_benchmark_out,no_symbolic_features
v2_stacking_probe::state_001_t1::place_block3_on_block5,missing_precondition_bt,missing_precondition_bt,1.0,153.637755,153.637755,0.0,leave_one_benchmark_out,no_symbolic_features
v2_stacking_probe::state_001_t1::place_block1_on_block5,missing_precondition_bt,correct_bt,1.0,153.109245,153.15418,0.044935000000009495,leave_one_benchmark_out,no_symbolic_features
v2_stacking_probe::state_001_t1::place_block2_on_block6,missing_precondition_bt,correct_bt,1.0,153.84969,154.263415,0.41372499999999945,leave_one_benchmark_out,no_symbolic_features
v2_stacking_probe::state_001_t1::stack_block3_on_block1,missing_precondition_bt,missing_precondition_bt,0.0,52.16401500000001,52.16401500000001,0.0,leave_one_benchmark_out,no_symbolic_features
v2_stacking_probe::state_001_t1::stack_block1_on_block3,missing_precondition_bt,correct_bt,0.0,52.324885,52.36842500000001,0.04354000000000724,leave_one_benchmark_out,no_symbolic_features
v2_stacking_probe::state_001_t1::stack_block2_on_block1,missing_precondition_bt,missing_precondition_bt,0.0,54.332580000000014,54.332580000000014,0.0,leave_one_benchmark_out,no_symbolic_features
v2_stacking_probe::state_001_t1::stack_block4_on_block1,missing_precondition_bt,correct_bt,0.0,52.08799,52.320879999999995,0.2328899999999976,leave_one_benchmark_out,no_symbolic_features
v2_stacking_probe::state_001_t1::stack_block3_on_block2,missing_precondition_bt,missing_precondition_bt,0.0,52.62513500000001,52.62513500000001,0.0,leave_one_benchmark_out,no_symbolic_features
v2_stacking_probe::state_002_t2::place_block3_on_block5,missing_precondition_bt,missing_precondition_bt,1.0,153.66851999999997,153.66851999999997,0.0,leave_one_benchmark_out,no_symbolic_features
v2_stacking_probe::state_002_t2::place_block1_on_block5,missing_precondition_bt,missing_precondition_bt,1.0,153.49909499999998,153.49909499999998,0.0,leave_one_benchmark_out,no_symbolic_features
v2_stacking_probe::state_002_t2::place_block2_on_block6,missing_precondition_bt,missing_precondition_bt,1.0,154.400895,154.400895,0.0,leave_one_benchmark_out,no_symbolic_features
v2_stacking_probe::state_002_t2::stack_block3_on_block1,missing_precondition_bt,missing_precondition_bt,0.0,52.167970000000004,52.167970000000004,0.0,leave_one_benchmark_out,no_symbolic_features
v2_stacking_probe::state_002_t2::stack_block1_on_block3,missing_precondition_bt,correct_bt,0.0,53.48891,152.50336,99.01444999999998,leave_one_benchmark_out,no_symbolic_features
v2_stacking_probe::state_002_t2::stack_block2_on_block1,missing_precondition_bt,missing_precondition_bt,0.0,53.06869,53.06869,0.0,leave_one_benchmark_out,no_symbolic_features
v2_stacking_probe::state_002_t2::stack_block4_on_block1,missing_precondition_bt,correct_bt,0.0,52.16233999999999,52.195924999999995,0.033585000000002196,leave_one_benchmark_out,no_symbolic_features
v2_stacking_probe::state_002_t2::stack_block3_on_block2,missing_precondition_bt,missing_precondition_bt,0.0,52.75409,52.75409,0.0,leave_one_benchmark_out,no_symbolic_features
v2_stacking_probe::state_003_t3::place_block3_on_block5,missing_precondition_bt,correct_bt,1.0,152.95591,152.98246,0.026550000000014506,leave_one_benchmark_out,no_symbolic_features
v2_stacking_probe::state_003_t3::place_block1_on_block5,missing_precondition_bt,missing_precondition_bt,1.0,152.9511,152.9511,0.0,leave_one_benchmark_out,no_symbolic_features
v2_stacking_probe::state_003_t3::place_block2_on_block6,missing_precondition_bt,missing_precondition_bt,1.0,154.298035,154.298035,0.0,leave_one_benchmark_out,no_symbolic_features
v2_stacking_probe::state_003_t3::stack_block3_on_block1,missing_precondition_bt,missing_precondition_bt,0.0,52.62147000000001,52.62147000000001,0.0,leave_one_benchmark_out,no_symbolic_features
v2_stacking_probe::state_003_t3::stack_block1_on_block3,missing_precondition_bt,missing_precondition_bt,0.0,52.899449999999995,52.899449999999995,0.0,leave_one_benchmark_out,no_symbolic_features
v2_stacking_probe::state_003_t3::stack_block2_on_block1,missing_precondition_bt,missing_precondition_bt,0.0,53.440715000000004,53.440715000000004,0.0,leave_one_benchmark_out,no_symbolic_features
v2_stacking_probe::state_003_t3::stack_block4_on_block1,missing_precondition_bt,correct_bt,0.0,52.00723999999999,52.184525,0.1772850000000119,leave_one_benchmark_out,no_symbolic_features
v2_stacking_probe::state_003_t3::stack_block3_on_block2,missing_precondition_bt,correct_bt,0.0,52.062734999999996,52.47686000000001,0.41412500000001273,leave_one_benchmark_out,no_symbolic_features
v2_stacking_probe::state_004_t4::place_block3_on_block5,missing_precondition_bt,missing_precondition_bt,1.0,152.93769999999998,152.93769999999998,0.0,leave_one_benchmark_out,no_symbolic_features
v2_stacking_probe::state_004_t4::place_block1_on_block5,missing_precondition_bt,missing_precondition_bt,1.0,153.72714,153.72714,0.0,leave_one_benchmark_out,no_symbolic_features
v2_stacking_probe::state_004_t4::place_block2_on_block6,missing_precondition_bt,missing_precondition_bt,1.0,153.55688,153.55688,0.0,leave_one_benchmark_out,no_symbolic_features
v2_stacking_probe::state_004_t4::stack_block3_on_block1,missing_precondition_bt,missing_precondition_bt,0.0,52.81371000000001,52.81371000000001,0.0,leave_one_benchmark_out,no_symbolic_features
v2_stacking_probe::state_004_t4::stack_block1_on_block3,missing_precondition_bt,correct_bt,0.0,52.168195000000004,52.332585,0.16438999999999737,leave_one_benchmark_out,no_symbolic_features
v2_stacking_probe::state_004_t4::stack_block2_on_block1,missing_precondition_bt,missing_precondition_bt,0.0,52.99184499999999,52.99184499999999,0.0,leave_one_benchmark_out,no_symbolic_features
v2_stacking_probe::state_004_t4::stack_block4_on_block1,missing_precondition_bt,missing_precondition_bt,0.0,52.53132,52.53132,0.0,leave_one_benchmark_out,no_symbolic_features
v2_stacking_probe::state_004_t4::stack_block3_on_block2,missing_precondition_bt,missing_precondition_bt,0.0,52.53896500000001,52.53896500000001,0.0,leave_one_benchmark_out,no_symbolic_features
v2b_physical_strategy::state_000_t0::place_block3_on_block5,correct_bt,center_place_bt,1.0,153.505955,154.540805,1.0348500000000058,leave_one_benchmark_out,no_symbolic_features
v2b_physical_strategy::state_000_t0::place_block1_on_block5,correct_bt,edge_place_bt,1.0,154.77248,154.814875,0.04239499999999907,leave_one_benchmark_out,no_symbolic_features
v2b_physical_strategy::state_000_t0::stack_block1_on_block3,correct_bt,corner_place_bt,0.0,53.552434999999996,53.63685,0.08441500000000701,leave_one_benchmark_out,no_symbolic_features
v2b_physical_strategy::state_000_t0::stack_block3_on_block1,correct_bt,correct_bt,0.0,55.07473500000001,55.07473500000001,0.0,leave_one_benchmark_out,no_symbolic_features
v2b_physical_strategy::state_001_t1::place_block3_on_block5,correct_bt,center_place_bt,1.0,152.099175,153.143105,1.043929999999989,leave_one_benchmark_out,no_symbolic_features
v2b_physical_strategy::state_001_t1::place_block1_on_block5,correct_bt,corner_place_bt,1.0,152.485,153.23799,0.7529899999999827,leave_one_benchmark_out,no_symbolic_features
v2b_physical_strategy::state_001_t1::stack_block1_on_block3,correct_bt,far_offset_bt,0.0,51.702225000000006,52.62006,0.9178349999999966,leave_one_benchmark_out,no_symbolic_features
v2b_physical_strategy::state_001_t1::stack_block3_on_block1,correct_bt,far_offset_bt,0.0,51.80738999999999,53.114084999999996,1.3066950000000048,leave_one_benchmark_out,no_symbolic_features
v2b_physical_strategy::state_002_t2::place_block3_on_block5,correct_bt,center_place_bt,1.0,152.280945,153.321175,1.0402300000000082,leave_one_benchmark_out,no_symbolic_features
v2b_physical_strategy::state_002_t2::place_block1_on_block5,correct_bt,edge_place_bt,1.0,152.66660499999998,153.22376,0.5571550000000229,leave_one_benchmark_out,no_symbolic_features
v2b_physical_strategy::state_002_t2::stack_block1_on_block3,correct_bt,over_edge_bt,0.0,52.0165,153.20096,101.18446,leave_one_benchmark_out,no_symbolic_features
v2b_physical_strategy::state_002_t2::stack_block3_on_block1,correct_bt,correct_bt,0.0,52.46297499999999,52.46297499999999,0.0,leave_one_benchmark_out,no_symbolic_features
v2b_physical_strategy::state_003_t3::place_block3_on_block5,correct_bt,corner_place_bt,1.0,152.43555,152.451895,0.016345000000001164,leave_one_benchmark_out,no_symbolic_features
v2b_physical_strategy::state_003_t3::place_block1_on_block5,correct_bt,edge_place_bt,1.0,152.734095,153.30749999999998,0.5734049999999797,leave_one_benchmark_out,no_symbolic_features
v2b_physical_strategy::state_003_t3::stack_block1_on_block3,correct_bt,corner_place_bt,0.0,52.011635000000005,52.24962,0.23798499999999478,leave_one_benchmark_out,no_symbolic_features
v2b_physical_strategy::state_003_t3::stack_block3_on_block1,correct_bt,edge_place_bt,0.0,51.907085,52.101045000000006,0.19396000000000413,leave_one_benchmark_out,no_symbolic_features
v2b_physical_strategy::state_004_t4::place_block3_on_block5,correct_bt,center_place_bt,1.0,153.126685,153.242075,0.11538999999999078,leave_one_benchmark_out,no_symbolic_features
v2b_physical_strategy::state_004_t4::place_block1_on_block5,correct_bt,center_place_bt,1.0,152.80485,153.324175,0.5193250000000091,leave_one_benchmark_out,no_symbolic_features
v2b_physical_strategy::state_004_t4::stack_block1_on_block3,correct_bt,center_place_bt,0.0,51.8315,52.01614,0.1846400000000017,leave_one_benchmark_out,no_symbolic_features
v2b_physical_strategy::state_004_t4::stack_block3_on_block1,correct_bt,corner_place_bt,0.0,52.42519500000001,52.45388500000001,0.02868999999999744,leave_one_benchmark_out,no_symbolic_features
v1_supported_by::state_000_t0::place_block3_on_block5,missing_precondition_bt,correct_bt,1.0,154.15366,154.76969,0.616029999999995,leave_one_benchmark_out,no_benchmark_id
v1_supported_by::state_000_t0::place_block1_on_block5,missing_precondition_bt,missing_precondition_bt,1.0,155.38221,155.38221,0.0,leave_one_benchmark_out,no_benchmark_id
v1_supported_by::state_000_t0::place_block2_on_block6,missing_precondition_bt,correct_bt,1.0,155.08305000000001,155.12254499999997,0.039494999999959646,leave_one_benchmark_out,no_benchmark_id
v1_supported_by::state_000_t0::stack_block3_on_block1,missing_precondition_bt,missing_precondition_bt,0.0,53.01372,53.01372,0.0,leave_one_benchmark_out,no_benchmark_id
v1_supported_by::state_001_t1::place_block3_on_block5,missing_precondition_bt,missing_precondition_bt,1.0,153.78701999999998,153.78701999999998,0.0,leave_one_benchmark_out,no_benchmark_id
v1_supported_by::state_001_t1::place_block1_on_block5,missing_precondition_bt,missing_precondition_bt,1.0,153.44245999999998,153.44245999999998,0.0,leave_one_benchmark_out,no_benchmark_id
v1_supported_by::state_001_t1::place_block2_on_block6,missing_precondition_bt,missing_precondition_bt,1.0,155.39746499999998,155.39746499999998,0.0,leave_one_benchmark_out,no_benchmark_id
v1_supported_by::state_001_t1::stack_block3_on_block1,correct_bt,correct_bt,1.0,152.284665,152.284665,0.0,leave_one_benchmark_out,no_benchmark_id
v1_supported_by::state_002_t2::place_block3_on_block5,missing_precondition_bt,missing_precondition_bt,1.0,152.837325,152.837325,0.0,leave_one_benchmark_out,no_benchmark_id
v1_supported_by::state_002_t2::place_block1_on_block5,missing_precondition_bt,missing_precondition_bt,1.0,153.367215,153.367215,0.0,leave_one_benchmark_out,no_benchmark_id
v1_supported_by::state_002_t2::place_block2_on_block6,missing_precondition_bt,missing_precondition_bt,1.0,154.40586499999998,154.40586499999998,0.0,leave_one_benchmark_out,no_benchmark_id
v1_supported_by::state_002_t2::stack_block3_on_block1,missing_precondition_bt,missing_precondition_bt,0.0,53.058159999999994,53.058159999999994,0.0,leave_one_benchmark_out,no_benchmark_id
v1_supported_by::state_003_t3::place_block3_on_block5,missing_precondition_bt,missing_precondition_bt,1.0,152.9585,152.9585,0.0,leave_one_benchmark_out,no_benchmark_id
v1_supported_by::state_003_t3::place_block1_on_block5,missing_precondition_bt,missing_precondition_bt,1.0,153.170655,153.170655,0.0,leave_one_benchmark_out,no_benchmark_id
v1_supported_by::state_003_t3::place_block2_on_block6,missing_precondition_bt,missing_precondition_bt,1.0,153.193355,153.193355,0.0,leave_one_benchmark_out,no_benchmark_id
v1_supported_by::state_003_t3::stack_block3_on_block1,missing_precondition_bt,missing_precondition_bt,0.0,52.122009999999996,52.122009999999996,0.0,leave_one_benchmark_out,no_benchmark_id
v1_supported_by::state_004_t4::place_block3_on_block5,missing_precondition_bt,missing_precondition_bt,1.0,153.212055,153.212055,0.0,leave_one_benchmark_out,no_benchmark_id
v1_supported_by::state_004_t4::place_block1_on_block5,missing_precondition_bt,missing_precondition_bt,1.0,152.95333,152.95333,0.0,leave_one_benchmark_out,no_benchmark_id
v1_supported_by::state_004_t4::place_block2_on_block6,missing_precondition_bt,correct_bt,1.0,152.83695999999998,152.91567,0.07871000000002937,leave_one_benchmark_out,no_benchmark_id
v1_supported_by::state_004_t4::stack_block3_on_block1,missing_precondition_bt,missing_precondition_bt,0.0,52.50782,52.50782,0.0,leave_one_benchmark_out,no_benchmark_id
v2_stacking_probe::state_000_t0::place_block3_on_block5,missing_precondition_bt,missing_precondition_bt,1.0,155.51667,155.51667,0.0,leave_one_benchmark_out,no_benchmark_id
v2_stacking_probe::state_000_t0::place_block1_on_block5,missing_precondition_bt,missing_precondition_bt,1.0,154.09874,154.09874,0.0,leave_one_benchmark_out,no_benchmark_id
v2_stacking_probe::state_000_t0::place_block2_on_block6,missing_precondition_bt,missing_precondition_bt,1.0,155.06958,155.06958,0.0,leave_one_benchmark_out,no_benchmark_id
v2_stacking_probe::state_000_t0::stack_block3_on_block1,missing_precondition_bt,correct_bt,0.0,53.217335,53.58803500000001,0.3707000000000136,leave_one_benchmark_out,no_benchmark_id
v2_stacking_probe::state_000_t0::stack_block1_on_block3,missing_precondition_bt,missing_precondition_bt,0.0,53.34975000000001,53.34975000000001,0.0,leave_one_benchmark_out,no_benchmark_id
v2_stacking_probe::state_000_t0::stack_block2_on_block1,missing_precondition_bt,missing_precondition_bt,0.0,54.67318500000001,54.67318500000001,0.0,leave_one_benchmark_out,no_benchmark_id
v2_stacking_probe::state_000_t0::stack_block4_on_block1,missing_precondition_bt,correct_bt,0.0,53.26951999999999,54.844355,1.5748350000000073,leave_one_benchmark_out,no_benchmark_id
v2_stacking_probe::state_000_t0::stack_block3_on_block2,missing_precondition_bt,missing_precondition_bt,0.0,54.023864999999994,54.023864999999994,0.0,leave_one_benchmark_out,no_benchmark_id
v2_stacking_probe::state_001_t1::place_block3_on_block5,missing_precondition_bt,missing_precondition_bt,1.0,153.637755,153.637755,0.0,leave_one_benchmark_out,no_benchmark_id
v2_stacking_probe::state_001_t1::place_block1_on_block5,missing_precondition_bt,correct_bt,1.0,153.109245,153.15418,0.044935000000009495,leave_one_benchmark_out,no_benchmark_id
v2_stacking_probe::state_001_t1::place_block2_on_block6,missing_precondition_bt,correct_bt,1.0,153.84969,154.263415,0.41372499999999945,leave_one_benchmark_out,no_benchmark_id
v2_stacking_probe::state_001_t1::stack_block3_on_block1,missing_precondition_bt,missing_precondition_bt,0.0,52.16401500000001,52.16401500000001,0.0,leave_one_benchmark_out,no_benchmark_id
v2_stacking_probe::state_001_t1::stack_block1_on_block3,missing_precondition_bt,correct_bt,0.0,52.324885,52.36842500000001,0.04354000000000724,leave_one_benchmark_out,no_benchmark_id
v2_stacking_probe::state_001_t1::stack_block2_on_block1,missing_precondition_bt,missing_precondition_bt,0.0,54.332580000000014,54.332580000000014,0.0,leave_one_benchmark_out,no_benchmark_id
v2_stacking_probe::state_001_t1::stack_block4_on_block1,missing_precondition_bt,correct_bt,0.0,52.08799,52.320879999999995,0.2328899999999976,leave_one_benchmark_out,no_benchmark_id
v2_stacking_probe::state_001_t1::stack_block3_on_block2,missing_precondition_bt,missing_precondition_bt,0.0,52.62513500000001,52.62513500000001,0.0,leave_one_benchmark_out,no_benchmark_id
v2_stacking_probe::state_002_t2::place_block3_on_block5,missing_precondition_bt,missing_precondition_bt,1.0,153.66851999999997,153.66851999999997,0.0,leave_one_benchmark_out,no_benchmark_id
v2_stacking_probe::state_002_t2::place_block1_on_block5,missing_precondition_bt,missing_precondition_bt,1.0,153.49909499999998,153.49909499999998,0.0,leave_one_benchmark_out,no_benchmark_id
v2_stacking_probe::state_002_t2::place_block2_on_block6,missing_precondition_bt,missing_precondition_bt,1.0,154.400895,154.400895,0.0,leave_one_benchmark_out,no_benchmark_id
v2_stacking_probe::state_002_t2::stack_block3_on_block1,missing_precondition_bt,missing_precondition_bt,0.0,52.167970000000004,52.167970000000004,0.0,leave_one_benchmark_out,no_benchmark_id
v2_stacking_probe::state_002_t2::stack_block1_on_block3,correct_bt,correct_bt,1.0,152.50336,152.50336,0.0,leave_one_benchmark_out,no_benchmark_id
v2_stacking_probe::state_002_t2::stack_block2_on_block1,missing_precondition_bt,missing_precondition_bt,0.0,53.06869,53.06869,0.0,leave_one_benchmark_out,no_benchmark_id
v2_stacking_probe::state_002_t2::stack_block4_on_block1,missing_precondition_bt,correct_bt,0.0,52.16233999999999,52.195924999999995,0.033585000000002196,leave_one_benchmark_out,no_benchmark_id
v2_stacking_probe::state_002_t2::stack_block3_on_block2,missing_precondition_bt,missing_precondition_bt,0.0,52.75409,52.75409,0.0,leave_one_benchmark_out,no_benchmark_id
v2_stacking_probe::state_003_t3::place_block3_on_block5,missing_precondition_bt,correct_bt,1.0,152.95591,152.98246,0.026550000000014506,leave_one_benchmark_out,no_benchmark_id
v2_stacking_probe::state_003_t3::place_block1_on_block5,missing_precondition_bt,missing_precondition_bt,1.0,152.9511,152.9511,0.0,leave_one_benchmark_out,no_benchmark_id
v2_stacking_probe::state_003_t3::place_block2_on_block6,missing_precondition_bt,missing_precondition_bt,1.0,154.298035,154.298035,0.0,leave_one_benchmark_out,no_benchmark_id
v2_stacking_probe::state_003_t3::stack_block3_on_block1,missing_precondition_bt,missing_precondition_bt,0.0,52.62147000000001,52.62147000000001,0.0,leave_one_benchmark_out,no_benchmark_id
v2_stacking_probe::state_003_t3::stack_block1_on_block3,missing_precondition_bt,missing_precondition_bt,0.0,52.899449999999995,52.899449999999995,0.0,leave_one_benchmark_out,no_benchmark_id
v2_stacking_probe::state_003_t3::stack_block2_on_block1,missing_precondition_bt,missing_precondition_bt,0.0,53.440715000000004,53.440715000000004,0.0,leave_one_benchmark_out,no_benchmark_id
v2_stacking_probe::state_003_t3::stack_block4_on_block1,missing_precondition_bt,correct_bt,0.0,52.00723999999999,52.184525,0.1772850000000119,leave_one_benchmark_out,no_benchmark_id
v2_stacking_probe::state_003_t3::stack_block3_on_block2,missing_precondition_bt,correct_bt,0.0,52.062734999999996,52.47686000000001,0.41412500000001273,leave_one_benchmark_out,no_benchmark_id
v2_stacking_probe::state_004_t4::place_block3_on_block5,missing_precondition_bt,missing_precondition_bt,1.0,152.93769999999998,152.93769999999998,0.0,leave_one_benchmark_out,no_benchmark_id
v2_stacking_probe::state_004_t4::place_block1_on_block5,missing_precondition_bt,missing_precondition_bt,1.0,153.72714,153.72714,0.0,leave_one_benchmark_out,no_benchmark_id
v2_stacking_probe::state_004_t4::place_block2_on_block6,missing_precondition_bt,missing_precondition_bt,1.0,153.55688,153.55688,0.0,leave_one_benchmark_out,no_benchmark_id
v2_stacking_probe::state_004_t4::stack_block3_on_block1,missing_precondition_bt,missing_precondition_bt,0.0,52.81371000000001,52.81371000000001,0.0,leave_one_benchmark_out,no_benchmark_id
v2_stacking_probe::state_004_t4::stack_block1_on_block3,missing_precondition_bt,correct_bt,0.0,52.168195000000004,52.332585,0.16438999999999737,leave_one_benchmark_out,no_benchmark_id
v2_stacking_probe::state_004_t4::stack_block2_on_block1,missing_precondition_bt,missing_precondition_bt,0.0,52.99184499999999,52.99184499999999,0.0,leave_one_benchmark_out,no_benchmark_id
v2_stacking_probe::state_004_t4::stack_block4_on_block1,missing_precondition_bt,missing_precondition_bt,0.0,52.53132,52.53132,0.0,leave_one_benchmark_out,no_benchmark_id
v2_stacking_probe::state_004_t4::stack_block3_on_block2,missing_precondition_bt,missing_precondition_bt,0.0,52.53896500000001,52.53896500000001,0.0,leave_one_benchmark_out,no_benchmark_id
v2b_physical_strategy::state_000_t0::place_block3_on_block5,correct_bt,center_place_bt,1.0,153.505955,154.540805,1.0348500000000058,leave_one_benchmark_out,no_benchmark_id
v2b_physical_strategy::state_000_t0::place_block1_on_block5,correct_bt,edge_place_bt,1.0,154.77248,154.814875,0.04239499999999907,leave_one_benchmark_out,no_benchmark_id
v2b_physical_strategy::state_000_t0::stack_block1_on_block3,correct_bt,corner_place_bt,0.0,53.552434999999996,53.63685,0.08441500000000701,leave_one_benchmark_out,no_benchmark_id
v2b_physical_strategy::state_000_t0::stack_block3_on_block1,correct_bt,correct_bt,0.0,55.07473500000001,55.07473500000001,0.0,leave_one_benchmark_out,no_benchmark_id
v2b_physical_strategy::state_001_t1::place_block3_on_block5,correct_bt,center_place_bt,1.0,152.099175,153.143105,1.043929999999989,leave_one_benchmark_out,no_benchmark_id
v2b_physical_strategy::state_001_t1::place_block1_on_block5,correct_bt,corner_place_bt,1.0,152.485,153.23799,0.7529899999999827,leave_one_benchmark_out,no_benchmark_id
v2b_physical_strategy::state_001_t1::stack_block1_on_block3,correct_bt,far_offset_bt,0.0,51.702225000000006,52.62006,0.9178349999999966,leave_one_benchmark_out,no_benchmark_id
v2b_physical_strategy::state_001_t1::stack_block3_on_block1,correct_bt,far_offset_bt,0.0,51.80738999999999,53.114084999999996,1.3066950000000048,leave_one_benchmark_out,no_benchmark_id
v2b_physical_strategy::state_002_t2::place_block3_on_block5,correct_bt,center_place_bt,1.0,152.280945,153.321175,1.0402300000000082,leave_one_benchmark_out,no_benchmark_id
v2b_physical_strategy::state_002_t2::place_block1_on_block5,correct_bt,edge_place_bt,1.0,152.66660499999998,153.22376,0.5571550000000229,leave_one_benchmark_out,no_benchmark_id
v2b_physical_strategy::state_002_t2::stack_block1_on_block3,over_edge_bt,over_edge_bt,1.0,153.20096,153.20096,0.0,leave_one_benchmark_out,no_benchmark_id
v2b_physical_strategy::state_002_t2::stack_block3_on_block1,correct_bt,correct_bt,0.0,52.46297499999999,52.46297499999999,0.0,leave_one_benchmark_out,no_benchmark_id
v2b_physical_strategy::state_003_t3::place_block3_on_block5,correct_bt,corner_place_bt,1.0,152.43555,152.451895,0.016345000000001164,leave_one_benchmark_out,no_benchmark_id
v2b_physical_strategy::state_003_t3::place_block1_on_block5,correct_bt,edge_place_bt,1.0,152.734095,153.30749999999998,0.5734049999999797,leave_one_benchmark_out,no_benchmark_id
v2b_physical_strategy::state_003_t3::stack_block1_on_block3,correct_bt,corner_place_bt,0.0,52.011635000000005,52.24962,0.23798499999999478,leave_one_benchmark_out,no_benchmark_id
v2b_physical_strategy::state_003_t3::stack_block3_on_block1,correct_bt,edge_place_bt,0.0,51.907085,52.101045000000006,0.19396000000000413,leave_one_benchmark_out,no_benchmark_id
v2b_physical_strategy::state_004_t4::place_block3_on_block5,correct_bt,center_place_bt,1.0,153.126685,153.242075,0.11538999999999078,leave_one_benchmark_out,no_benchmark_id
v2b_physical_strategy::state_004_t4::place_block1_on_block5,correct_bt,center_place_bt,1.0,152.80485,153.324175,0.5193250000000091,leave_one_benchmark_out,no_benchmark_id
v2b_physical_strategy::state_004_t4::stack_block1_on_block3,correct_bt,center_place_bt,0.0,51.8315,52.01614,0.1846400000000017,leave_one_benchmark_out,no_benchmark_id
v2b_physical_strategy::state_004_t4::stack_block3_on_block1,correct_bt,corner_place_bt,0.0,52.42519500000001,52.45388500000001,0.02868999999999744,leave_one_benchmark_out,no_benchmark_id
v1_supported_by::state_000_t0::place_block3_on_block5,correct_bt,correct_bt,1.0,154.76969,154.76969,0.0,leave_one_benchmark_out,task_world_only
v1_supported_by::state_000_t0::place_block1_on_block5,correct_bt,missing_precondition_bt,1.0,154.31445,155.38221,1.0677599999999927,leave_one_benchmark_out,task_world_only
v1_supported_by::state_000_t0::place_block2_on_block6,correct_bt,correct_bt,1.0,155.12254499999997,155.12254499999997,0.0,leave_one_benchmark_out,task_world_only
v1_supported_by::state_000_t0::stack_block3_on_block1,correct_bt,missing_precondition_bt,0.0,52.5588,53.01372,0.4549200000000013,leave_one_benchmark_out,task_world_only
v1_supported_by::state_001_t1::place_block3_on_block5,correct_bt,missing_precondition_bt,1.0,152.792105,153.78701999999998,0.9949149999999918,leave_one_benchmark_out,task_world_only
v1_supported_by::state_001_t1::place_block1_on_block5,correct_bt,missing_precondition_bt,1.0,152.49212,153.44245999999998,0.9503399999999829,leave_one_benchmark_out,task_world_only
v1_supported_by::state_001_t1::place_block2_on_block6,correct_bt,missing_precondition_bt,1.0,154.12258,155.39746499999998,1.2748849999999834,leave_one_benchmark_out,task_world_only
v1_supported_by::state_001_t1::stack_block3_on_block1,correct_bt,correct_bt,1.0,152.284665,152.284665,0.0,leave_one_benchmark_out,task_world_only
v1_supported_by::state_002_t2::place_block3_on_block5,correct_bt,missing_precondition_bt,1.0,152.50626999999997,152.837325,0.3310550000000205,leave_one_benchmark_out,task_world_only
v1_supported_by::state_002_t2::place_block1_on_block5,correct_bt,missing_precondition_bt,1.0,153.342585,153.367215,0.024629999999973506,leave_one_benchmark_out,task_world_only
v1_supported_by::state_002_t2::place_block2_on_block6,correct_bt,missing_precondition_bt,1.0,153.36935,154.40586499999998,1.03651499999998,leave_one_benchmark_out,task_world_only
v1_supported_by::state_002_t2::stack_block3_on_block1,correct_bt,missing_precondition_bt,0.0,52.098795,53.058159999999994,0.9593649999999911,leave_one_benchmark_out,task_world_only
v1_supported_by::state_003_t3::place_block3_on_block5,correct_bt,missing_precondition_bt,1.0,152.88947499999998,152.9585,0.06902500000001055,leave_one_benchmark_out,task_world_only
v1_supported_by::state_003_t3::place_block1_on_block5,correct_bt,missing_precondition_bt,1.0,152.62785499999998,153.170655,0.5428000000000281,leave_one_benchmark_out,task_world_only
v1_supported_by::state_003_t3::place_block2_on_block6,correct_bt,missing_precondition_bt,1.0,153.023125,153.193355,0.17023000000000366,leave_one_benchmark_out,task_world_only
v1_supported_by::state_003_t3::stack_block3_on_block1,correct_bt,missing_precondition_bt,0.0,52.016445,52.122009999999996,0.10556499999999858,leave_one_benchmark_out,task_world_only
v1_supported_by::state_004_t4::place_block3_on_block5,correct_bt,missing_precondition_bt,1.0,152.913115,153.212055,0.29893999999998755,leave_one_benchmark_out,task_world_only
v1_supported_by::state_004_t4::place_block1_on_block5,correct_bt,missing_precondition_bt,1.0,152.169515,152.95333,0.7838150000000041,leave_one_benchmark_out,task_world_only
v1_supported_by::state_004_t4::place_block2_on_block6,correct_bt,correct_bt,1.0,152.91567,152.91567,0.0,leave_one_benchmark_out,task_world_only
v1_supported_by::state_004_t4::stack_block3_on_block1,correct_bt,missing_precondition_bt,0.0,52.166059999999995,52.50782,0.34176000000000784,leave_one_benchmark_out,task_world_only
v2_stacking_probe::state_000_t0::place_block3_on_block5,correct_bt,missing_precondition_bt,1.0,155.101575,155.51667,0.415095000000008,leave_one_benchmark_out,task_world_only
v2_stacking_probe::state_000_t0::place_block1_on_block5,correct_bt,missing_precondition_bt,1.0,153.37471,154.09874,0.7240299999999991,leave_one_benchmark_out,task_world_only
v2_stacking_probe::state_000_t0::place_block2_on_block6,correct_bt,missing_precondition_bt,1.0,154.44171,155.06958,0.6278700000000015,leave_one_benchmark_out,task_world_only
v2_stacking_probe::state_000_t0::stack_block3_on_block1,correct_bt,correct_bt,0.0,53.58803500000001,53.58803500000001,0.0,leave_one_benchmark_out,task_world_only
v2_stacking_probe::state_000_t0::stack_block1_on_block3,correct_bt,missing_precondition_bt,0.0,53.072075000000005,53.34975000000001,0.2776750000000021,leave_one_benchmark_out,task_world_only
v2_stacking_probe::state_000_t0::stack_block2_on_block1,correct_bt,missing_precondition_bt,0.0,54.017779999999995,54.67318500000001,0.655405000000016,leave_one_benchmark_out,task_world_only
v2_stacking_probe::state_000_t0::stack_block4_on_block1,correct_bt,correct_bt,0.0,54.844355,54.844355,0.0,leave_one_benchmark_out,task_world_only
v2_stacking_probe::state_000_t0::stack_block3_on_block2,correct_bt,missing_precondition_bt,0.0,53.387015,54.023864999999994,0.6368499999999955,leave_one_benchmark_out,task_world_only
v2_stacking_probe::state_001_t1::place_block3_on_block5,correct_bt,missing_precondition_bt,1.0,152.923885,153.637755,0.7138699999999858,leave_one_benchmark_out,task_world_only
v2_stacking_probe::state_001_t1::place_block1_on_block5,correct_bt,correct_bt,1.0,153.15418,153.15418,0.0,leave_one_benchmark_out,task_world_only
v2_stacking_probe::state_001_t1::place_block2_on_block6,correct_bt,correct_bt,1.0,154.263415,154.263415,0.0,leave_one_benchmark_out,task_world_only
v2_stacking_probe::state_001_t1::stack_block3_on_block1,correct_bt,missing_precondition_bt,0.0,51.40027,52.16401500000001,0.7637450000000143,leave_one_benchmark_out,task_world_only
v2_stacking_probe::state_001_t1::stack_block1_on_block3,correct_bt,correct_bt,0.0,52.36842500000001,52.36842500000001,0.0,leave_one_benchmark_out,task_world_only
v2_stacking_probe::state_001_t1::stack_block2_on_block1,correct_bt,missing_precondition_bt,0.0,53.50703000000001,54.332580000000014,0.8255500000000069,leave_one_benchmark_out,task_world_only
v2_stacking_probe::state_001_t1::stack_block4_on_block1,correct_bt,correct_bt,0.0,52.320879999999995,52.320879999999995,0.0,leave_one_benchmark_out,task_world_only
v2_stacking_probe::state_001_t1::stack_block3_on_block2,correct_bt,missing_precondition_bt,0.0,52.375814999999996,52.62513500000001,0.24932000000001153,leave_one_benchmark_out,task_world_only
v2_stacking_probe::state_002_t2::place_block3_on_block5,correct_bt,missing_precondition_bt,1.0,153.060625,153.66851999999997,0.607894999999985,leave_one_benchmark_out,task_world_only
v2_stacking_probe::state_002_t2::place_block1_on_block5,correct_bt,missing_precondition_bt,1.0,153.029355,153.49909499999998,0.4697399999999732,leave_one_benchmark_out,task_world_only
v2_stacking_probe::state_002_t2::place_block2_on_block6,correct_bt,missing_precondition_bt,1.0,153.70653,154.400895,0.6943650000000048,leave_one_benchmark_out,task_world_only
v2_stacking_probe::state_002_t2::stack_block3_on_block1,correct_bt,missing_precondition_bt,0.0,52.13725,52.167970000000004,0.0307200000000023,leave_one_benchmark_out,task_world_only
v2_stacking_probe::state_002_t2::stack_block1_on_block3,correct_bt,correct_bt,1.0,152.50336,152.50336,0.0,leave_one_benchmark_out,task_world_only
v2_stacking_probe::state_002_t2::stack_block2_on_block1,correct_bt,missing_precondition_bt,0.0,52.603355,53.06869,0.46533499999999606,leave_one_benchmark_out,task_world_only
v2_stacking_probe::state_002_t2::stack_block4_on_block1,correct_bt,correct_bt,0.0,52.195924999999995,52.195924999999995,0.0,leave_one_benchmark_out,task_world_only
v2_stacking_probe::state_002_t2::stack_block3_on_block2,correct_bt,missing_precondition_bt,0.0,51.51706000000001,52.75409,1.23702999999999,leave_one_benchmark_out,task_world_only
v2_stacking_probe::state_003_t3::place_block3_on_block5,correct_bt,correct_bt,1.0,152.98246,152.98246,0.0,leave_one_benchmark_out,task_world_only
v2_stacking_probe::state_003_t3::place_block1_on_block5,correct_bt,missing_precondition_bt,1.0,152.506215,152.9511,0.4448849999999993,leave_one_benchmark_out,task_world_only
v2_stacking_probe::state_003_t3::place_block2_on_block6,correct_bt,missing_precondition_bt,1.0,153.70471999999998,154.298035,0.5933150000000182,leave_one_benchmark_out,task_world_only
v2_stacking_probe::state_003_t3::stack_block3_on_block1,correct_bt,missing_precondition_bt,0.0,51.588675,52.62147000000001,1.0327950000000072,leave_one_benchmark_out,task_world_only
v2_stacking_probe::state_003_t3::stack_block1_on_block3,correct_bt,missing_precondition_bt,0.0,51.97726000000001,52.899449999999995,0.9221899999999863,leave_one_benchmark_out,task_world_only
v2_stacking_probe::state_003_t3::stack_block2_on_block1,correct_bt,missing_precondition_bt,0.0,52.353405,53.440715000000004,1.0873100000000022,leave_one_benchmark_out,task_world_only
v2_stacking_probe::state_003_t3::stack_block4_on_block1,correct_bt,correct_bt,0.0,52.184525,52.184525,0.0,leave_one_benchmark_out,task_world_only
v2_stacking_probe::state_003_t3::stack_block3_on_block2,correct_bt,correct_bt,0.0,52.47686000000001,52.47686000000001,0.0,leave_one_benchmark_out,task_world_only
v2_stacking_probe::state_004_t4::place_block3_on_block5,correct_bt,missing_precondition_bt,1.0,152.76073999999997,152.93769999999998,0.17696000000000822,leave_one_benchmark_out,task_world_only
v2_stacking_probe::state_004_t4::place_block1_on_block5,correct_bt,missing_precondition_bt,1.0,152.756135,153.72714,0.971004999999991,leave_one_benchmark_out,task_world_only
v2_stacking_probe::state_004_t4::place_block2_on_block6,correct_bt,missing_precondition_bt,1.0,153.51444,153.55688,0.042439999999999145,leave_one_benchmark_out,task_world_only
v2_stacking_probe::state_004_t4::stack_block3_on_block1,correct_bt,missing_precondition_bt,0.0,51.91159000000001,52.81371000000001,0.9021199999999965,leave_one_benchmark_out,task_world_only
v2_stacking_probe::state_004_t4::stack_block1_on_block3,correct_bt,correct_bt,0.0,52.332585,52.332585,0.0,leave_one_benchmark_out,task_world_only
v2_stacking_probe::state_004_t4::stack_block2_on_block1,correct_bt,missing_precondition_bt,0.0,51.671254999999995,52.99184499999999,1.3205899999999957,leave_one_benchmark_out,task_world_only
v2_stacking_probe::state_004_t4::stack_block4_on_block1,correct_bt,missing_precondition_bt,0.0,51.818310000000004,52.53132,0.713009999999997,leave_one_benchmark_out,task_world_only
v2_stacking_probe::state_004_t4::stack_block3_on_block2,correct_bt,missing_precondition_bt,0.0,52.286870000000015,52.53896500000001,0.25209499999999707,leave_one_benchmark_out,task_world_only
v2b_physical_strategy::state_000_t0::place_block3_on_block5,correct_bt,center_place_bt,1.0,153.505955,154.540805,1.0348500000000058,leave_one_benchmark_out,task_world_only
v2b_physical_strategy::state_000_t0::place_block1_on_block5,correct_bt,edge_place_bt,1.0,154.77248,154.814875,0.04239499999999907,leave_one_benchmark_out,task_world_only
v2b_physical_strategy::state_000_t0::stack_block1_on_block3,correct_bt,corner_place_bt,0.0,53.552434999999996,53.63685,0.08441500000000701,leave_one_benchmark_out,task_world_only
v2b_physical_strategy::state_000_t0::stack_block3_on_block1,correct_bt,correct_bt,0.0,55.07473500000001,55.07473500000001,0.0,leave_one_benchmark_out,task_world_only
v2b_physical_strategy::state_001_t1::place_block3_on_block5,correct_bt,center_place_bt,1.0,152.099175,153.143105,1.043929999999989,leave_one_benchmark_out,task_world_only
v2b_physical_strategy::state_001_t1::place_block1_on_block5,correct_bt,corner_place_bt,1.0,152.485,153.23799,0.7529899999999827,leave_one_benchmark_out,task_world_only
v2b_physical_strategy::state_001_t1::stack_block1_on_block3,correct_bt,far_offset_bt,0.0,51.702225000000006,52.62006,0.9178349999999966,leave_one_benchmark_out,task_world_only
v2b_physical_strategy::state_001_t1::stack_block3_on_block1,correct_bt,far_offset_bt,0.0,51.80738999999999,53.114084999999996,1.3066950000000048,leave_one_benchmark_out,task_world_only
v2b_physical_strategy::state_002_t2::place_block3_on_block5,correct_bt,center_place_bt,1.0,152.280945,153.321175,1.0402300000000082,leave_one_benchmark_out,task_world_only
v2b_physical_strategy::state_002_t2::place_block1_on_block5,correct_bt,edge_place_bt,1.0,152.66660499999998,153.22376,0.5571550000000229,leave_one_benchmark_out,task_world_only
v2b_physical_strategy::state_002_t2::stack_block1_on_block3,correct_bt,over_edge_bt,0.0,52.0165,153.20096,101.18446,leave_one_benchmark_out,task_world_only
v2b_physical_strategy::state_002_t2::stack_block3_on_block1,correct_bt,correct_bt,0.0,52.46297499999999,52.46297499999999,0.0,leave_one_benchmark_out,task_world_only
v2b_physical_strategy::state_003_t3::place_block3_on_block5,correct_bt,corner_place_bt,1.0,152.43555,152.451895,0.016345000000001164,leave_one_benchmark_out,task_world_only
v2b_physical_strategy::state_003_t3::place_block1_on_block5,correct_bt,edge_place_bt,1.0,152.734095,153.30749999999998,0.5734049999999797,leave_one_benchmark_out,task_world_only
v2b_physical_strategy::state_003_t3::stack_block1_on_block3,correct_bt,corner_place_bt,0.0,52.011635000000005,52.24962,0.23798499999999478,leave_one_benchmark_out,task_world_only
v2b_physical_strategy::state_003_t3::stack_block3_on_block1,correct_bt,edge_place_bt,0.0,51.907085,52.101045000000006,0.19396000000000413,leave_one_benchmark_out,task_world_only
v2b_physical_strategy::state_004_t4::place_block3_on_block5,correct_bt,center_place_bt,1.0,153.126685,153.242075,0.11538999999999078,leave_one_benchmark_out,task_world_only
v2b_physical_strategy::state_004_t4::place_block1_on_block5,correct_bt,center_place_bt,1.0,152.80485,153.324175,0.5193250000000091,leave_one_benchmark_out,task_world_only
v2b_physical_strategy::state_004_t4::stack_block1_on_block3,correct_bt,center_place_bt,0.0,51.8315,52.01614,0.1846400000000017,leave_one_benchmark_out,task_world_only
v2b_physical_strategy::state_004_t4::stack_block3_on_block1,correct_bt,corner_place_bt,0.0,52.42519500000001,52.45388500000001,0.02868999999999744,leave_one_benchmark_out,task_world_only
v1_supported_by::state_000_t0::place_block3_on_block5,redundant_bt,correct_bt,1.0,153.39275999999998,154.76969,1.3769300000000158,leave_one_benchmark_out,structure_only
v1_supported_by::state_000_t0::place_block1_on_block5,redundant_bt,missing_precondition_bt,1.0,153.679585,155.38221,1.7026249999999834,leave_one_benchmark_out,structure_only
v1_supported_by::state_000_t0::place_block2_on_block6,redundant_bt,correct_bt,1.0,153.800435,155.12254499999997,1.3221099999999808,leave_one_benchmark_out,structure_only
v1_supported_by::state_000_t0::stack_block3_on_block1,redundant_bt,missing_precondition_bt,0.0,52.491155,53.01372,0.5225650000000002,leave_one_benchmark_out,structure_only
v1_supported_by::state_001_t1::place_block3_on_block5,redundant_bt,missing_precondition_bt,1.0,151.941085,153.78701999999998,1.8459349999999972,leave_one_benchmark_out,structure_only
v1_supported_by::state_001_t1::place_block1_on_block5,redundant_bt,missing_precondition_bt,1.0,151.81768,153.44245999999998,1.624779999999987,leave_one_benchmark_out,structure_only
v1_supported_by::state_001_t1::place_block2_on_block6,redundant_bt,missing_precondition_bt,1.0,153.77527,155.39746499999998,1.6221949999999765,leave_one_benchmark_out,structure_only
v1_supported_by::state_001_t1::stack_block3_on_block1,redundant_bt,correct_bt,0.0,50.61813,152.284665,101.66653499999998,leave_one_benchmark_out,structure_only
v1_supported_by::state_002_t2::place_block3_on_block5,redundant_bt,missing_precondition_bt,1.0,151.76772,152.837325,1.0696049999999957,leave_one_benchmark_out,structure_only
v1_supported_by::state_002_t2::place_block1_on_block5,redundant_bt,missing_precondition_bt,1.0,151.76090499999998,153.367215,1.6063100000000077,leave_one_benchmark_out,structure_only
v1_supported_by::state_002_t2::place_block2_on_block6,redundant_bt,missing_precondition_bt,1.0,151.95801,154.40586499999998,2.4478549999999757,leave_one_benchmark_out,structure_only
v1_supported_by::state_002_t2::stack_block3_on_block1,redundant_bt,missing_precondition_bt,0.0,51.01018,53.058159999999994,2.0479799999999955,leave_one_benchmark_out,structure_only
v1_supported_by::state_003_t3::place_block3_on_block5,redundant_bt,missing_precondition_bt,1.0,151.29417,152.9585,1.6643299999999783,leave_one_benchmark_out,structure_only
v1_supported_by::state_003_t3::place_block1_on_block5,redundant_bt,missing_precondition_bt,1.0,151.327195,153.170655,1.8434600000000216,leave_one_benchmark_out,structure_only
v1_supported_by::state_003_t3::place_block2_on_block6,redundant_bt,missing_precondition_bt,1.0,152.248185,153.193355,0.9451699999999903,leave_one_benchmark_out,structure_only
v1_supported_by::state_003_t3::stack_block3_on_block1,redundant_bt,missing_precondition_bt,0.0,51.05698,52.122009999999996,1.065029999999993,leave_one_benchmark_out,structure_only
v1_supported_by::state_004_t4::place_block3_on_block5,redundant_bt,missing_precondition_bt,1.0,151.75028999999998,153.212055,1.461765000000014,leave_one_benchmark_out,structure_only
v1_supported_by::state_004_t4::place_block1_on_block5,redundant_bt,missing_precondition_bt,1.0,151.450315,152.95333,1.5030150000000049,leave_one_benchmark_out,structure_only
v1_supported_by::state_004_t4::place_block2_on_block6,redundant_bt,correct_bt,1.0,152.369425,152.91567,0.546244999999999,leave_one_benchmark_out,structure_only
v1_supported_by::state_004_t4::stack_block3_on_block1,redundant_bt,missing_precondition_bt,0.0,50.95330500000001,52.50782,1.554514999999995,leave_one_benchmark_out,structure_only
v2_stacking_probe::state_000_t0::place_block3_on_block5,redundant_bt,missing_precondition_bt,1.0,152.97124,155.51667,2.5454300000000103,leave_one_benchmark_out,structure_only
v2_stacking_probe::state_000_t0::place_block1_on_block5,redundant_bt,missing_precondition_bt,1.0,153.05541499999998,154.09874,1.04332500000001,leave_one_benchmark_out,structure_only
v2_stacking_probe::state_000_t0::place_block2_on_block6,redundant_bt,missing_precondition_bt,1.0,153.951695,155.06958,1.1178850000000011,leave_one_benchmark_out,structure_only
v2_stacking_probe::state_000_t0::stack_block3_on_block1,redundant_bt,correct_bt,0.0,52.381305000000005,53.58803500000001,1.2067300000000074,leave_one_benchmark_out,structure_only
v2_stacking_probe::state_000_t0::stack_block1_on_block3,redundant_bt,missing_precondition_bt,0.0,52.63557500000001,53.34975000000001,0.7141749999999973,leave_one_benchmark_out,structure_only
v2_stacking_probe::state_000_t0::stack_block2_on_block1,redundant_bt,missing_precondition_bt,0.0,53.004985,54.67318500000001,1.668200000000013,leave_one_benchmark_out,structure_only
v2_stacking_probe::state_000_t0::stack_block4_on_block1,redundant_bt,correct_bt,0.0,53.375615,54.844355,1.4687399999999968,leave_one_benchmark_out,structure_only
v2_stacking_probe::state_000_t0::stack_block3_on_block2,redundant_bt,missing_precondition_bt,0.0,53.112435,54.023864999999994,0.9114299999999957,leave_one_benchmark_out,structure_only
v2_stacking_probe::state_001_t1::place_block3_on_block5,redundant_bt,missing_precondition_bt,1.0,152.234265,153.637755,1.403490000000005,leave_one_benchmark_out,structure_only
v2_stacking_probe::state_001_t1::place_block1_on_block5,redundant_bt,correct_bt,1.0,151.41624499999998,153.15418,1.7379350000000215,leave_one_benchmark_out,structure_only
v2_stacking_probe::state_001_t1::place_block2_on_block6,redundant_bt,correct_bt,1.0,152.56279999999998,154.263415,1.7006150000000275,leave_one_benchmark_out,structure_only
v2_stacking_probe::state_001_t1::stack_block3_on_block1,redundant_bt,missing_precondition_bt,0.0,50.96627999999999,52.16401500000001,1.1977350000000229,leave_one_benchmark_out,structure_only
v2_stacking_probe::state_001_t1::stack_block1_on_block3,redundant_bt,correct_bt,0.0,51.57989,52.36842500000001,0.7885350000000102,leave_one_benchmark_out,structure_only
v2_stacking_probe::state_001_t1::stack_block2_on_block1,redundant_bt,missing_precondition_bt,0.0,52.09354000000001,54.332580000000014,2.239040000000003,leave_one_benchmark_out,structure_only
v2_stacking_probe::state_001_t1::stack_block4_on_block1,redundant_bt,correct_bt,0.0,51.28634999999999,52.320879999999995,1.0345300000000037,leave_one_benchmark_out,structure_only
v2_stacking_probe::state_001_t1::stack_block3_on_block2,redundant_bt,missing_precondition_bt,0.0,50.68998,52.62513500000001,1.9351550000000088,leave_one_benchmark_out,structure_only
v2_stacking_probe::state_002_t2::place_block3_on_block5,redundant_bt,missing_precondition_bt,1.0,151.93909499999998,153.66851999999997,1.729424999999992,leave_one_benchmark_out,structure_only
v2_stacking_probe::state_002_t2::place_block1_on_block5,redundant_bt,missing_precondition_bt,1.0,151.69857,153.49909499999998,1.8005249999999933,leave_one_benchmark_out,structure_only
v2_stacking_probe::state_002_t2::place_block2_on_block6,redundant_bt,missing_precondition_bt,1.0,152.393835,154.400895,2.0070599999999956,leave_one_benchmark_out,structure_only
v2_stacking_probe::state_002_t2::stack_block3_on_block1,redundant_bt,missing_precondition_bt,0.0,51.059695,52.167970000000004,1.1082750000000061,leave_one_benchmark_out,structure_only
v2_stacking_probe::state_002_t2::stack_block1_on_block3,redundant_bt,correct_bt,0.0,50.856815000000005,152.50336,101.64654499999997,leave_one_benchmark_out,structure_only
v2_stacking_probe::state_002_t2::stack_block2_on_block1,redundant_bt,missing_precondition_bt,0.0,51.90440499999999,53.06869,1.1642850000000067,leave_one_benchmark_out,structure_only
v2_stacking_probe::state_002_t2::stack_block4_on_block1,redundant_bt,correct_bt,0.0,51.009814999999996,52.195924999999995,1.1861099999999993,leave_one_benchmark_out,structure_only
v2_stacking_probe::state_002_t2::stack_block3_on_block2,redundant_bt,missing_precondition_bt,0.0,51.00888,52.75409,1.7452100000000002,leave_one_benchmark_out,structure_only
v2_stacking_probe::state_003_t3::place_block3_on_block5,redundant_bt,correct_bt,1.0,151.62382499999998,152.98246,1.358635000000021,leave_one_benchmark_out,structure_only
v2_stacking_probe::state_003_t3::place_block1_on_block5,redundant_bt,missing_precondition_bt,1.0,151.96967,152.9511,0.9814299999999889,leave_one_benchmark_out,structure_only
v2_stacking_probe::state_003_t3::place_block2_on_block6,redundant_bt,missing_precondition_bt,1.0,152.69698,154.298035,1.6010550000000023,leave_one_benchmark_out,structure_only
v2_stacking_probe::state_003_t3::stack_block3_on_block1,redundant_bt,missing_precondition_bt,0.0,51.30308499999999,52.62147000000001,1.3183850000000206,leave_one_benchmark_out,structure_only
v2_stacking_probe::state_003_t3::stack_block1_on_block3,redundant_bt,missing_precondition_bt,0.0,50.770590000000006,52.899449999999995,2.128859999999989,leave_one_benchmark_out,structure_only
v2_stacking_probe::state_003_t3::stack_block2_on_block1,redundant_bt,missing_precondition_bt,0.0,51.608955,53.440715000000004,1.8317600000000027,leave_one_benchmark_out,structure_only
v2_stacking_probe::state_003_t3::stack_block4_on_block1,redundant_bt,correct_bt,0.0,51.094415000000005,52.184525,1.0901099999999957,leave_one_benchmark_out,structure_only
v2_stacking_probe::state_003_t3::stack_block3_on_block2,redundant_bt,correct_bt,0.0,50.54644000000001,52.47686000000001,1.930419999999998,leave_one_benchmark_out,structure_only
v2_stacking_probe::state_004_t4::place_block3_on_block5,redundant_bt,missing_precondition_bt,1.0,151.411005,152.93769999999998,1.5266949999999895,leave_one_benchmark_out,structure_only
v2_stacking_probe::state_004_t4::place_block1_on_block5,redundant_bt,missing_precondition_bt,1.0,151.500565,153.72714,2.226574999999997,leave_one_benchmark_out,structure_only
v2_stacking_probe::state_004_t4::place_block2_on_block6,redundant_bt,missing_precondition_bt,1.0,151.64270499999998,153.55688,1.9141750000000286,leave_one_benchmark_out,structure_only
v2_stacking_probe::state_004_t4::stack_block3_on_block1,redundant_bt,missing_precondition_bt,0.0,50.58261500000001,52.81371000000001,2.2310949999999963,leave_one_benchmark_out,structure_only
v2_stacking_probe::state_004_t4::stack_block1_on_block3,redundant_bt,correct_bt,0.0,50.42488000000001,52.332585,1.9077049999999929,leave_one_benchmark_out,structure_only
v2_stacking_probe::state_004_t4::stack_block2_on_block1,redundant_bt,missing_precondition_bt,0.0,51.1047,52.99184499999999,1.8871449999999896,leave_one_benchmark_out,structure_only
v2_stacking_probe::state_004_t4::stack_block4_on_block1,redundant_bt,missing_precondition_bt,0.0,51.286300000000004,52.53132,1.2450199999999967,leave_one_benchmark_out,structure_only
v2_stacking_probe::state_004_t4::stack_block3_on_block2,redundant_bt,missing_precondition_bt,0.0,51.65989000000001,52.53896500000001,0.8790750000000003,leave_one_benchmark_out,structure_only
v2b_physical_strategy::state_000_t0::place_block3_on_block5,correct_bt,center_place_bt,1.0,153.505955,154.540805,1.0348500000000058,leave_one_benchmark_out,structure_only
v2b_physical_strategy::state_000_t0::place_block1_on_block5,correct_bt,edge_place_bt,1.0,154.77248,154.814875,0.04239499999999907,leave_one_benchmark_out,structure_only
v2b_physical_strategy::state_000_t0::stack_block1_on_block3,correct_bt,corner_place_bt,0.0,53.552434999999996,53.63685,0.08441500000000701,leave_one_benchmark_out,structure_only
v2b_physical_strategy::state_000_t0::stack_block3_on_block1,correct_bt,correct_bt,0.0,55.07473500000001,55.07473500000001,0.0,leave_one_benchmark_out,structure_only
v2b_physical_strategy::state_001_t1::place_block3_on_block5,correct_bt,center_place_bt,1.0,152.099175,153.143105,1.043929999999989,leave_one_benchmark_out,structure_only
v2b_physical_strategy::state_001_t1::place_block1_on_block5,correct_bt,corner_place_bt,1.0,152.485,153.23799,0.7529899999999827,leave_one_benchmark_out,structure_only
v2b_physical_strategy::state_001_t1::stack_block1_on_block3,correct_bt,far_offset_bt,0.0,51.702225000000006,52.62006,0.9178349999999966,leave_one_benchmark_out,structure_only
v2b_physical_strategy::state_001_t1::stack_block3_on_block1,correct_bt,far_offset_bt,0.0,51.80738999999999,53.114084999999996,1.3066950000000048,leave_one_benchmark_out,structure_only
v2b_physical_strategy::state_002_t2::place_block3_on_block5,correct_bt,center_place_bt,1.0,152.280945,153.321175,1.0402300000000082,leave_one_benchmark_out,structure_only
v2b_physical_strategy::state_002_t2::place_block1_on_block5,correct_bt,edge_place_bt,1.0,152.66660499999998,153.22376,0.5571550000000229,leave_one_benchmark_out,structure_only
v2b_physical_strategy::state_002_t2::stack_block1_on_block3,correct_bt,over_edge_bt,0.0,52.0165,153.20096,101.18446,leave_one_benchmark_out,structure_only
v2b_physical_strategy::state_002_t2::stack_block3_on_block1,correct_bt,correct_bt,0.0,52.46297499999999,52.46297499999999,0.0,leave_one_benchmark_out,structure_only
v2b_physical_strategy::state_003_t3::place_block3_on_block5,correct_bt,corner_place_bt,1.0,152.43555,152.451895,0.016345000000001164,leave_one_benchmark_out,structure_only
v2b_physical_strategy::state_003_t3::place_block1_on_block5,correct_bt,edge_place_bt,1.0,152.734095,153.30749999999998,0.5734049999999797,leave_one_benchmark_out,structure_only
v2b_physical_strategy::state_003_t3::stack_block1_on_block3,correct_bt,corner_place_bt,0.0,52.011635000000005,52.24962,0.23798499999999478,leave_one_benchmark_out,structure_only
v2b_physical_strategy::state_003_t3::stack_block3_on_block1,correct_bt,edge_place_bt,0.0,51.907085,52.101045000000006,0.19396000000000413,leave_one_benchmark_out,structure_only
v2b_physical_strategy::state_004_t4::place_block3_on_block5,correct_bt,center_place_bt,1.0,153.126685,153.242075,0.11538999999999078,leave_one_benchmark_out,structure_only
v2b_physical_strategy::state_004_t4::place_block1_on_block5,correct_bt,center_place_bt,1.0,152.80485,153.324175,0.5193250000000091,leave_one_benchmark_out,structure_only
v2b_physical_strategy::state_004_t4::stack_block1_on_block3,correct_bt,center_place_bt,0.0,51.8315,52.01614,0.1846400000000017,leave_one_benchmark_out,structure_only
v2b_physical_strategy::state_004_t4::stack_block3_on_block1,correct_bt,corner_place_bt,0.0,52.42519500000001,52.45388500000001,0.02868999999999744,leave_one_benchmark_out,structure_only
v1_supported_by::state_000_t0::place_block1_on_block5,missing_precondition_bt,missing_precondition_bt,1.0,155.38221,155.38221,0.0,leave_one_task_out,full
v1_supported_by::state_001_t1::place_block1_on_block5,missing_precondition_bt,missing_precondition_bt,1.0,153.44245999999998,153.44245999999998,0.0,leave_one_task_out,full
v1_supported_by::state_002_t2::place_block1_on_block5,missing_precondition_bt,missing_precondition_bt,1.0,153.367215,153.367215,0.0,leave_one_task_out,full
v1_supported_by::state_003_t3::place_block1_on_block5,missing_precondition_bt,missing_precondition_bt,1.0,153.170655,153.170655,0.0,leave_one_task_out,full
v1_supported_by::state_004_t4::place_block1_on_block5,missing_precondition_bt,missing_precondition_bt,1.0,152.95333,152.95333,0.0,leave_one_task_out,full
v2_stacking_probe::state_000_t0::place_block1_on_block5,missing_precondition_bt,missing_precondition_bt,1.0,154.09874,154.09874,0.0,leave_one_task_out,full
v2_stacking_probe::state_001_t1::place_block1_on_block5,missing_precondition_bt,correct_bt,1.0,153.109245,153.15418,0.044935000000009495,leave_one_task_out,full
v2_stacking_probe::state_002_t2::place_block1_on_block5,missing_precondition_bt,missing_precondition_bt,1.0,153.49909499999998,153.49909499999998,0.0,leave_one_task_out,full
v2_stacking_probe::state_003_t3::place_block1_on_block5,missing_precondition_bt,missing_precondition_bt,1.0,152.9511,152.9511,0.0,leave_one_task_out,full
v2_stacking_probe::state_004_t4::place_block1_on_block5,missing_precondition_bt,missing_precondition_bt,1.0,153.72714,153.72714,0.0,leave_one_task_out,full
v2b_physical_strategy::state_000_t0::place_block1_on_block5,corner_place_bt,edge_place_bt,1.0,154.40667499999998,154.814875,0.4082000000000221,leave_one_task_out,full
v2b_physical_strategy::state_001_t1::place_block1_on_block5,corner_place_bt,corner_place_bt,1.0,153.23799,153.23799,0.0,leave_one_task_out,full
v2b_physical_strategy::state_002_t2::place_block1_on_block5,corner_place_bt,edge_place_bt,1.0,152.191105,153.22376,1.0326550000000054,leave_one_task_out,full
v2b_physical_strategy::state_003_t3::place_block1_on_block5,corner_place_bt,edge_place_bt,1.0,152.856135,153.30749999999998,0.45136499999998136,leave_one_task_out,full
v2b_physical_strategy::state_004_t4::place_block1_on_block5,corner_place_bt,center_place_bt,1.0,152.69662499999998,153.324175,0.6275500000000136,leave_one_task_out,full
v1_supported_by::state_000_t0::place_block2_on_block6,missing_precondition_bt,correct_bt,1.0,155.08305000000001,155.12254499999997,0.039494999999959646,leave_one_task_out,full
v1_supported_by::state_001_t1::place_block2_on_block6,missing_precondition_bt,missing_precondition_bt,1.0,155.39746499999998,155.39746499999998,0.0,leave_one_task_out,full
v1_supported_by::state_002_t2::place_block2_on_block6,missing_precondition_bt,missing_precondition_bt,1.0,154.40586499999998,154.40586499999998,0.0,leave_one_task_out,full
v1_supported_by::state_003_t3::place_block2_on_block6,missing_precondition_bt,missing_precondition_bt,1.0,153.193355,153.193355,0.0,leave_one_task_out,full
v1_supported_by::state_004_t4::place_block2_on_block6,missing_precondition_bt,correct_bt,1.0,152.83695999999998,152.91567,0.07871000000002937,leave_one_task_out,full
v2_stacking_probe::state_000_t0::place_block2_on_block6,missing_precondition_bt,missing_precondition_bt,1.0,155.06958,155.06958,0.0,leave_one_task_out,full
v2_stacking_probe::state_001_t1::place_block2_on_block6,missing_precondition_bt,correct_bt,1.0,153.84969,154.263415,0.41372499999999945,leave_one_task_out,full
v2_stacking_probe::state_002_t2::place_block2_on_block6,missing_precondition_bt,missing_precondition_bt,1.0,154.400895,154.400895,0.0,leave_one_task_out,full
v2_stacking_probe::state_003_t3::place_block2_on_block6,missing_precondition_bt,missing_precondition_bt,1.0,154.298035,154.298035,0.0,leave_one_task_out,full
v2_stacking_probe::state_004_t4::place_block2_on_block6,missing_precondition_bt,missing_precondition_bt,1.0,153.55688,153.55688,0.0,leave_one_task_out,full
v1_supported_by::state_000_t0::place_block3_on_block5,missing_precondition_bt,correct_bt,1.0,154.15366,154.76969,0.616029999999995,leave_one_task_out,full
v1_supported_by::state_001_t1::place_block3_on_block5,missing_precondition_bt,missing_precondition_bt,1.0,153.78701999999998,153.78701999999998,0.0,leave_one_task_out,full
v1_supported_by::state_002_t2::place_block3_on_block5,missing_precondition_bt,missing_precondition_bt,1.0,152.837325,152.837325,0.0,leave_one_task_out,full
v1_supported_by::state_003_t3::place_block3_on_block5,missing_precondition_bt,missing_precondition_bt,1.0,152.9585,152.9585,0.0,leave_one_task_out,full
v1_supported_by::state_004_t4::place_block3_on_block5,missing_precondition_bt,missing_precondition_bt,1.0,153.212055,153.212055,0.0,leave_one_task_out,full
v2_stacking_probe::state_000_t0::place_block3_on_block5,missing_precondition_bt,missing_precondition_bt,1.0,155.51667,155.51667,0.0,leave_one_task_out,full
v2_stacking_probe::state_001_t1::place_block3_on_block5,missing_precondition_bt,missing_precondition_bt,1.0,153.637755,153.637755,0.0,leave_one_task_out,full
v2_stacking_probe::state_002_t2::place_block3_on_block5,missing_precondition_bt,missing_precondition_bt,1.0,153.66851999999997,153.66851999999997,0.0,leave_one_task_out,full
v2_stacking_probe::state_003_t3::place_block3_on_block5,missing_precondition_bt,correct_bt,1.0,152.95591,152.98246,0.026550000000014506,leave_one_task_out,full
v2_stacking_probe::state_004_t4::place_block3_on_block5,missing_precondition_bt,missing_precondition_bt,1.0,152.93769999999998,152.93769999999998,0.0,leave_one_task_out,full
v2b_physical_strategy::state_000_t0::place_block3_on_block5,corner_place_bt,center_place_bt,1.0,153.883435,154.540805,0.6573700000000144,leave_one_task_out,full
v2b_physical_strategy::state_001_t1::place_block3_on_block5,corner_place_bt,center_place_bt,1.0,152.60556499999998,153.143105,0.537540000000007,leave_one_task_out,full
v2b_physical_strategy::state_002_t2::place_block3_on_block5,corner_place_bt,center_place_bt,1.0,152.73984000000002,153.321175,0.5813349999999957,leave_one_task_out,full
v2b_physical_strategy::state_003_t3::place_block3_on_block5,corner_place_bt,corner_place_bt,1.0,152.451895,152.451895,0.0,leave_one_task_out,full
v2b_physical_strategy::state_004_t4::place_block3_on_block5,corner_place_bt,center_place_bt,1.0,152.42422000000002,153.242075,0.8178549999999802,leave_one_task_out,full
v2_stacking_probe::state_000_t0::stack_block1_on_block3,missing_precondition_bt,missing_precondition_bt,0.0,53.34975000000001,53.34975000000001,0.0,leave_one_task_out,full
v2_stacking_probe::state_001_t1::stack_block1_on_block3,missing_precondition_bt,correct_bt,0.0,52.324885,52.36842500000001,0.04354000000000724,leave_one_task_out,full
v2_stacking_probe::state_002_t2::stack_block1_on_block3,correct_bt,correct_bt,1.0,152.50336,152.50336,0.0,leave_one_task_out,full
v2_stacking_probe::state_003_t3::stack_block1_on_block3,missing_precondition_bt,missing_precondition_bt,0.0,52.899449999999995,52.899449999999995,0.0,leave_one_task_out,full
v2_stacking_probe::state_004_t4::stack_block1_on_block3,missing_precondition_bt,correct_bt,0.0,52.168195000000004,52.332585,0.16438999999999737,leave_one_task_out,full
v2b_physical_strategy::state_000_t0::stack_block1_on_block3,center_place_bt,corner_place_bt,0.0,52.50613499999999,53.63685,1.1307150000000092,leave_one_task_out,full
v2b_physical_strategy::state_001_t1::stack_block1_on_block3,center_place_bt,far_offset_bt,0.0,51.733380000000004,52.62006,0.8866799999999984,leave_one_task_out,full
v2b_physical_strategy::state_002_t2::stack_block1_on_block3,over_edge_bt,over_edge_bt,1.0,153.20096,153.20096,0.0,leave_one_task_out,full
v2b_physical_strategy::state_003_t3::stack_block1_on_block3,center_place_bt,corner_place_bt,0.0,52.057570000000005,52.24962,0.19204999999999472,leave_one_task_out,full
v2b_physical_strategy::state_004_t4::stack_block1_on_block3,center_place_bt,center_place_bt,0.0,52.01614,52.01614,0.0,leave_one_task_out,full
v2_stacking_probe::state_000_t0::stack_block2_on_block1,missing_precondition_bt,missing_precondition_bt,0.0,54.67318500000001,54.67318500000001,0.0,leave_one_task_out,full
v2_stacking_probe::state_001_t1::stack_block2_on_block1,missing_precondition_bt,missing_precondition_bt,0.0,54.332580000000014,54.332580000000014,0.0,leave_one_task_out,full
v2_stacking_probe::state_002_t2::stack_block2_on_block1,missing_precondition_bt,missing_precondition_bt,0.0,53.06869,53.06869,0.0,leave_one_task_out,full
v2_stacking_probe::state_003_t3::stack_block2_on_block1,missing_precondition_bt,missing_precondition_bt,0.0,53.440715000000004,53.440715000000004,0.0,leave_one_task_out,full
v2_stacking_probe::state_004_t4::stack_block2_on_block1,missing_precondition_bt,missing_precondition_bt,0.0,52.99184499999999,52.99184499999999,0.0,leave_one_task_out,full
v1_supported_by::state_000_t0::stack_block3_on_block1,missing_precondition_bt,missing_precondition_bt,0.0,53.01372,53.01372,0.0,leave_one_task_out,full
v1_supported_by::state_001_t1::stack_block3_on_block1,correct_bt,correct_bt,1.0,152.284665,152.284665,0.0,leave_one_task_out,full
v1_supported_by::state_002_t2::stack_block3_on_block1,missing_precondition_bt,missing_precondition_bt,0.0,53.058159999999994,53.058159999999994,0.0,leave_one_task_out,full
v1_supported_by::state_003_t3::stack_block3_on_block1,missing_precondition_bt,missing_precondition_bt,0.0,52.122009999999996,52.122009999999996,0.0,leave_one_task_out,full
v1_supported_by::state_004_t4::stack_block3_on_block1,missing_precondition_bt,missing_precondition_bt,0.0,52.50782,52.50782,0.0,leave_one_task_out,full
v2_stacking_probe::state_000_t0::stack_block3_on_block1,missing_precondition_bt,correct_bt,0.0,53.217335,53.58803500000001,0.3707000000000136,leave_one_task_out,full
v2_stacking_probe::state_001_t1::stack_block3_on_block1,missing_precondition_bt,missing_precondition_bt,0.0,52.16401500000001,52.16401500000001,0.0,leave_one_task_out,full
v2_stacking_probe::state_002_t2::stack_block3_on_block1,missing_precondition_bt,missing_precondition_bt,0.0,52.167970000000004,52.167970000000004,0.0,leave_one_task_out,full
v2_stacking_probe::state_003_t3::stack_block3_on_block1,missing_precondition_bt,missing_precondition_bt,0.0,52.62147000000001,52.62147000000001,0.0,leave_one_task_out,full
v2_stacking_probe::state_004_t4::stack_block3_on_block1,missing_precondition_bt,missing_precondition_bt,0.0,52.81371000000001,52.81371000000001,0.0,leave_one_task_out,full
v2b_physical_strategy::state_000_t0::stack_block3_on_block1,center_place_bt,correct_bt,0.0,52.79023999999999,55.07473500000001,2.284495000000021,leave_one_task_out,full
v2b_physical_strategy::state_001_t1::stack_block3_on_block1,center_place_bt,far_offset_bt,0.0,51.986354999999996,53.114084999999996,1.1277299999999997,leave_one_task_out,full
v2b_physical_strategy::state_002_t2::stack_block3_on_block1,center_place_bt,correct_bt,0.0,52.163255,52.46297499999999,0.29971999999999355,leave_one_task_out,full
v2b_physical_strategy::state_003_t3::stack_block3_on_block1,center_place_bt,edge_place_bt,0.0,51.86017999999999,52.101045000000006,0.24086500000001365,leave_one_task_out,full
v2b_physical_strategy::state_004_t4::stack_block3_on_block1,center_place_bt,corner_place_bt,0.0,52.159715,52.45388500000001,0.29417000000000826,leave_one_task_out,full
v2_stacking_probe::state_000_t0::stack_block3_on_block2,missing_precondition_bt,missing_precondition_bt,0.0,54.023864999999994,54.023864999999994,0.0,leave_one_task_out,full
v2_stacking_probe::state_001_t1::stack_block3_on_block2,missing_precondition_bt,missing_precondition_bt,0.0,52.62513500000001,52.62513500000001,0.0,leave_one_task_out,full
v2_stacking_probe::state_002_t2::stack_block3_on_block2,missing_precondition_bt,missing_precondition_bt,0.0,52.75409,52.75409,0.0,leave_one_task_out,full
v2_stacking_probe::state_003_t3::stack_block3_on_block2,missing_precondition_bt,correct_bt,0.0,52.062734999999996,52.47686000000001,0.41412500000001273,leave_one_task_out,full
v2_stacking_probe::state_004_t4::stack_block3_on_block2,missing_precondition_bt,missing_precondition_bt,0.0,52.53896500000001,52.53896500000001,0.0,leave_one_task_out,full
v2_stacking_probe::state_000_t0::stack_block4_on_block1,missing_precondition_bt,correct_bt,0.0,53.26951999999999,54.844355,1.5748350000000073,leave_one_task_out,full
v2_stacking_probe::state_001_t1::stack_block4_on_block1,missing_precondition_bt,correct_bt,0.0,52.08799,52.320879999999995,0.2328899999999976,leave_one_task_out,full
v2_stacking_probe::state_002_t2::stack_block4_on_block1,missing_precondition_bt,correct_bt,0.0,52.16233999999999,52.195924999999995,0.033585000000002196,leave_one_task_out,full
v2_stacking_probe::state_003_t3::stack_block4_on_block1,missing_precondition_bt,correct_bt,0.0,52.00723999999999,52.184525,0.1772850000000119,leave_one_task_out,full
v2_stacking_probe::state_004_t4::stack_block4_on_block1,missing_precondition_bt,missing_precondition_bt,0.0,52.53132,52.53132,0.0,leave_one_task_out,full
v1_supported_by::state_000_t0::place_block1_on_block5,missing_precondition_bt,missing_precondition_bt,1.0,155.38221,155.38221,0.0,leave_one_task_out,no_candidate_type
v1_supported_by::state_001_t1::place_block1_on_block5,missing_precondition_bt,missing_precondition_bt,1.0,153.44245999999998,153.44245999999998,0.0,leave_one_task_out,no_candidate_type
v1_supported_by::state_002_t2::place_block1_on_block5,missing_precondition_bt,missing_precondition_bt,1.0,153.367215,153.367215,0.0,leave_one_task_out,no_candidate_type
v1_supported_by::state_003_t3::place_block1_on_block5,missing_precondition_bt,missing_precondition_bt,1.0,153.170655,153.170655,0.0,leave_one_task_out,no_candidate_type
v1_supported_by::state_004_t4::place_block1_on_block5,missing_precondition_bt,missing_precondition_bt,1.0,152.95333,152.95333,0.0,leave_one_task_out,no_candidate_type
v2_stacking_probe::state_000_t0::place_block1_on_block5,missing_precondition_bt,missing_precondition_bt,1.0,154.09874,154.09874,0.0,leave_one_task_out,no_candidate_type
v2_stacking_probe::state_001_t1::place_block1_on_block5,missing_precondition_bt,correct_bt,1.0,153.109245,153.15418,0.044935000000009495,leave_one_task_out,no_candidate_type
v2_stacking_probe::state_002_t2::place_block1_on_block5,missing_precondition_bt,missing_precondition_bt,1.0,153.49909499999998,153.49909499999998,0.0,leave_one_task_out,no_candidate_type
v2_stacking_probe::state_003_t3::place_block1_on_block5,missing_precondition_bt,missing_precondition_bt,1.0,152.9511,152.9511,0.0,leave_one_task_out,no_candidate_type
v2_stacking_probe::state_004_t4::place_block1_on_block5,missing_precondition_bt,missing_precondition_bt,1.0,153.72714,153.72714,0.0,leave_one_task_out,no_candidate_type
v2b_physical_strategy::state_000_t0::place_block1_on_block5,correct_bt,edge_place_bt,1.0,154.77248,154.814875,0.04239499999999907,leave_one_task_out,no_candidate_type
v2b_physical_strategy::state_001_t1::place_block1_on_block5,correct_bt,corner_place_bt,1.0,152.485,153.23799,0.7529899999999827,leave_one_task_out,no_candidate_type
v2b_physical_strategy::state_002_t2::place_block1_on_block5,correct_bt,edge_place_bt,1.0,152.66660499999998,153.22376,0.5571550000000229,leave_one_task_out,no_candidate_type
v2b_physical_strategy::state_003_t3::place_block1_on_block5,correct_bt,edge_place_bt,1.0,152.734095,153.30749999999998,0.5734049999999797,leave_one_task_out,no_candidate_type
v2b_physical_strategy::state_004_t4::place_block1_on_block5,correct_bt,center_place_bt,1.0,152.80485,153.324175,0.5193250000000091,leave_one_task_out,no_candidate_type
v1_supported_by::state_000_t0::place_block2_on_block6,missing_precondition_bt,correct_bt,1.0,155.08305000000001,155.12254499999997,0.039494999999959646,leave_one_task_out,no_candidate_type
v1_supported_by::state_001_t1::place_block2_on_block6,missing_precondition_bt,missing_precondition_bt,1.0,155.39746499999998,155.39746499999998,0.0,leave_one_task_out,no_candidate_type
v1_supported_by::state_002_t2::place_block2_on_block6,missing_precondition_bt,missing_precondition_bt,1.0,154.40586499999998,154.40586499999998,0.0,leave_one_task_out,no_candidate_type
v1_supported_by::state_003_t3::place_block2_on_block6,missing_precondition_bt,missing_precondition_bt,1.0,153.193355,153.193355,0.0,leave_one_task_out,no_candidate_type
v1_supported_by::state_004_t4::place_block2_on_block6,missing_precondition_bt,correct_bt,1.0,152.83695999999998,152.91567,0.07871000000002937,leave_one_task_out,no_candidate_type
v2_stacking_probe::state_000_t0::place_block2_on_block6,missing_precondition_bt,missing_precondition_bt,1.0,155.06958,155.06958,0.0,leave_one_task_out,no_candidate_type
v2_stacking_probe::state_001_t1::place_block2_on_block6,missing_precondition_bt,correct_bt,1.0,153.84969,154.263415,0.41372499999999945,leave_one_task_out,no_candidate_type
v2_stacking_probe::state_002_t2::place_block2_on_block6,missing_precondition_bt,missing_precondition_bt,1.0,154.400895,154.400895,0.0,leave_one_task_out,no_candidate_type
v2_stacking_probe::state_003_t3::place_block2_on_block6,missing_precondition_bt,missing_precondition_bt,1.0,154.298035,154.298035,0.0,leave_one_task_out,no_candidate_type
v2_stacking_probe::state_004_t4::place_block2_on_block6,missing_precondition_bt,missing_precondition_bt,1.0,153.55688,153.55688,0.0,leave_one_task_out,no_candidate_type
v1_supported_by::state_000_t0::place_block3_on_block5,missing_precondition_bt,correct_bt,1.0,154.15366,154.76969,0.616029999999995,leave_one_task_out,no_candidate_type
v1_supported_by::state_001_t1::place_block3_on_block5,missing_precondition_bt,missing_precondition_bt,1.0,153.78701999999998,153.78701999999998,0.0,leave_one_task_out,no_candidate_type
v1_supported_by::state_002_t2::place_block3_on_block5,missing_precondition_bt,missing_precondition_bt,1.0,152.837325,152.837325,0.0,leave_one_task_out,no_candidate_type
v1_supported_by::state_003_t3::place_block3_on_block5,missing_precondition_bt,missing_precondition_bt,1.0,152.9585,152.9585,0.0,leave_one_task_out,no_candidate_type
v1_supported_by::state_004_t4::place_block3_on_block5,missing_precondition_bt,missing_precondition_bt,1.0,153.212055,153.212055,0.0,leave_one_task_out,no_candidate_type
v2_stacking_probe::state_000_t0::place_block3_on_block5,missing_precondition_bt,missing_precondition_bt,1.0,155.51667,155.51667,0.0,leave_one_task_out,no_candidate_type
v2_stacking_probe::state_001_t1::place_block3_on_block5,missing_precondition_bt,missing_precondition_bt,1.0,153.637755,153.637755,0.0,leave_one_task_out,no_candidate_type
v2_stacking_probe::state_002_t2::place_block3_on_block5,missing_precondition_bt,missing_precondition_bt,1.0,153.66851999999997,153.66851999999997,0.0,leave_one_task_out,no_candidate_type
v2_stacking_probe::state_003_t3::place_block3_on_block5,missing_precondition_bt,correct_bt,1.0,152.95591,152.98246,0.026550000000014506,leave_one_task_out,no_candidate_type
v2_stacking_probe::state_004_t4::place_block3_on_block5,missing_precondition_bt,missing_precondition_bt,1.0,152.93769999999998,152.93769999999998,0.0,leave_one_task_out,no_candidate_type
v2b_physical_strategy::state_000_t0::place_block3_on_block5,correct_bt,center_place_bt,1.0,153.505955,154.540805,1.0348500000000058,leave_one_task_out,no_candidate_type
v2b_physical_strategy::state_001_t1::place_block3_on_block5,correct_bt,center_place_bt,1.0,152.099175,153.143105,1.043929999999989,leave_one_task_out,no_candidate_type
v2b_physical_strategy::state_002_t2::place_block3_on_block5,correct_bt,center_place_bt,1.0,152.280945,153.321175,1.0402300000000082,leave_one_task_out,no_candidate_type
v2b_physical_strategy::state_003_t3::place_block3_on_block5,correct_bt,corner_place_bt,1.0,152.43555,152.451895,0.016345000000001164,leave_one_task_out,no_candidate_type
v2b_physical_strategy::state_004_t4::place_block3_on_block5,correct_bt,center_place_bt,1.0,153.126685,153.242075,0.11538999999999078,leave_one_task_out,no_candidate_type
v2_stacking_probe::state_000_t0::stack_block1_on_block3,missing_precondition_bt,missing_precondition_bt,0.0,53.34975000000001,53.34975000000001,0.0,leave_one_task_out,no_candidate_type
v2_stacking_probe::state_001_t1::stack_block1_on_block3,missing_precondition_bt,correct_bt,0.0,52.324885,52.36842500000001,0.04354000000000724,leave_one_task_out,no_candidate_type
v2_stacking_probe::state_002_t2::stack_block1_on_block3,correct_bt,correct_bt,1.0,152.50336,152.50336,0.0,leave_one_task_out,no_candidate_type
v2_stacking_probe::state_003_t3::stack_block1_on_block3,missing_precondition_bt,missing_precondition_bt,0.0,52.899449999999995,52.899449999999995,0.0,leave_one_task_out,no_candidate_type
v2_stacking_probe::state_004_t4::stack_block1_on_block3,missing_precondition_bt,correct_bt,0.0,52.168195000000004,52.332585,0.16438999999999737,leave_one_task_out,no_candidate_type
v2b_physical_strategy::state_000_t0::stack_block1_on_block3,correct_bt,corner_place_bt,0.0,53.552434999999996,53.63685,0.08441500000000701,leave_one_task_out,no_candidate_type
v2b_physical_strategy::state_001_t1::stack_block1_on_block3,correct_bt,far_offset_bt,0.0,51.702225000000006,52.62006,0.9178349999999966,leave_one_task_out,no_candidate_type
v2b_physical_strategy::state_002_t2::stack_block1_on_block3,over_edge_bt,over_edge_bt,1.0,153.20096,153.20096,0.0,leave_one_task_out,no_candidate_type
v2b_physical_strategy::state_003_t3::stack_block1_on_block3,correct_bt,corner_place_bt,0.0,52.011635000000005,52.24962,0.23798499999999478,leave_one_task_out,no_candidate_type
v2b_physical_strategy::state_004_t4::stack_block1_on_block3,correct_bt,center_place_bt,0.0,51.8315,52.01614,0.1846400000000017,leave_one_task_out,no_candidate_type
v2_stacking_probe::state_000_t0::stack_block2_on_block1,missing_precondition_bt,missing_precondition_bt,0.0,54.67318500000001,54.67318500000001,0.0,leave_one_task_out,no_candidate_type
v2_stacking_probe::state_001_t1::stack_block2_on_block1,missing_precondition_bt,missing_precondition_bt,0.0,54.332580000000014,54.332580000000014,0.0,leave_one_task_out,no_candidate_type
v2_stacking_probe::state_002_t2::stack_block2_on_block1,missing_precondition_bt,missing_precondition_bt,0.0,53.06869,53.06869,0.0,leave_one_task_out,no_candidate_type
v2_stacking_probe::state_003_t3::stack_block2_on_block1,missing_precondition_bt,missing_precondition_bt,0.0,53.440715000000004,53.440715000000004,0.0,leave_one_task_out,no_candidate_type
v2_stacking_probe::state_004_t4::stack_block2_on_block1,missing_precondition_bt,missing_precondition_bt,0.0,52.99184499999999,52.99184499999999,0.0,leave_one_task_out,no_candidate_type
v1_supported_by::state_000_t0::stack_block3_on_block1,missing_precondition_bt,missing_precondition_bt,0.0,53.01372,53.01372,0.0,leave_one_task_out,no_candidate_type
v1_supported_by::state_001_t1::stack_block3_on_block1,correct_bt,correct_bt,1.0,152.284665,152.284665,0.0,leave_one_task_out,no_candidate_type
v1_supported_by::state_002_t2::stack_block3_on_block1,missing_precondition_bt,missing_precondition_bt,0.0,53.058159999999994,53.058159999999994,0.0,leave_one_task_out,no_candidate_type
v1_supported_by::state_003_t3::stack_block3_on_block1,missing_precondition_bt,missing_precondition_bt,0.0,52.122009999999996,52.122009999999996,0.0,leave_one_task_out,no_candidate_type
v1_supported_by::state_004_t4::stack_block3_on_block1,missing_precondition_bt,missing_precondition_bt,0.0,52.50782,52.50782,0.0,leave_one_task_out,no_candidate_type
v2_stacking_probe::state_000_t0::stack_block3_on_block1,missing_precondition_bt,correct_bt,0.0,53.217335,53.58803500000001,0.3707000000000136,leave_one_task_out,no_candidate_type
v2_stacking_probe::state_001_t1::stack_block3_on_block1,missing_precondition_bt,missing_precondition_bt,0.0,52.16401500000001,52.16401500000001,0.0,leave_one_task_out,no_candidate_type
v2_stacking_probe::state_002_t2::stack_block3_on_block1,missing_precondition_bt,missing_precondition_bt,0.0,52.167970000000004,52.167970000000004,0.0,leave_one_task_out,no_candidate_type
v2_stacking_probe::state_003_t3::stack_block3_on_block1,missing_precondition_bt,missing_precondition_bt,0.0,52.62147000000001,52.62147000000001,0.0,leave_one_task_out,no_candidate_type
v2_stacking_probe::state_004_t4::stack_block3_on_block1,missing_precondition_bt,missing_precondition_bt,0.0,52.81371000000001,52.81371000000001,0.0,leave_one_task_out,no_candidate_type
v2b_physical_strategy::state_000_t0::stack_block3_on_block1,correct_bt,correct_bt,0.0,55.07473500000001,55.07473500000001,0.0,leave_one_task_out,no_candidate_type
v2b_physical_strategy::state_001_t1::stack_block3_on_block1,correct_bt,far_offset_bt,0.0,51.80738999999999,53.114084999999996,1.3066950000000048,leave_one_task_out,no_candidate_type
v2b_physical_strategy::state_002_t2::stack_block3_on_block1,correct_bt,correct_bt,0.0,52.46297499999999,52.46297499999999,0.0,leave_one_task_out,no_candidate_type
v2b_physical_strategy::state_003_t3::stack_block3_on_block1,correct_bt,edge_place_bt,0.0,51.907085,52.101045000000006,0.19396000000000413,leave_one_task_out,no_candidate_type
v2b_physical_strategy::state_004_t4::stack_block3_on_block1,correct_bt,corner_place_bt,0.0,52.42519500000001,52.45388500000001,0.02868999999999744,leave_one_task_out,no_candidate_type
v2_stacking_probe::state_000_t0::stack_block3_on_block2,missing_precondition_bt,missing_precondition_bt,0.0,54.023864999999994,54.023864999999994,0.0,leave_one_task_out,no_candidate_type
v2_stacking_probe::state_001_t1::stack_block3_on_block2,missing_precondition_bt,missing_precondition_bt,0.0,52.62513500000001,52.62513500000001,0.0,leave_one_task_out,no_candidate_type
v2_stacking_probe::state_002_t2::stack_block3_on_block2,missing_precondition_bt,missing_precondition_bt,0.0,52.75409,52.75409,0.0,leave_one_task_out,no_candidate_type
v2_stacking_probe::state_003_t3::stack_block3_on_block2,missing_precondition_bt,correct_bt,0.0,52.062734999999996,52.47686000000001,0.41412500000001273,leave_one_task_out,no_candidate_type
v2_stacking_probe::state_004_t4::stack_block3_on_block2,missing_precondition_bt,missing_precondition_bt,0.0,52.53896500000001,52.53896500000001,0.0,leave_one_task_out,no_candidate_type
v2_stacking_probe::state_000_t0::stack_block4_on_block1,missing_precondition_bt,correct_bt,0.0,53.26951999999999,54.844355,1.5748350000000073,leave_one_task_out,no_candidate_type
v2_stacking_probe::state_001_t1::stack_block4_on_block1,missing_precondition_bt,correct_bt,0.0,52.08799,52.320879999999995,0.2328899999999976,leave_one_task_out,no_candidate_type
v2_stacking_probe::state_002_t2::stack_block4_on_block1,missing_precondition_bt,correct_bt,0.0,52.16233999999999,52.195924999999995,0.033585000000002196,leave_one_task_out,no_candidate_type
v2_stacking_probe::state_003_t3::stack_block4_on_block1,missing_precondition_bt,correct_bt,0.0,52.00723999999999,52.184525,0.1772850000000119,leave_one_task_out,no_candidate_type
v2_stacking_probe::state_004_t4::stack_block4_on_block1,missing_precondition_bt,missing_precondition_bt,0.0,52.53132,52.53132,0.0,leave_one_task_out,no_candidate_type
v1_supported_by::state_000_t0::place_block1_on_block5,missing_precondition_bt,missing_precondition_bt,1.0,155.38221,155.38221,0.0,leave_one_task_out,no_symbolic_features
v1_supported_by::state_001_t1::place_block1_on_block5,missing_precondition_bt,missing_precondition_bt,1.0,153.44245999999998,153.44245999999998,0.0,leave_one_task_out,no_symbolic_features
v1_supported_by::state_002_t2::place_block1_on_block5,missing_precondition_bt,missing_precondition_bt,1.0,153.367215,153.367215,0.0,leave_one_task_out,no_symbolic_features
v1_supported_by::state_003_t3::place_block1_on_block5,missing_precondition_bt,missing_precondition_bt,1.0,153.170655,153.170655,0.0,leave_one_task_out,no_symbolic_features
v1_supported_by::state_004_t4::place_block1_on_block5,missing_precondition_bt,missing_precondition_bt,1.0,152.95333,152.95333,0.0,leave_one_task_out,no_symbolic_features
v2_stacking_probe::state_000_t0::place_block1_on_block5,missing_precondition_bt,missing_precondition_bt,1.0,154.09874,154.09874,0.0,leave_one_task_out,no_symbolic_features
v2_stacking_probe::state_001_t1::place_block1_on_block5,missing_precondition_bt,correct_bt,1.0,153.109245,153.15418,0.044935000000009495,leave_one_task_out,no_symbolic_features
v2_stacking_probe::state_002_t2::place_block1_on_block5,missing_precondition_bt,missing_precondition_bt,1.0,153.49909499999998,153.49909499999998,0.0,leave_one_task_out,no_symbolic_features
v2_stacking_probe::state_003_t3::place_block1_on_block5,missing_precondition_bt,missing_precondition_bt,1.0,152.9511,152.9511,0.0,leave_one_task_out,no_symbolic_features
v2_stacking_probe::state_004_t4::place_block1_on_block5,missing_precondition_bt,missing_precondition_bt,1.0,153.72714,153.72714,0.0,leave_one_task_out,no_symbolic_features
v2b_physical_strategy::state_000_t0::place_block1_on_block5,corner_place_bt,edge_place_bt,1.0,154.40667499999998,154.814875,0.4082000000000221,leave_one_task_out,no_symbolic_features
v2b_physical_strategy::state_001_t1::place_block1_on_block5,corner_place_bt,corner_place_bt,1.0,153.23799,153.23799,0.0,leave_one_task_out,no_symbolic_features
v2b_physical_strategy::state_002_t2::place_block1_on_block5,corner_place_bt,edge_place_bt,1.0,152.191105,153.22376,1.0326550000000054,leave_one_task_out,no_symbolic_features
v2b_physical_strategy::state_003_t3::place_block1_on_block5,corner_place_bt,edge_place_bt,1.0,152.856135,153.30749999999998,0.45136499999998136,leave_one_task_out,no_symbolic_features
v2b_physical_strategy::state_004_t4::place_block1_on_block5,corner_place_bt,center_place_bt,1.0,152.69662499999998,153.324175,0.6275500000000136,leave_one_task_out,no_symbolic_features
v1_supported_by::state_000_t0::place_block2_on_block6,missing_precondition_bt,correct_bt,1.0,155.08305000000001,155.12254499999997,0.039494999999959646,leave_one_task_out,no_symbolic_features
v1_supported_by::state_001_t1::place_block2_on_block6,missing_precondition_bt,missing_precondition_bt,1.0,155.39746499999998,155.39746499999998,0.0,leave_one_task_out,no_symbolic_features
v1_supported_by::state_002_t2::place_block2_on_block6,missing_precondition_bt,missing_precondition_bt,1.0,154.40586499999998,154.40586499999998,0.0,leave_one_task_out,no_symbolic_features
v1_supported_by::state_003_t3::place_block2_on_block6,missing_precondition_bt,missing_precondition_bt,1.0,153.193355,153.193355,0.0,leave_one_task_out,no_symbolic_features
v1_supported_by::state_004_t4::place_block2_on_block6,missing_precondition_bt,correct_bt,1.0,152.83695999999998,152.91567,0.07871000000002937,leave_one_task_out,no_symbolic_features
v2_stacking_probe::state_000_t0::place_block2_on_block6,missing_precondition_bt,missing_precondition_bt,1.0,155.06958,155.06958,0.0,leave_one_task_out,no_symbolic_features
v2_stacking_probe::state_001_t1::place_block2_on_block6,missing_precondition_bt,correct_bt,1.0,153.84969,154.263415,0.41372499999999945,leave_one_task_out,no_symbolic_features
v2_stacking_probe::state_002_t2::place_block2_on_block6,missing_precondition_bt,missing_precondition_bt,1.0,154.400895,154.400895,0.0,leave_one_task_out,no_symbolic_features
v2_stacking_probe::state_003_t3::place_block2_on_block6,missing_precondition_bt,missing_precondition_bt,1.0,154.298035,154.298035,0.0,leave_one_task_out,no_symbolic_features
v2_stacking_probe::state_004_t4::place_block2_on_block6,missing_precondition_bt,missing_precondition_bt,1.0,153.55688,153.55688,0.0,leave_one_task_out,no_symbolic_features
v1_supported_by::state_000_t0::place_block3_on_block5,missing_precondition_bt,correct_bt,1.0,154.15366,154.76969,0.616029999999995,leave_one_task_out,no_symbolic_features
v1_supported_by::state_001_t1::place_block3_on_block5,missing_precondition_bt,missing_precondition_bt,1.0,153.78701999999998,153.78701999999998,0.0,leave_one_task_out,no_symbolic_features
v1_supported_by::state_002_t2::place_block3_on_block5,missing_precondition_bt,missing_precondition_bt,1.0,152.837325,152.837325,0.0,leave_one_task_out,no_symbolic_features
v1_supported_by::state_003_t3::place_block3_on_block5,missing_precondition_bt,missing_precondition_bt,1.0,152.9585,152.9585,0.0,leave_one_task_out,no_symbolic_features
v1_supported_by::state_004_t4::place_block3_on_block5,missing_precondition_bt,missing_precondition_bt,1.0,153.212055,153.212055,0.0,leave_one_task_out,no_symbolic_features
v2_stacking_probe::state_000_t0::place_block3_on_block5,missing_precondition_bt,missing_precondition_bt,1.0,155.51667,155.51667,0.0,leave_one_task_out,no_symbolic_features
v2_stacking_probe::state_001_t1::place_block3_on_block5,missing_precondition_bt,missing_precondition_bt,1.0,153.637755,153.637755,0.0,leave_one_task_out,no_symbolic_features
v2_stacking_probe::state_002_t2::place_block3_on_block5,missing_precondition_bt,missing_precondition_bt,1.0,153.66851999999997,153.66851999999997,0.0,leave_one_task_out,no_symbolic_features
v2_stacking_probe::state_003_t3::place_block3_on_block5,missing_precondition_bt,correct_bt,1.0,152.95591,152.98246,0.026550000000014506,leave_one_task_out,no_symbolic_features
v2_stacking_probe::state_004_t4::place_block3_on_block5,missing_precondition_bt,missing_precondition_bt,1.0,152.93769999999998,152.93769999999998,0.0,leave_one_task_out,no_symbolic_features
v2b_physical_strategy::state_000_t0::place_block3_on_block5,correct_bt,center_place_bt,1.0,153.505955,154.540805,1.0348500000000058,leave_one_task_out,no_symbolic_features
v2b_physical_strategy::state_001_t1::place_block3_on_block5,correct_bt,center_place_bt,1.0,152.099175,153.143105,1.043929999999989,leave_one_task_out,no_symbolic_features
v2b_physical_strategy::state_002_t2::place_block3_on_block5,correct_bt,center_place_bt,1.0,152.280945,153.321175,1.0402300000000082,leave_one_task_out,no_symbolic_features
v2b_physical_strategy::state_003_t3::place_block3_on_block5,correct_bt,corner_place_bt,1.0,152.43555,152.451895,0.016345000000001164,leave_one_task_out,no_symbolic_features
v2b_physical_strategy::state_004_t4::place_block3_on_block5,correct_bt,center_place_bt,1.0,153.126685,153.242075,0.11538999999999078,leave_one_task_out,no_symbolic_features
v2_stacking_probe::state_000_t0::stack_block1_on_block3,missing_precondition_bt,missing_precondition_bt,0.0,53.34975000000001,53.34975000000001,0.0,leave_one_task_out,no_symbolic_features
v2_stacking_probe::state_001_t1::stack_block1_on_block3,missing_precondition_bt,correct_bt,0.0,52.324885,52.36842500000001,0.04354000000000724,leave_one_task_out,no_symbolic_features
v2_stacking_probe::state_002_t2::stack_block1_on_block3,missing_precondition_bt,correct_bt,0.0,53.48891,152.50336,99.01444999999998,leave_one_task_out,no_symbolic_features
v2_stacking_probe::state_003_t3::stack_block1_on_block3,missing_precondition_bt,missing_precondition_bt,0.0,52.899449999999995,52.899449999999995,0.0,leave_one_task_out,no_symbolic_features
v2_stacking_probe::state_004_t4::stack_block1_on_block3,missing_precondition_bt,correct_bt,0.0,52.168195000000004,52.332585,0.16438999999999737,leave_one_task_out,no_symbolic_features
v2b_physical_strategy::state_000_t0::stack_block1_on_block3,center_place_bt,corner_place_bt,0.0,52.50613499999999,53.63685,1.1307150000000092,leave_one_task_out,no_symbolic_features
v2b_physical_strategy::state_001_t1::stack_block1_on_block3,center_place_bt,far_offset_bt,0.0,51.733380000000004,52.62006,0.8866799999999984,leave_one_task_out,no_symbolic_features
v2b_physical_strategy::state_002_t2::stack_block1_on_block3,center_place_bt,over_edge_bt,0.0,51.47587000000001,153.20096,101.72509,leave_one_task_out,no_symbolic_features
v2b_physical_strategy::state_003_t3::stack_block1_on_block3,center_place_bt,corner_place_bt,0.0,52.057570000000005,52.24962,0.19204999999999472,leave_one_task_out,no_symbolic_features
v2b_physical_strategy::state_004_t4::stack_block1_on_block3,center_place_bt,center_place_bt,0.0,52.01614,52.01614,0.0,leave_one_task_out,no_symbolic_features
v2_stacking_probe::state_000_t0::stack_block2_on_block1,missing_precondition_bt,missing_precondition_bt,0.0,54.67318500000001,54.67318500000001,0.0,leave_one_task_out,no_symbolic_features
v2_stacking_probe::state_001_t1::stack_block2_on_block1,missing_precondition_bt,missing_precondition_bt,0.0,54.332580000000014,54.332580000000014,0.0,leave_one_task_out,no_symbolic_features
v2_stacking_probe::state_002_t2::stack_block2_on_block1,missing_precondition_bt,missing_precondition_bt,0.0,53.06869,53.06869,0.0,leave_one_task_out,no_symbolic_features
v2_stacking_probe::state_003_t3::stack_block2_on_block1,missing_precondition_bt,missing_precondition_bt,0.0,53.440715000000004,53.440715000000004,0.0,leave_one_task_out,no_symbolic_features
v2_stacking_probe::state_004_t4::stack_block2_on_block1,missing_precondition_bt,missing_precondition_bt,0.0,52.99184499999999,52.99184499999999,0.0,leave_one_task_out,no_symbolic_features
v1_supported_by::state_000_t0::stack_block3_on_block1,missing_precondition_bt,missing_precondition_bt,0.0,53.01372,53.01372,0.0,leave_one_task_out,no_symbolic_features
v1_supported_by::state_001_t1::stack_block3_on_block1,missing_precondition_bt,correct_bt,0.0,52.465675,152.284665,99.81898999999999,leave_one_task_out,no_symbolic_features
v1_supported_by::state_002_t2::stack_block3_on_block1,missing_precondition_bt,missing_precondition_bt,0.0,53.058159999999994,53.058159999999994,0.0,leave_one_task_out,no_symbolic_features
v1_supported_by::state_003_t3::stack_block3_on_block1,missing_precondition_bt,missing_precondition_bt,0.0,52.122009999999996,52.122009999999996,0.0,leave_one_task_out,no_symbolic_features
v1_supported_by::state_004_t4::stack_block3_on_block1,missing_precondition_bt,missing_precondition_bt,0.0,52.50782,52.50782,0.0,leave_one_task_out,no_symbolic_features
v2_stacking_probe::state_000_t0::stack_block3_on_block1,missing_precondition_bt,correct_bt,0.0,53.217335,53.58803500000001,0.3707000000000136,leave_one_task_out,no_symbolic_features
v2_stacking_probe::state_001_t1::stack_block3_on_block1,missing_precondition_bt,missing_precondition_bt,0.0,52.16401500000001,52.16401500000001,0.0,leave_one_task_out,no_symbolic_features
v2_stacking_probe::state_002_t2::stack_block3_on_block1,missing_precondition_bt,missing_precondition_bt,0.0,52.167970000000004,52.167970000000004,0.0,leave_one_task_out,no_symbolic_features
v2_stacking_probe::state_003_t3::stack_block3_on_block1,missing_precondition_bt,missing_precondition_bt,0.0,52.62147000000001,52.62147000000001,0.0,leave_one_task_out,no_symbolic_features
v2_stacking_probe::state_004_t4::stack_block3_on_block1,missing_precondition_bt,missing_precondition_bt,0.0,52.81371000000001,52.81371000000001,0.0,leave_one_task_out,no_symbolic_features
v2b_physical_strategy::state_000_t0::stack_block3_on_block1,center_place_bt,correct_bt,0.0,52.79023999999999,55.07473500000001,2.284495000000021,leave_one_task_out,no_symbolic_features
v2b_physical_strategy::state_001_t1::stack_block3_on_block1,center_place_bt,far_offset_bt,0.0,51.986354999999996,53.114084999999996,1.1277299999999997,leave_one_task_out,no_symbolic_features
v2b_physical_strategy::state_002_t2::stack_block3_on_block1,center_place_bt,correct_bt,0.0,52.163255,52.46297499999999,0.29971999999999355,leave_one_task_out,no_symbolic_features
v2b_physical_strategy::state_003_t3::stack_block3_on_block1,center_place_bt,edge_place_bt,0.0,51.86017999999999,52.101045000000006,0.24086500000001365,leave_one_task_out,no_symbolic_features
v2b_physical_strategy::state_004_t4::stack_block3_on_block1,center_place_bt,corner_place_bt,0.0,52.159715,52.45388500000001,0.29417000000000826,leave_one_task_out,no_symbolic_features
v2_stacking_probe::state_000_t0::stack_block3_on_block2,missing_precondition_bt,missing_precondition_bt,0.0,54.023864999999994,54.023864999999994,0.0,leave_one_task_out,no_symbolic_features
v2_stacking_probe::state_001_t1::stack_block3_on_block2,missing_precondition_bt,missing_precondition_bt,0.0,52.62513500000001,52.62513500000001,0.0,leave_one_task_out,no_symbolic_features
v2_stacking_probe::state_002_t2::stack_block3_on_block2,missing_precondition_bt,missing_precondition_bt,0.0,52.75409,52.75409,0.0,leave_one_task_out,no_symbolic_features
v2_stacking_probe::state_003_t3::stack_block3_on_block2,missing_precondition_bt,correct_bt,0.0,52.062734999999996,52.47686000000001,0.41412500000001273,leave_one_task_out,no_symbolic_features
v2_stacking_probe::state_004_t4::stack_block3_on_block2,missing_precondition_bt,missing_precondition_bt,0.0,52.53896500000001,52.53896500000001,0.0,leave_one_task_out,no_symbolic_features
v2_stacking_probe::state_000_t0::stack_block4_on_block1,missing_precondition_bt,correct_bt,0.0,53.26951999999999,54.844355,1.5748350000000073,leave_one_task_out,no_symbolic_features
v2_stacking_probe::state_001_t1::stack_block4_on_block1,missing_precondition_bt,correct_bt,0.0,52.08799,52.320879999999995,0.2328899999999976,leave_one_task_out,no_symbolic_features
v2_stacking_probe::state_002_t2::stack_block4_on_block1,missing_precondition_bt,correct_bt,0.0,52.16233999999999,52.195924999999995,0.033585000000002196,leave_one_task_out,no_symbolic_features
v2_stacking_probe::state_003_t3::stack_block4_on_block1,missing_precondition_bt,correct_bt,0.0,52.00723999999999,52.184525,0.1772850000000119,leave_one_task_out,no_symbolic_features
v2_stacking_probe::state_004_t4::stack_block4_on_block1,missing_precondition_bt,missing_precondition_bt,0.0,52.53132,52.53132,0.0,leave_one_task_out,no_symbolic_features
v1_supported_by::state_000_t0::place_block1_on_block5,missing_precondition_bt,missing_precondition_bt,1.0,155.38221,155.38221,0.0,leave_one_task_out,no_benchmark_id
v1_supported_by::state_001_t1::place_block1_on_block5,missing_precondition_bt,missing_precondition_bt,1.0,153.44245999999998,153.44245999999998,0.0,leave_one_task_out,no_benchmark_id
v1_supported_by::state_002_t2::place_block1_on_block5,missing_precondition_bt,missing_precondition_bt,1.0,153.367215,153.367215,0.0,leave_one_task_out,no_benchmark_id
v1_supported_by::state_003_t3::place_block1_on_block5,missing_precondition_bt,missing_precondition_bt,1.0,153.170655,153.170655,0.0,leave_one_task_out,no_benchmark_id
v1_supported_by::state_004_t4::place_block1_on_block5,missing_precondition_bt,missing_precondition_bt,1.0,152.95333,152.95333,0.0,leave_one_task_out,no_benchmark_id
v2_stacking_probe::state_000_t0::place_block1_on_block5,missing_precondition_bt,missing_precondition_bt,1.0,154.09874,154.09874,0.0,leave_one_task_out,no_benchmark_id
v2_stacking_probe::state_001_t1::place_block1_on_block5,missing_precondition_bt,correct_bt,1.0,153.109245,153.15418,0.044935000000009495,leave_one_task_out,no_benchmark_id
v2_stacking_probe::state_002_t2::place_block1_on_block5,missing_precondition_bt,missing_precondition_bt,1.0,153.49909499999998,153.49909499999998,0.0,leave_one_task_out,no_benchmark_id
v2_stacking_probe::state_003_t3::place_block1_on_block5,missing_precondition_bt,missing_precondition_bt,1.0,152.9511,152.9511,0.0,leave_one_task_out,no_benchmark_id
v2_stacking_probe::state_004_t4::place_block1_on_block5,missing_precondition_bt,missing_precondition_bt,1.0,153.72714,153.72714,0.0,leave_one_task_out,no_benchmark_id
v2b_physical_strategy::state_000_t0::place_block1_on_block5,corner_place_bt,edge_place_bt,1.0,154.40667499999998,154.814875,0.4082000000000221,leave_one_task_out,no_benchmark_id
v2b_physical_strategy::state_001_t1::place_block1_on_block5,corner_place_bt,corner_place_bt,1.0,153.23799,153.23799,0.0,leave_one_task_out,no_benchmark_id
v2b_physical_strategy::state_002_t2::place_block1_on_block5,corner_place_bt,edge_place_bt,1.0,152.191105,153.22376,1.0326550000000054,leave_one_task_out,no_benchmark_id
v2b_physical_strategy::state_003_t3::place_block1_on_block5,corner_place_bt,edge_place_bt,1.0,152.856135,153.30749999999998,0.45136499999998136,leave_one_task_out,no_benchmark_id
v2b_physical_strategy::state_004_t4::place_block1_on_block5,corner_place_bt,center_place_bt,1.0,152.69662499999998,153.324175,0.6275500000000136,leave_one_task_out,no_benchmark_id
v1_supported_by::state_000_t0::place_block2_on_block6,missing_precondition_bt,correct_bt,1.0,155.08305000000001,155.12254499999997,0.039494999999959646,leave_one_task_out,no_benchmark_id
v1_supported_by::state_001_t1::place_block2_on_block6,missing_precondition_bt,missing_precondition_bt,1.0,155.39746499999998,155.39746499999998,0.0,leave_one_task_out,no_benchmark_id
v1_supported_by::state_002_t2::place_block2_on_block6,missing_precondition_bt,missing_precondition_bt,1.0,154.40586499999998,154.40586499999998,0.0,leave_one_task_out,no_benchmark_id
v1_supported_by::state_003_t3::place_block2_on_block6,missing_precondition_bt,missing_precondition_bt,1.0,153.193355,153.193355,0.0,leave_one_task_out,no_benchmark_id
v1_supported_by::state_004_t4::place_block2_on_block6,missing_precondition_bt,correct_bt,1.0,152.83695999999998,152.91567,0.07871000000002937,leave_one_task_out,no_benchmark_id
v2_stacking_probe::state_000_t0::place_block2_on_block6,missing_precondition_bt,missing_precondition_bt,1.0,155.06958,155.06958,0.0,leave_one_task_out,no_benchmark_id
v2_stacking_probe::state_001_t1::place_block2_on_block6,missing_precondition_bt,correct_bt,1.0,153.84969,154.263415,0.41372499999999945,leave_one_task_out,no_benchmark_id
v2_stacking_probe::state_002_t2::place_block2_on_block6,missing_precondition_bt,missing_precondition_bt,1.0,154.400895,154.400895,0.0,leave_one_task_out,no_benchmark_id
v2_stacking_probe::state_003_t3::place_block2_on_block6,missing_precondition_bt,missing_precondition_bt,1.0,154.298035,154.298035,0.0,leave_one_task_out,no_benchmark_id
v2_stacking_probe::state_004_t4::place_block2_on_block6,missing_precondition_bt,missing_precondition_bt,1.0,153.55688,153.55688,0.0,leave_one_task_out,no_benchmark_id
v1_supported_by::state_000_t0::place_block3_on_block5,missing_precondition_bt,correct_bt,1.0,154.15366,154.76969,0.616029999999995,leave_one_task_out,no_benchmark_id
v1_supported_by::state_001_t1::place_block3_on_block5,missing_precondition_bt,missing_precondition_bt,1.0,153.78701999999998,153.78701999999998,0.0,leave_one_task_out,no_benchmark_id
v1_supported_by::state_002_t2::place_block3_on_block5,missing_precondition_bt,missing_precondition_bt,1.0,152.837325,152.837325,0.0,leave_one_task_out,no_benchmark_id
v1_supported_by::state_003_t3::place_block3_on_block5,missing_precondition_bt,missing_precondition_bt,1.0,152.9585,152.9585,0.0,leave_one_task_out,no_benchmark_id
v1_supported_by::state_004_t4::place_block3_on_block5,missing_precondition_bt,missing_precondition_bt,1.0,153.212055,153.212055,0.0,leave_one_task_out,no_benchmark_id
v2_stacking_probe::state_000_t0::place_block3_on_block5,missing_precondition_bt,missing_precondition_bt,1.0,155.51667,155.51667,0.0,leave_one_task_out,no_benchmark_id
v2_stacking_probe::state_001_t1::place_block3_on_block5,missing_precondition_bt,missing_precondition_bt,1.0,153.637755,153.637755,0.0,leave_one_task_out,no_benchmark_id
v2_stacking_probe::state_002_t2::place_block3_on_block5,missing_precondition_bt,missing_precondition_bt,1.0,153.66851999999997,153.66851999999997,0.0,leave_one_task_out,no_benchmark_id
v2_stacking_probe::state_003_t3::place_block3_on_block5,missing_precondition_bt,correct_bt,1.0,152.95591,152.98246,0.026550000000014506,leave_one_task_out,no_benchmark_id
v2_stacking_probe::state_004_t4::place_block3_on_block5,missing_precondition_bt,missing_precondition_bt,1.0,152.93769999999998,152.93769999999998,0.0,leave_one_task_out,no_benchmark_id
v2b_physical_strategy::state_000_t0::place_block3_on_block5,corner_place_bt,center_place_bt,1.0,153.883435,154.540805,0.6573700000000144,leave_one_task_out,no_benchmark_id
v2b_physical_strategy::state_001_t1::place_block3_on_block5,corner_place_bt,center_place_bt,1.0,152.60556499999998,153.143105,0.537540000000007,leave_one_task_out,no_benchmark_id
v2b_physical_strategy::state_002_t2::place_block3_on_block5,corner_place_bt,center_place_bt,1.0,152.73984000000002,153.321175,0.5813349999999957,leave_one_task_out,no_benchmark_id
v2b_physical_strategy::state_003_t3::place_block3_on_block5,corner_place_bt,corner_place_bt,1.0,152.451895,152.451895,0.0,leave_one_task_out,no_benchmark_id
v2b_physical_strategy::state_004_t4::place_block3_on_block5,corner_place_bt,center_place_bt,1.0,152.42422000000002,153.242075,0.8178549999999802,leave_one_task_out,no_benchmark_id
v2_stacking_probe::state_000_t0::stack_block1_on_block3,missing_precondition_bt,missing_precondition_bt,0.0,53.34975000000001,53.34975000000001,0.0,leave_one_task_out,no_benchmark_id
v2_stacking_probe::state_001_t1::stack_block1_on_block3,missing_precondition_bt,correct_bt,0.0,52.324885,52.36842500000001,0.04354000000000724,leave_one_task_out,no_benchmark_id
v2_stacking_probe::state_002_t2::stack_block1_on_block3,correct_bt,correct_bt,1.0,152.50336,152.50336,0.0,leave_one_task_out,no_benchmark_id
v2_stacking_probe::state_003_t3::stack_block1_on_block3,missing_precondition_bt,missing_precondition_bt,0.0,52.899449999999995,52.899449999999995,0.0,leave_one_task_out,no_benchmark_id
v2_stacking_probe::state_004_t4::stack_block1_on_block3,missing_precondition_bt,correct_bt,0.0,52.168195000000004,52.332585,0.16438999999999737,leave_one_task_out,no_benchmark_id
v2b_physical_strategy::state_000_t0::stack_block1_on_block3,center_place_bt,corner_place_bt,0.0,52.50613499999999,53.63685,1.1307150000000092,leave_one_task_out,no_benchmark_id
v2b_physical_strategy::state_001_t1::stack_block1_on_block3,center_place_bt,far_offset_bt,0.0,51.733380000000004,52.62006,0.8866799999999984,leave_one_task_out,no_benchmark_id
v2b_physical_strategy::state_002_t2::stack_block1_on_block3,over_edge_bt,over_edge_bt,1.0,153.20096,153.20096,0.0,leave_one_task_out,no_benchmark_id
v2b_physical_strategy::state_003_t3::stack_block1_on_block3,center_place_bt,corner_place_bt,0.0,52.057570000000005,52.24962,0.19204999999999472,leave_one_task_out,no_benchmark_id
v2b_physical_strategy::state_004_t4::stack_block1_on_block3,center_place_bt,center_place_bt,0.0,52.01614,52.01614,0.0,leave_one_task_out,no_benchmark_id
v2_stacking_probe::state_000_t0::stack_block2_on_block1,missing_precondition_bt,missing_precondition_bt,0.0,54.67318500000001,54.67318500000001,0.0,leave_one_task_out,no_benchmark_id
v2_stacking_probe::state_001_t1::stack_block2_on_block1,missing_precondition_bt,missing_precondition_bt,0.0,54.332580000000014,54.332580000000014,0.0,leave_one_task_out,no_benchmark_id
v2_stacking_probe::state_002_t2::stack_block2_on_block1,missing_precondition_bt,missing_precondition_bt,0.0,53.06869,53.06869,0.0,leave_one_task_out,no_benchmark_id
v2_stacking_probe::state_003_t3::stack_block2_on_block1,missing_precondition_bt,missing_precondition_bt,0.0,53.440715000000004,53.440715000000004,0.0,leave_one_task_out,no_benchmark_id
v2_stacking_probe::state_004_t4::stack_block2_on_block1,missing_precondition_bt,missing_precondition_bt,0.0,52.99184499999999,52.99184499999999,0.0,leave_one_task_out,no_benchmark_id
v1_supported_by::state_000_t0::stack_block3_on_block1,missing_precondition_bt,missing_precondition_bt,0.0,53.01372,53.01372,0.0,leave_one_task_out,no_benchmark_id
v1_supported_by::state_001_t1::stack_block3_on_block1,correct_bt,correct_bt,1.0,152.284665,152.284665,0.0,leave_one_task_out,no_benchmark_id
v1_supported_by::state_002_t2::stack_block3_on_block1,missing_precondition_bt,missing_precondition_bt,0.0,53.058159999999994,53.058159999999994,0.0,leave_one_task_out,no_benchmark_id
v1_supported_by::state_003_t3::stack_block3_on_block1,missing_precondition_bt,missing_precondition_bt,0.0,52.122009999999996,52.122009999999996,0.0,leave_one_task_out,no_benchmark_id
v1_supported_by::state_004_t4::stack_block3_on_block1,missing_precondition_bt,missing_precondition_bt,0.0,52.50782,52.50782,0.0,leave_one_task_out,no_benchmark_id
v2_stacking_probe::state_000_t0::stack_block3_on_block1,missing_precondition_bt,correct_bt,0.0,53.217335,53.58803500000001,0.3707000000000136,leave_one_task_out,no_benchmark_id
v2_stacking_probe::state_001_t1::stack_block3_on_block1,missing_precondition_bt,missing_precondition_bt,0.0,52.16401500000001,52.16401500000001,0.0,leave_one_task_out,no_benchmark_id
v2_stacking_probe::state_002_t2::stack_block3_on_block1,missing_precondition_bt,missing_precondition_bt,0.0,52.167970000000004,52.167970000000004,0.0,leave_one_task_out,no_benchmark_id
v2_stacking_probe::state_003_t3::stack_block3_on_block1,missing_precondition_bt,missing_precondition_bt,0.0,52.62147000000001,52.62147000000001,0.0,leave_one_task_out,no_benchmark_id
v2_stacking_probe::state_004_t4::stack_block3_on_block1,missing_precondition_bt,missing_precondition_bt,0.0,52.81371000000001,52.81371000000001,0.0,leave_one_task_out,no_benchmark_id
v2b_physical_strategy::state_000_t0::stack_block3_on_block1,center_place_bt,correct_bt,0.0,52.79023999999999,55.07473500000001,2.284495000000021,leave_one_task_out,no_benchmark_id
v2b_physical_strategy::state_001_t1::stack_block3_on_block1,center_place_bt,far_offset_bt,0.0,51.986354999999996,53.114084999999996,1.1277299999999997,leave_one_task_out,no_benchmark_id
v2b_physical_strategy::state_002_t2::stack_block3_on_block1,center_place_bt,correct_bt,0.0,52.163255,52.46297499999999,0.29971999999999355,leave_one_task_out,no_benchmark_id
v2b_physical_strategy::state_003_t3::stack_block3_on_block1,center_place_bt,edge_place_bt,0.0,51.86017999999999,52.101045000000006,0.24086500000001365,leave_one_task_out,no_benchmark_id
v2b_physical_strategy::state_004_t4::stack_block3_on_block1,center_place_bt,corner_place_bt,0.0,52.159715,52.45388500000001,0.29417000000000826,leave_one_task_out,no_benchmark_id
v2_stacking_probe::state_000_t0::stack_block3_on_block2,missing_precondition_bt,missing_precondition_bt,0.0,54.023864999999994,54.023864999999994,0.0,leave_one_task_out,no_benchmark_id
v2_stacking_probe::state_001_t1::stack_block3_on_block2,missing_precondition_bt,missing_precondition_bt,0.0,52.62513500000001,52.62513500000001,0.0,leave_one_task_out,no_benchmark_id
v2_stacking_probe::state_002_t2::stack_block3_on_block2,missing_precondition_bt,missing_precondition_bt,0.0,52.75409,52.75409,0.0,leave_one_task_out,no_benchmark_id
v2_stacking_probe::state_003_t3::stack_block3_on_block2,missing_precondition_bt,correct_bt,0.0,52.062734999999996,52.47686000000001,0.41412500000001273,leave_one_task_out,no_benchmark_id
v2_stacking_probe::state_004_t4::stack_block3_on_block2,missing_precondition_bt,missing_precondition_bt,0.0,52.53896500000001,52.53896500000001,0.0,leave_one_task_out,no_benchmark_id
v2_stacking_probe::state_000_t0::stack_block4_on_block1,missing_precondition_bt,correct_bt,0.0,53.26951999999999,54.844355,1.5748350000000073,leave_one_task_out,no_benchmark_id
v2_stacking_probe::state_001_t1::stack_block4_on_block1,missing_precondition_bt,correct_bt,0.0,52.08799,52.320879999999995,0.2328899999999976,leave_one_task_out,no_benchmark_id
v2_stacking_probe::state_002_t2::stack_block4_on_block1,missing_precondition_bt,correct_bt,0.0,52.16233999999999,52.195924999999995,0.033585000000002196,leave_one_task_out,no_benchmark_id
v2_stacking_probe::state_003_t3::stack_block4_on_block1,missing_precondition_bt,correct_bt,0.0,52.00723999999999,52.184525,0.1772850000000119,leave_one_task_out,no_benchmark_id
v2_stacking_probe::state_004_t4::stack_block4_on_block1,missing_precondition_bt,missing_precondition_bt,0.0,52.53132,52.53132,0.0,leave_one_task_out,no_benchmark_id
v1_supported_by::state_000_t0::place_block1_on_block5,correct_bt,missing_precondition_bt,1.0,154.31445,155.38221,1.0677599999999927,leave_one_task_out,task_world_only
v1_supported_by::state_001_t1::place_block1_on_block5,correct_bt,missing_precondition_bt,1.0,152.49212,153.44245999999998,0.9503399999999829,leave_one_task_out,task_world_only
v1_supported_by::state_002_t2::place_block1_on_block5,correct_bt,missing_precondition_bt,1.0,153.342585,153.367215,0.024629999999973506,leave_one_task_out,task_world_only
v1_supported_by::state_003_t3::place_block1_on_block5,correct_bt,missing_precondition_bt,1.0,152.62785499999998,153.170655,0.5428000000000281,leave_one_task_out,task_world_only
v1_supported_by::state_004_t4::place_block1_on_block5,correct_bt,missing_precondition_bt,1.0,152.169515,152.95333,0.7838150000000041,leave_one_task_out,task_world_only
v2_stacking_probe::state_000_t0::place_block1_on_block5,correct_bt,missing_precondition_bt,1.0,153.37471,154.09874,0.7240299999999991,leave_one_task_out,task_world_only
v2_stacking_probe::state_001_t1::place_block1_on_block5,correct_bt,correct_bt,1.0,153.15418,153.15418,0.0,leave_one_task_out,task_world_only
v2_stacking_probe::state_002_t2::place_block1_on_block5,correct_bt,missing_precondition_bt,1.0,153.029355,153.49909499999998,0.4697399999999732,leave_one_task_out,task_world_only
v2_stacking_probe::state_003_t3::place_block1_on_block5,correct_bt,missing_precondition_bt,1.0,152.506215,152.9511,0.4448849999999993,leave_one_task_out,task_world_only
v2_stacking_probe::state_004_t4::place_block1_on_block5,correct_bt,missing_precondition_bt,1.0,152.756135,153.72714,0.971004999999991,leave_one_task_out,task_world_only
v2b_physical_strategy::state_000_t0::place_block1_on_block5,correct_bt,edge_place_bt,1.0,154.77248,154.814875,0.04239499999999907,leave_one_task_out,task_world_only
v2b_physical_strategy::state_001_t1::place_block1_on_block5,correct_bt,corner_place_bt,1.0,152.485,153.23799,0.7529899999999827,leave_one_task_out,task_world_only
v2b_physical_strategy::state_002_t2::place_block1_on_block5,correct_bt,edge_place_bt,1.0,152.66660499999998,153.22376,0.5571550000000229,leave_one_task_out,task_world_only
v2b_physical_strategy::state_003_t3::place_block1_on_block5,correct_bt,edge_place_bt,1.0,152.734095,153.30749999999998,0.5734049999999797,leave_one_task_out,task_world_only
v2b_physical_strategy::state_004_t4::place_block1_on_block5,correct_bt,center_place_bt,1.0,152.80485,153.324175,0.5193250000000091,leave_one_task_out,task_world_only
v1_supported_by::state_000_t0::place_block2_on_block6,correct_bt,correct_bt,1.0,155.12254499999997,155.12254499999997,0.0,leave_one_task_out,task_world_only
v1_supported_by::state_001_t1::place_block2_on_block6,correct_bt,missing_precondition_bt,1.0,154.12258,155.39746499999998,1.2748849999999834,leave_one_task_out,task_world_only
v1_supported_by::state_002_t2::place_block2_on_block6,correct_bt,missing_precondition_bt,1.0,153.36935,154.40586499999998,1.03651499999998,leave_one_task_out,task_world_only
v1_supported_by::state_003_t3::place_block2_on_block6,correct_bt,missing_precondition_bt,1.0,153.023125,153.193355,0.17023000000000366,leave_one_task_out,task_world_only
v1_supported_by::state_004_t4::place_block2_on_block6,correct_bt,correct_bt,1.0,152.91567,152.91567,0.0,leave_one_task_out,task_world_only
v2_stacking_probe::state_000_t0::place_block2_on_block6,correct_bt,missing_precondition_bt,1.0,154.44171,155.06958,0.6278700000000015,leave_one_task_out,task_world_only
v2_stacking_probe::state_001_t1::place_block2_on_block6,correct_bt,correct_bt,1.0,154.263415,154.263415,0.0,leave_one_task_out,task_world_only
v2_stacking_probe::state_002_t2::place_block2_on_block6,correct_bt,missing_precondition_bt,1.0,153.70653,154.400895,0.6943650000000048,leave_one_task_out,task_world_only
v2_stacking_probe::state_003_t3::place_block2_on_block6,correct_bt,missing_precondition_bt,1.0,153.70471999999998,154.298035,0.5933150000000182,leave_one_task_out,task_world_only
v2_stacking_probe::state_004_t4::place_block2_on_block6,correct_bt,missing_precondition_bt,1.0,153.51444,153.55688,0.042439999999999145,leave_one_task_out,task_world_only
v1_supported_by::state_000_t0::place_block3_on_block5,correct_bt,correct_bt,1.0,154.76969,154.76969,0.0,leave_one_task_out,task_world_only
v1_supported_by::state_001_t1::place_block3_on_block5,correct_bt,missing_precondition_bt,1.0,152.792105,153.78701999999998,0.9949149999999918,leave_one_task_out,task_world_only
v1_supported_by::state_002_t2::place_block3_on_block5,correct_bt,missing_precondition_bt,1.0,152.50626999999997,152.837325,0.3310550000000205,leave_one_task_out,task_world_only
v1_supported_by::state_003_t3::place_block3_on_block5,correct_bt,missing_precondition_bt,1.0,152.88947499999998,152.9585,0.06902500000001055,leave_one_task_out,task_world_only
v1_supported_by::state_004_t4::place_block3_on_block5,correct_bt,missing_precondition_bt,1.0,152.913115,153.212055,0.29893999999998755,leave_one_task_out,task_world_only
v2_stacking_probe::state_000_t0::place_block3_on_block5,correct_bt,missing_precondition_bt,1.0,155.101575,155.51667,0.415095000000008,leave_one_task_out,task_world_only
v2_stacking_probe::state_001_t1::place_block3_on_block5,correct_bt,missing_precondition_bt,1.0,152.923885,153.637755,0.7138699999999858,leave_one_task_out,task_world_only
v2_stacking_probe::state_002_t2::place_block3_on_block5,correct_bt,missing_precondition_bt,1.0,153.060625,153.66851999999997,0.607894999999985,leave_one_task_out,task_world_only
v2_stacking_probe::state_003_t3::place_block3_on_block5,correct_bt,correct_bt,1.0,152.98246,152.98246,0.0,leave_one_task_out,task_world_only
v2_stacking_probe::state_004_t4::place_block3_on_block5,correct_bt,missing_precondition_bt,1.0,152.76073999999997,152.93769999999998,0.17696000000000822,leave_one_task_out,task_world_only
v2b_physical_strategy::state_000_t0::place_block3_on_block5,correct_bt,center_place_bt,1.0,153.505955,154.540805,1.0348500000000058,leave_one_task_out,task_world_only
v2b_physical_strategy::state_001_t1::place_block3_on_block5,correct_bt,center_place_bt,1.0,152.099175,153.143105,1.043929999999989,leave_one_task_out,task_world_only
v2b_physical_strategy::state_002_t2::place_block3_on_block5,correct_bt,center_place_bt,1.0,152.280945,153.321175,1.0402300000000082,leave_one_task_out,task_world_only
v2b_physical_strategy::state_003_t3::place_block3_on_block5,correct_bt,corner_place_bt,1.0,152.43555,152.451895,0.016345000000001164,leave_one_task_out,task_world_only
v2b_physical_strategy::state_004_t4::place_block3_on_block5,correct_bt,center_place_bt,1.0,153.126685,153.242075,0.11538999999999078,leave_one_task_out,task_world_only
v2_stacking_probe::state_000_t0::stack_block1_on_block3,correct_bt,missing_precondition_bt,0.0,53.072075000000005,53.34975000000001,0.2776750000000021,leave_one_task_out,task_world_only
v2_stacking_probe::state_001_t1::stack_block1_on_block3,correct_bt,correct_bt,0.0,52.36842500000001,52.36842500000001,0.0,leave_one_task_out,task_world_only
v2_stacking_probe::state_002_t2::stack_block1_on_block3,correct_bt,correct_bt,1.0,152.50336,152.50336,0.0,leave_one_task_out,task_world_only
v2_stacking_probe::state_003_t3::stack_block1_on_block3,correct_bt,missing_precondition_bt,0.0,51.97726000000001,52.899449999999995,0.9221899999999863,leave_one_task_out,task_world_only
v2_stacking_probe::state_004_t4::stack_block1_on_block3,correct_bt,correct_bt,0.0,52.332585,52.332585,0.0,leave_one_task_out,task_world_only
v2b_physical_strategy::state_000_t0::stack_block1_on_block3,correct_bt,corner_place_bt,0.0,53.552434999999996,53.63685,0.08441500000000701,leave_one_task_out,task_world_only
v2b_physical_strategy::state_001_t1::stack_block1_on_block3,correct_bt,far_offset_bt,0.0,51.702225000000006,52.62006,0.9178349999999966,leave_one_task_out,task_world_only
v2b_physical_strategy::state_002_t2::stack_block1_on_block3,correct_bt,over_edge_bt,0.0,52.0165,153.20096,101.18446,leave_one_task_out,task_world_only
v2b_physical_strategy::state_003_t3::stack_block1_on_block3,correct_bt,corner_place_bt,0.0,52.011635000000005,52.24962,0.23798499999999478,leave_one_task_out,task_world_only
v2b_physical_strategy::state_004_t4::stack_block1_on_block3,correct_bt,center_place_bt,0.0,51.8315,52.01614,0.1846400000000017,leave_one_task_out,task_world_only
v2_stacking_probe::state_000_t0::stack_block2_on_block1,correct_bt,missing_precondition_bt,0.0,54.017779999999995,54.67318500000001,0.655405000000016,leave_one_task_out,task_world_only
v2_stacking_probe::state_001_t1::stack_block2_on_block1,correct_bt,missing_precondition_bt,0.0,53.50703000000001,54.332580000000014,0.8255500000000069,leave_one_task_out,task_world_only
v2_stacking_probe::state_002_t2::stack_block2_on_block1,correct_bt,missing_precondition_bt,0.0,52.603355,53.06869,0.46533499999999606,leave_one_task_out,task_world_only
v2_stacking_probe::state_003_t3::stack_block2_on_block1,correct_bt,missing_precondition_bt,0.0,52.353405,53.440715000000004,1.0873100000000022,leave_one_task_out,task_world_only
v2_stacking_probe::state_004_t4::stack_block2_on_block1,correct_bt,missing_precondition_bt,0.0,51.671254999999995,52.99184499999999,1.3205899999999957,leave_one_task_out,task_world_only
v1_supported_by::state_000_t0::stack_block3_on_block1,correct_bt,missing_precondition_bt,0.0,52.5588,53.01372,0.4549200000000013,leave_one_task_out,task_world_only
v1_supported_by::state_001_t1::stack_block3_on_block1,correct_bt,correct_bt,1.0,152.284665,152.284665,0.0,leave_one_task_out,task_world_only
v1_supported_by::state_002_t2::stack_block3_on_block1,correct_bt,missing_precondition_bt,0.0,52.098795,53.058159999999994,0.9593649999999911,leave_one_task_out,task_world_only
v1_supported_by::state_003_t3::stack_block3_on_block1,correct_bt,missing_precondition_bt,0.0,52.016445,52.122009999999996,0.10556499999999858,leave_one_task_out,task_world_only
v1_supported_by::state_004_t4::stack_block3_on_block1,correct_bt,missing_precondition_bt,0.0,52.166059999999995,52.50782,0.34176000000000784,leave_one_task_out,task_world_only
v2_stacking_probe::state_000_t0::stack_block3_on_block1,correct_bt,correct_bt,0.0,53.58803500000001,53.58803500000001,0.0,leave_one_task_out,task_world_only
v2_stacking_probe::state_001_t1::stack_block3_on_block1,correct_bt,missing_precondition_bt,0.0,51.40027,52.16401500000001,0.7637450000000143,leave_one_task_out,task_world_only
v2_stacking_probe::state_002_t2::stack_block3_on_block1,correct_bt,missing_precondition_bt,0.0,52.13725,52.167970000000004,0.0307200000000023,leave_one_task_out,task_world_only
v2_stacking_probe::state_003_t3::stack_block3_on_block1,correct_bt,missing_precondition_bt,0.0,51.588675,52.62147000000001,1.0327950000000072,leave_one_task_out,task_world_only
v2_stacking_probe::state_004_t4::stack_block3_on_block1,correct_bt,missing_precondition_bt,0.0,51.91159000000001,52.81371000000001,0.9021199999999965,leave_one_task_out,task_world_only
v2b_physical_strategy::state_000_t0::stack_block3_on_block1,correct_bt,correct_bt,0.0,55.07473500000001,55.07473500000001,0.0,leave_one_task_out,task_world_only
v2b_physical_strategy::state_001_t1::stack_block3_on_block1,correct_bt,far_offset_bt,0.0,51.80738999999999,53.114084999999996,1.3066950000000048,leave_one_task_out,task_world_only
v2b_physical_strategy::state_002_t2::stack_block3_on_block1,correct_bt,correct_bt,0.0,52.46297499999999,52.46297499999999,0.0,leave_one_task_out,task_world_only
v2b_physical_strategy::state_003_t3::stack_block3_on_block1,correct_bt,edge_place_bt,0.0,51.907085,52.101045000000006,0.19396000000000413,leave_one_task_out,task_world_only
v2b_physical_strategy::state_004_t4::stack_block3_on_block1,correct_bt,corner_place_bt,0.0,52.42519500000001,52.45388500000001,0.02868999999999744,leave_one_task_out,task_world_only
v2_stacking_probe::state_000_t0::stack_block3_on_block2,correct_bt,missing_precondition_bt,0.0,53.387015,54.023864999999994,0.6368499999999955,leave_one_task_out,task_world_only
v2_stacking_probe::state_001_t1::stack_block3_on_block2,correct_bt,missing_precondition_bt,0.0,52.375814999999996,52.62513500000001,0.24932000000001153,leave_one_task_out,task_world_only
v2_stacking_probe::state_002_t2::stack_block3_on_block2,correct_bt,missing_precondition_bt,0.0,51.51706000000001,52.75409,1.23702999999999,leave_one_task_out,task_world_only
v2_stacking_probe::state_003_t3::stack_block3_on_block2,correct_bt,correct_bt,0.0,52.47686000000001,52.47686000000001,0.0,leave_one_task_out,task_world_only
v2_stacking_probe::state_004_t4::stack_block3_on_block2,correct_bt,missing_precondition_bt,0.0,52.286870000000015,52.53896500000001,0.25209499999999707,leave_one_task_out,task_world_only
v2_stacking_probe::state_000_t0::stack_block4_on_block1,correct_bt,correct_bt,0.0,54.844355,54.844355,0.0,leave_one_task_out,task_world_only
v2_stacking_probe::state_001_t1::stack_block4_on_block1,correct_bt,correct_bt,0.0,52.320879999999995,52.320879999999995,0.0,leave_one_task_out,task_world_only
v2_stacking_probe::state_002_t2::stack_block4_on_block1,correct_bt,correct_bt,0.0,52.195924999999995,52.195924999999995,0.0,leave_one_task_out,task_world_only
v2_stacking_probe::state_003_t3::stack_block4_on_block1,correct_bt,correct_bt,0.0,52.184525,52.184525,0.0,leave_one_task_out,task_world_only
v2_stacking_probe::state_004_t4::stack_block4_on_block1,correct_bt,missing_precondition_bt,0.0,51.818310000000004,52.53132,0.713009999999997,leave_one_task_out,task_world_only
v1_supported_by::state_000_t0::place_block1_on_block5,redundant_bt,missing_precondition_bt,1.0,153.679585,155.38221,1.7026249999999834,leave_one_task_out,structure_only
v1_supported_by::state_001_t1::place_block1_on_block5,redundant_bt,missing_precondition_bt,1.0,151.81768,153.44245999999998,1.624779999999987,leave_one_task_out,structure_only
v1_supported_by::state_002_t2::place_block1_on_block5,redundant_bt,missing_precondition_bt,1.0,151.76090499999998,153.367215,1.6063100000000077,leave_one_task_out,structure_only
v1_supported_by::state_003_t3::place_block1_on_block5,redundant_bt,missing_precondition_bt,1.0,151.327195,153.170655,1.8434600000000216,leave_one_task_out,structure_only
v1_supported_by::state_004_t4::place_block1_on_block5,redundant_bt,missing_precondition_bt,1.0,151.450315,152.95333,1.5030150000000049,leave_one_task_out,structure_only
v2_stacking_probe::state_000_t0::place_block1_on_block5,redundant_bt,missing_precondition_bt,1.0,153.05541499999998,154.09874,1.04332500000001,leave_one_task_out,structure_only
v2_stacking_probe::state_001_t1::place_block1_on_block5,redundant_bt,correct_bt,1.0,151.41624499999998,153.15418,1.7379350000000215,leave_one_task_out,structure_only
v2_stacking_probe::state_002_t2::place_block1_on_block5,redundant_bt,missing_precondition_bt,1.0,151.69857,153.49909499999998,1.8005249999999933,leave_one_task_out,structure_only
v2_stacking_probe::state_003_t3::place_block1_on_block5,redundant_bt,missing_precondition_bt,1.0,151.96967,152.9511,0.9814299999999889,leave_one_task_out,structure_only
v2_stacking_probe::state_004_t4::place_block1_on_block5,redundant_bt,missing_precondition_bt,1.0,151.500565,153.72714,2.226574999999997,leave_one_task_out,structure_only
v2b_physical_strategy::state_000_t0::place_block1_on_block5,correct_bt,edge_place_bt,1.0,154.77248,154.814875,0.04239499999999907,leave_one_task_out,structure_only
v2b_physical_strategy::state_001_t1::place_block1_on_block5,correct_bt,corner_place_bt,1.0,152.485,153.23799,0.7529899999999827,leave_one_task_out,structure_only
v2b_physical_strategy::state_002_t2::place_block1_on_block5,correct_bt,edge_place_bt,1.0,152.66660499999998,153.22376,0.5571550000000229,leave_one_task_out,structure_only
v2b_physical_strategy::state_003_t3::place_block1_on_block5,correct_bt,edge_place_bt,1.0,152.734095,153.30749999999998,0.5734049999999797,leave_one_task_out,structure_only
v2b_physical_strategy::state_004_t4::place_block1_on_block5,correct_bt,center_place_bt,1.0,152.80485,153.324175,0.5193250000000091,leave_one_task_out,structure_only
v1_supported_by::state_000_t0::place_block2_on_block6,redundant_bt,correct_bt,1.0,153.800435,155.12254499999997,1.3221099999999808,leave_one_task_out,structure_only
v1_supported_by::state_001_t1::place_block2_on_block6,redundant_bt,missing_precondition_bt,1.0,153.77527,155.39746499999998,1.6221949999999765,leave_one_task_out,structure_only
v1_supported_by::state_002_t2::place_block2_on_block6,redundant_bt,missing_precondition_bt,1.0,151.95801,154.40586499999998,2.4478549999999757,leave_one_task_out,structure_only
v1_supported_by::state_003_t3::place_block2_on_block6,redundant_bt,missing_precondition_bt,1.0,152.248185,153.193355,0.9451699999999903,leave_one_task_out,structure_only
v1_supported_by::state_004_t4::place_block2_on_block6,redundant_bt,correct_bt,1.0,152.369425,152.91567,0.546244999999999,leave_one_task_out,structure_only
v2_stacking_probe::state_000_t0::place_block2_on_block6,redundant_bt,missing_precondition_bt,1.0,153.951695,155.06958,1.1178850000000011,leave_one_task_out,structure_only
v2_stacking_probe::state_001_t1::place_block2_on_block6,redundant_bt,correct_bt,1.0,152.56279999999998,154.263415,1.7006150000000275,leave_one_task_out,structure_only
v2_stacking_probe::state_002_t2::place_block2_on_block6,redundant_bt,missing_precondition_bt,1.0,152.393835,154.400895,2.0070599999999956,leave_one_task_out,structure_only
v2_stacking_probe::state_003_t3::place_block2_on_block6,redundant_bt,missing_precondition_bt,1.0,152.69698,154.298035,1.6010550000000023,leave_one_task_out,structure_only
v2_stacking_probe::state_004_t4::place_block2_on_block6,redundant_bt,missing_precondition_bt,1.0,151.64270499999998,153.55688,1.9141750000000286,leave_one_task_out,structure_only
v1_supported_by::state_000_t0::place_block3_on_block5,redundant_bt,correct_bt,1.0,153.39275999999998,154.76969,1.3769300000000158,leave_one_task_out,structure_only
v1_supported_by::state_001_t1::place_block3_on_block5,redundant_bt,missing_precondition_bt,1.0,151.941085,153.78701999999998,1.8459349999999972,leave_one_task_out,structure_only
v1_supported_by::state_002_t2::place_block3_on_block5,redundant_bt,missing_precondition_bt,1.0,151.76772,152.837325,1.0696049999999957,leave_one_task_out,structure_only
v1_supported_by::state_003_t3::place_block3_on_block5,redundant_bt,missing_precondition_bt,1.0,151.29417,152.9585,1.6643299999999783,leave_one_task_out,structure_only
v1_supported_by::state_004_t4::place_block3_on_block5,redundant_bt,missing_precondition_bt,1.0,151.75028999999998,153.212055,1.461765000000014,leave_one_task_out,structure_only
v2_stacking_probe::state_000_t0::place_block3_on_block5,redundant_bt,missing_precondition_bt,1.0,152.97124,155.51667,2.5454300000000103,leave_one_task_out,structure_only
v2_stacking_probe::state_001_t1::place_block3_on_block5,redundant_bt,missing_precondition_bt,1.0,152.234265,153.637755,1.403490000000005,leave_one_task_out,structure_only
v2_stacking_probe::state_002_t2::place_block3_on_block5,redundant_bt,missing_precondition_bt,1.0,151.93909499999998,153.66851999999997,1.729424999999992,leave_one_task_out,structure_only
v2_stacking_probe::state_003_t3::place_block3_on_block5,redundant_bt,correct_bt,1.0,151.62382499999998,152.98246,1.358635000000021,leave_one_task_out,structure_only
v2_stacking_probe::state_004_t4::place_block3_on_block5,redundant_bt,missing_precondition_bt,1.0,151.411005,152.93769999999998,1.5266949999999895,leave_one_task_out,structure_only
v2b_physical_strategy::state_000_t0::place_block3_on_block5,correct_bt,center_place_bt,1.0,153.505955,154.540805,1.0348500000000058,leave_one_task_out,structure_only
v2b_physical_strategy::state_001_t1::place_block3_on_block5,correct_bt,center_place_bt,1.0,152.099175,153.143105,1.043929999999989,leave_one_task_out,structure_only
v2b_physical_strategy::state_002_t2::place_block3_on_block5,correct_bt,center_place_bt,1.0,152.280945,153.321175,1.0402300000000082,leave_one_task_out,structure_only
v2b_physical_strategy::state_003_t3::place_block3_on_block5,correct_bt,corner_place_bt,1.0,152.43555,152.451895,0.016345000000001164,leave_one_task_out,structure_only
v2b_physical_strategy::state_004_t4::place_block3_on_block5,correct_bt,center_place_bt,1.0,153.126685,153.242075,0.11538999999999078,leave_one_task_out,structure_only
v2_stacking_probe::state_000_t0::stack_block1_on_block3,redundant_bt,missing_precondition_bt,0.0,52.63557500000001,53.34975000000001,0.7141749999999973,leave_one_task_out,structure_only
v2_stacking_probe::state_001_t1::stack_block1_on_block3,redundant_bt,correct_bt,0.0,51.57989,52.36842500000001,0.7885350000000102,leave_one_task_out,structure_only
v2_stacking_probe::state_002_t2::stack_block1_on_block3,redundant_bt,correct_bt,0.0,50.856815000000005,152.50336,101.64654499999997,leave_one_task_out,structure_only
v2_stacking_probe::state_003_t3::stack_block1_on_block3,redundant_bt,missing_precondition_bt,0.0,50.770590000000006,52.899449999999995,2.128859999999989,leave_one_task_out,structure_only
v2_stacking_probe::state_004_t4::stack_block1_on_block3,redundant_bt,correct_bt,0.0,50.42488000000001,52.332585,1.9077049999999929,leave_one_task_out,structure_only
v2b_physical_strategy::state_000_t0::stack_block1_on_block3,correct_bt,corner_place_bt,0.0,53.552434999999996,53.63685,0.08441500000000701,leave_one_task_out,structure_only
v2b_physical_strategy::state_001_t1::stack_block1_on_block3,correct_bt,far_offset_bt,0.0,51.702225000000006,52.62006,0.9178349999999966,leave_one_task_out,structure_only
v2b_physical_strategy::state_002_t2::stack_block1_on_block3,correct_bt,over_edge_bt,0.0,52.0165,153.20096,101.18446,leave_one_task_out,structure_only
v2b_physical_strategy::state_003_t3::stack_block1_on_block3,correct_bt,corner_place_bt,0.0,52.011635000000005,52.24962,0.23798499999999478,leave_one_task_out,structure_only
v2b_physical_strategy::state_004_t4::stack_block1_on_block3,correct_bt,center_place_bt,0.0,51.8315,52.01614,0.1846400000000017,leave_one_task_out,structure_only
v2_stacking_probe::state_000_t0::stack_block2_on_block1,redundant_bt,missing_precondition_bt,0.0,53.004985,54.67318500000001,1.668200000000013,leave_one_task_out,structure_only
v2_stacking_probe::state_001_t1::stack_block2_on_block1,redundant_bt,missing_precondition_bt,0.0,52.09354000000001,54.332580000000014,2.239040000000003,leave_one_task_out,structure_only
v2_stacking_probe::state_002_t2::stack_block2_on_block1,redundant_bt,missing_precondition_bt,0.0,51.90440499999999,53.06869,1.1642850000000067,leave_one_task_out,structure_only
v2_stacking_probe::state_003_t3::stack_block2_on_block1,redundant_bt,missing_precondition_bt,0.0,51.608955,53.440715000000004,1.8317600000000027,leave_one_task_out,structure_only
v2_stacking_probe::state_004_t4::stack_block2_on_block1,redundant_bt,missing_precondition_bt,0.0,51.1047,52.99184499999999,1.8871449999999896,leave_one_task_out,structure_only
v1_supported_by::state_000_t0::stack_block3_on_block1,redundant_bt,missing_precondition_bt,0.0,52.491155,53.01372,0.5225650000000002,leave_one_task_out,structure_only
v1_supported_by::state_001_t1::stack_block3_on_block1,redundant_bt,correct_bt,0.0,50.61813,152.284665,101.66653499999998,leave_one_task_out,structure_only
v1_supported_by::state_002_t2::stack_block3_on_block1,redundant_bt,missing_precondition_bt,0.0,51.01018,53.058159999999994,2.0479799999999955,leave_one_task_out,structure_only
v1_supported_by::state_003_t3::stack_block3_on_block1,redundant_bt,missing_precondition_bt,0.0,51.05698,52.122009999999996,1.065029999999993,leave_one_task_out,structure_only
v1_supported_by::state_004_t4::stack_block3_on_block1,redundant_bt,missing_precondition_bt,0.0,50.95330500000001,52.50782,1.554514999999995,leave_one_task_out,structure_only
v2_stacking_probe::state_000_t0::stack_block3_on_block1,redundant_bt,correct_bt,0.0,52.381305000000005,53.58803500000001,1.2067300000000074,leave_one_task_out,structure_only
v2_stacking_probe::state_001_t1::stack_block3_on_block1,redundant_bt,missing_precondition_bt,0.0,50.96627999999999,52.16401500000001,1.1977350000000229,leave_one_task_out,structure_only
v2_stacking_probe::state_002_t2::stack_block3_on_block1,redundant_bt,missing_precondition_bt,0.0,51.059695,52.167970000000004,1.1082750000000061,leave_one_task_out,structure_only
v2_stacking_probe::state_003_t3::stack_block3_on_block1,redundant_bt,missing_precondition_bt,0.0,51.30308499999999,52.62147000000001,1.3183850000000206,leave_one_task_out,structure_only
v2_stacking_probe::state_004_t4::stack_block3_on_block1,redundant_bt,missing_precondition_bt,0.0,50.58261500000001,52.81371000000001,2.2310949999999963,leave_one_task_out,structure_only
v2b_physical_strategy::state_000_t0::stack_block3_on_block1,correct_bt,correct_bt,0.0,55.07473500000001,55.07473500000001,0.0,leave_one_task_out,structure_only
v2b_physical_strategy::state_001_t1::stack_block3_on_block1,correct_bt,far_offset_bt,0.0,51.80738999999999,53.114084999999996,1.3066950000000048,leave_one_task_out,structure_only
v2b_physical_strategy::state_002_t2::stack_block3_on_block1,correct_bt,correct_bt,0.0,52.46297499999999,52.46297499999999,0.0,leave_one_task_out,structure_only
v2b_physical_strategy::state_003_t3::stack_block3_on_block1,correct_bt,edge_place_bt,0.0,51.907085,52.101045000000006,0.19396000000000413,leave_one_task_out,structure_only
v2b_physical_strategy::state_004_t4::stack_block3_on_block1,correct_bt,corner_place_bt,0.0,52.42519500000001,52.45388500000001,0.02868999999999744,leave_one_task_out,structure_only
v2_stacking_probe::state_000_t0::stack_block3_on_block2,redundant_bt,missing_precondition_bt,0.0,53.112435,54.023864999999994,0.9114299999999957,leave_one_task_out,structure_only
v2_stacking_probe::state_001_t1::stack_block3_on_block2,redundant_bt,missing_precondition_bt,0.0,50.68998,52.62513500000001,1.9351550000000088,leave_one_task_out,structure_only
v2_stacking_probe::state_002_t2::stack_block3_on_block2,redundant_bt,missing_precondition_bt,0.0,51.00888,52.75409,1.7452100000000002,leave_one_task_out,structure_only
v2_stacking_probe::state_003_t3::stack_block3_on_block2,redundant_bt,correct_bt,0.0,50.54644000000001,52.47686000000001,1.930419999999998,leave_one_task_out,structure_only
v2_stacking_probe::state_004_t4::stack_block3_on_block2,redundant_bt,missing_precondition_bt,0.0,51.65989000000001,52.53896500000001,0.8790750000000003,leave_one_task_out,structure_only
v2_stacking_probe::state_000_t0::stack_block4_on_block1,redundant_bt,correct_bt,0.0,53.375615,54.844355,1.4687399999999968,leave_one_task_out,structure_only
v2_stacking_probe::state_001_t1::stack_block4_on_block1,redundant_bt,correct_bt,0.0,51.28634999999999,52.320879999999995,1.0345300000000037,leave_one_task_out,structure_only
v2_stacking_probe::state_002_t2::stack_block4_on_block1,redundant_bt,correct_bt,0.0,51.009814999999996,52.195924999999995,1.1861099999999993,leave_one_task_out,structure_only
v2_stacking_probe::state_003_t3::stack_block4_on_block1,redundant_bt,correct_bt,0.0,51.094415000000005,52.184525,1.0901099999999957,leave_one_task_out,structure_only
v2_stacking_probe::state_004_t4::stack_block4_on_block1,redundant_bt,missing_precondition_bt,0.0,51.286300000000004,52.53132,1.2450199999999967,leave_one_task_out,structure_only
