selector_group_id,selected_candidate,oracle_candidate,selected_sim_success,selected_true_score,oracle_true_score,regret,selector
v1_supported_by::state_000_t0::place_block2_on_block6,missing_precondition_bt,correct_bt,1.0,155.08305000000001,155.12254499999997,0.039494999999959646,feature_only
v1_supported_by::state_001_t1::place_block3_on_block5,missing_precondition_bt,missing_precondition_bt,1.0,153.78701999999998,153.78701999999998,0.0,feature_only
v1_supported_by::state_002_t2::stack_block3_on_block1,missing_precondition_bt,missing_precondition_bt,0.0,53.058159999999994,53.058159999999994,0.0,feature_only
v1_supported_by::state_004_t4::place_block1_on_block5,missing_precondition_bt,missing_precondition_bt,1.0,152.95333,152.95333,0.0,feature_only
v2_stacking_probe::state_000_t0::place_block2_on_block6,missing_precondition_bt,missing_precondition_bt,1.0,155.06958,155.06958,0.0,feature_only
v2_stacking_probe::state_001_t1::stack_block2_on_block1,missing_precondition_bt,missing_precondition_bt,0.0,54.332580000000014,54.332580000000014,0.0,feature_only
v2_stacking_probe::state_002_t2::place_block2_on_block6,missing_precondition_bt,missing_precondition_bt,1.0,154.400895,154.400895,0.0,feature_only
v2_stacking_probe::state_002_t2::stack_block3_on_block2,missing_precondition_bt,missing_precondition_bt,0.0,52.75409,52.75409,0.0,feature_only
v2_stacking_probe::state_003_t3::stack_block1_on_block3,missing_precondition_bt,missing_precondition_bt,0.0,52.899449999999995,52.899449999999995,0.0,feature_only
v2_stacking_probe::state_004_t4::place_block3_on_block5,missing_precondition_bt,missing_precondition_bt,1.0,152.93769999999998,152.93769999999998,0.0,feature_only
v2_stacking_probe::state_004_t4::place_block1_on_block5,missing_precondition_bt,missing_precondition_bt,1.0,153.72714,153.72714,0.0,feature_only
v2_stacking_probe::state_004_t4::stack_block2_on_block1,missing_precondition_bt,missing_precondition_bt,0.0,52.99184499999999,52.99184499999999,0.0,feature_only
v2b_physical_strategy::state_000_t0::place_block3_on_block5,corner_place_bt,center_place_bt,1.0,153.883435,154.540805,0.6573700000000144,feature_only
v2b_physical_strategy::state_001_t1::stack_block1_on_block3,corner_place_bt,far_offset_bt,0.0,51.64182499999999,52.62006,0.9782350000000122,feature_only
v2b_physical_strategy::state_002_t2::stack_block3_on_block1,corner_place_bt,correct_bt,0.0,52.021589999999996,52.46297499999999,0.4413849999999968,feature_only
v2b_physical_strategy::state_004_t4::place_block1_on_block5,corner_place_bt,center_place_bt,1.0,152.69662499999998,153.324175,0.6275500000000136,feature_only
v6_hard_cases::state_000_t0::constrained_support_block1_on_block3,symbolic_edge_bt,symbolic_edge_bt,1.0,154.29199,154.29199,0.0,feature_only
v6_hard_cases::state_001_t1::long_horizon_prepare_then_stack_block1_on_block3,missing_clear_bt,missing_clear_bt,0.0,52.64051000000001,52.64051000000001,0.0,feature_only
v6_hard_cases::state_001_t1::constrained_support_block1_on_block3,narrow_edge_bt,narrow_edge_bt,0.0,52.61045500000001,52.61045500000001,0.0,feature_only
v6_hard_cases::state_003_t3::hard_physical_place_block3_on_block5,missing_precondition_bt,symbolic_edge_bt,1.0,152.82226500000002,152.841875,0.019609999999971706,feature_only
v6_hard_cases::state_004_t4::hard_physical_place_block1_on_block5,missing_precondition_bt,missing_precondition_bt,1.0,153.37038,153.37038,0.0,feature_only
v6_hard_cases::state_004_t4::long_horizon_prepare_then_stack_block1_on_block3,missing_clear_bt,missing_clear_bt,0.0,53.17444000000001,53.17444000000001,0.0,feature_only
v1_supported_by::state_000_t0::place_block3_on_block5,missing_precondition_bt,correct_bt,1.0,154.15366,154.76969,0.616029999999995,feature_only
v1_supported_by::state_001_t1::stack_block3_on_block1,correct_bt,correct_bt,1.0,152.284665,152.284665,0.0,feature_only
v1_supported_by::state_003_t3::place_block2_on_block6,missing_precondition_bt,missing_precondition_bt,1.0,153.193355,153.193355,0.0,feature_only
v1_supported_by::state_004_t4::place_block2_on_block6,missing_precondition_bt,correct_bt,1.0,152.83695999999998,152.91567,0.07871000000002937,feature_only
v2_stacking_probe::state_000_t0::place_block3_on_block5,missing_precondition_bt,missing_precondition_bt,1.0,155.51667,155.51667,0.0,feature_only
v2_stacking_probe::state_001_t1::place_block1_on_block5,missing_precondition_bt,correct_bt,1.0,153.109245,153.15418,0.044935000000009495,feature_only
v2_stacking_probe::state_001_t1::stack_block3_on_block1,missing_precondition_bt,missing_precondition_bt,0.0,52.16401500000001,52.16401500000001,0.0,feature_only
v2_stacking_probe::state_002_t2::place_block3_on_block5,missing_precondition_bt,missing_precondition_bt,1.0,153.66851999999997,153.66851999999997,0.0,feature_only
v2_stacking_probe::state_002_t2::stack_block2_on_block1,missing_precondition_bt,missing_precondition_bt,0.0,53.06869,53.06869,0.0,feature_only
v2_stacking_probe::state_002_t2::stack_block4_on_block1,missing_precondition_bt,correct_bt,0.0,52.16233999999999,52.195924999999995,0.033585000000002196,feature_only
v2_stacking_probe::state_003_t3::stack_block2_on_block1,missing_precondition_bt,missing_precondition_bt,0.0,53.440715000000004,53.440715000000004,0.0,feature_only
v2_stacking_probe::state_004_t4::stack_block3_on_block1,missing_precondition_bt,missing_precondition_bt,0.0,52.81371000000001,52.81371000000001,0.0,feature_only
v2_stacking_probe::state_004_t4::stack_block1_on_block3,missing_precondition_bt,correct_bt,0.0,52.168195000000004,52.332585,0.16438999999999737,feature_only
v2b_physical_strategy::state_000_t0::stack_block1_on_block3,center_place_bt,corner_place_bt,0.0,52.50613499999999,53.63685,1.1307150000000092,feature_only
v2b_physical_strategy::state_001_t1::stack_block3_on_block1,center_place_bt,far_offset_bt,0.0,51.986354999999996,53.114084999999996,1.1277299999999997,feature_only
v2b_physical_strategy::state_003_t3::place_block1_on_block5,center_place_bt,edge_place_bt,1.0,152.998225,153.30749999999998,0.3092749999999853,feature_only
v2b_physical_strategy::state_004_t4::place_block3_on_block5,center_place_bt,center_place_bt,1.0,153.242075,153.242075,0.0,feature_only
v6_hard_cases::state_001_t1::constrained_support_block3_on_block1,collision_risk_bt,unstable_over_edge_bt,0.0,51.78182,52.45047499999999,0.6686549999999869,feature_only
v6_hard_cases::state_002_t2::long_horizon_prepare_then_stack_block1_on_block3,missing_clear_bt,missing_clear_bt,0.0,53.35887,53.35887,0.0,feature_only
v6_hard_cases::state_002_t2::constrained_support_block1_on_block3,collision_risk_bt,symbolic_edge_bt,0.0,51.87972,52.58233500000001,0.7026150000000086,feature_only
v6_hard_cases::state_003_t3::long_horizon_clear_then_stack_block2_on_block3,missing_clear_bt,missing_clear_bt,0.0,53.26143,53.26143,0.0,feature_only
v6_hard_cases::state_004_t4::hard_physical_place_block3_on_block5,missing_precondition_bt,missing_precondition_bt,1.0,153.079045,153.079045,0.0,feature_only
v1_supported_by::state_000_t0::stack_block3_on_block1,missing_precondition_bt,missing_precondition_bt,0.0,53.01372,53.01372,0.0,feature_only
v1_supported_by::state_002_t2::place_block1_on_block5,missing_precondition_bt,missing_precondition_bt,1.0,153.367215,153.367215,0.0,feature_only
v1_supported_by::state_004_t4::place_block3_on_block5,missing_precondition_bt,missing_precondition_bt,1.0,153.212055,153.212055,0.0,feature_only
v2_stacking_probe::state_000_t0::stack_block3_on_block1,missing_precondition_bt,correct_bt,0.0,53.217335,53.58803500000001,0.3707000000000136,feature_only
v2_stacking_probe::state_000_t0::stack_block1_on_block3,missing_precondition_bt,missing_precondition_bt,0.0,53.34975000000001,53.34975000000001,0.0,feature_only
v2_stacking_probe::state_000_t0::stack_block3_on_block2,missing_precondition_bt,missing_precondition_bt,0.0,54.023864999999994,54.023864999999994,0.0,feature_only
v2_stacking_probe::state_001_t1::place_block2_on_block6,missing_precondition_bt,correct_bt,1.0,153.84969,154.263415,0.41372499999999945,feature_only
v2_stacking_probe::state_001_t1::stack_block3_on_block2,missing_precondition_bt,missing_precondition_bt,0.0,52.62513500000001,52.62513500000001,0.0,feature_only
v2_stacking_probe::state_002_t2::stack_block1_on_block3,correct_bt,correct_bt,1.0,152.50336,152.50336,0.0,feature_only
v2_stacking_probe::state_003_t3::place_block1_on_block5,missing_precondition_bt,missing_precondition_bt,1.0,152.9511,152.9511,0.0,feature_only
v2_stacking_probe::state_003_t3::stack_block3_on_block1,missing_precondition_bt,missing_precondition_bt,0.0,52.62147000000001,52.62147000000001,0.0,feature_only
v2_stacking_probe::state_004_t4::stack_block3_on_block2,missing_precondition_bt,missing_precondition_bt,0.0,52.53896500000001,52.53896500000001,0.0,feature_only
v2b_physical_strategy::state_000_t0::stack_block3_on_block1,corner_place_bt,correct_bt,0.0,54.000295,55.07473500000001,1.0744400000000098,feature_only
v2b_physical_strategy::state_002_t2::place_block1_on_block5,corner_place_bt,edge_place_bt,1.0,152.191105,153.22376,1.0326550000000054,feature_only
v2b_physical_strategy::state_003_t3::place_block3_on_block5,corner_place_bt,corner_place_bt,1.0,152.451895,152.451895,0.0,feature_only
v2b_physical_strategy::state_004_t4::stack_block1_on_block3,corner_place_bt,center_place_bt,0.0,51.590714999999996,52.01614,0.42542500000000416,feature_only
v6_hard_cases::state_000_t0::hard_physical_place_block3_on_block5,missing_precondition_bt,stable_center_bt,1.0,154.14745,154.74573,0.5982800000000168,feature_only
v6_hard_cases::state_001_t1::hard_physical_place_block1_on_block5,missing_precondition_bt,symbolic_corner_bt,1.0,153.022525,153.21776499999999,0.1952399999999841,feature_only
v6_hard_cases::state_002_t2::hard_physical_place_block3_on_block5,missing_precondition_bt,symbolic_corner_bt,1.0,152.84382499999998,153.00847499999998,0.16464999999999463,feature_only
v6_hard_cases::state_002_t2::constrained_support_block3_on_block1,narrow_edge_bt,stable_center_bt,0.0,52.152319999999996,52.263725,0.11140500000000486,feature_only
v6_hard_cases::state_003_t3::long_horizon_prepare_then_stack_block1_on_block3,missing_clear_bt,missing_clear_bt,0.0,53.087435000000006,53.087435000000006,0.0,feature_only
v6_hard_cases::state_003_t3::constrained_support_block1_on_block3,narrow_edge_bt,collision_risk_bt,0.0,51.180805,52.58169999999999,1.4008949999999913,feature_only
v1_supported_by::state_001_t1::place_block1_on_block5,missing_precondition_bt,missing_precondition_bt,1.0,153.44245999999998,153.44245999999998,0.0,feature_only
v1_supported_by::state_002_t2::place_block2_on_block6,missing_precondition_bt,missing_precondition_bt,1.0,154.40586499999998,154.40586499999998,0.0,feature_only
v1_supported_by::state_003_t3::place_block3_on_block5,missing_precondition_bt,missing_precondition_bt,1.0,152.9585,152.9585,0.0,feature_only
v1_supported_by::state_004_t4::stack_block3_on_block1,missing_precondition_bt,missing_precondition_bt,0.0,52.50782,52.50782,0.0,feature_only
v2_stacking_probe::state_000_t0::stack_block2_on_block1,missing_precondition_bt,missing_precondition_bt,0.0,54.67318500000001,54.67318500000001,0.0,feature_only
v2_stacking_probe::state_001_t1::place_block3_on_block5,missing_precondition_bt,missing_precondition_bt,1.0,153.637755,153.637755,0.0,feature_only
v2_stacking_probe::state_001_t1::stack_block4_on_block1,missing_precondition_bt,correct_bt,0.0,52.08799,52.320879999999995,0.2328899999999976,feature_only
v2_stacking_probe::state_002_t2::stack_block3_on_block1,missing_precondition_bt,missing_precondition_bt,0.0,52.167970000000004,52.167970000000004,0.0,feature_only
v2_stacking_probe::state_003_t3::place_block2_on_block6,missing_precondition_bt,missing_precondition_bt,1.0,154.298035,154.298035,0.0,feature_only
v2_stacking_probe::state_003_t3::stack_block3_on_block2,missing_precondition_bt,correct_bt,0.0,52.062734999999996,52.47686000000001,0.41412500000001273,feature_only
v2_stacking_probe::state_004_t4::stack_block4_on_block1,missing_precondition_bt,missing_precondition_bt,0.0,52.53132,52.53132,0.0,feature_only
v2b_physical_strategy::state_001_t1::place_block1_on_block5,center_place_bt,corner_place_bt,1.0,153.1489,153.23799,0.08908999999999878,feature_only
v2b_physical_strategy::state_002_t2::place_block3_on_block5,center_place_bt,center_place_bt,1.0,153.321175,153.321175,0.0,feature_only
v2b_physical_strategy::state_003_t3::stack_block1_on_block3,center_place_bt,corner_place_bt,0.0,52.057570000000005,52.24962,0.19204999999999472,feature_only
v2b_physical_strategy::state_004_t4::stack_block3_on_block1,center_place_bt,corner_place_bt,0.0,52.159715,52.45388500000001,0.29417000000000826,feature_only
v6_hard_cases::state_000_t0::hard_physical_place_block1_on_block5,missing_precondition_bt,missing_precondition_bt,1.0,153.88338,153.88338,0.0,feature_only
v6_hard_cases::state_000_t0::long_horizon_clear_then_stack_block2_on_block3,missing_clear_bt,missing_clear_bt,0.0,54.919335,54.919335,0.0,feature_only
v6_hard_cases::state_001_t1::hard_physical_place_block3_on_block5,missing_precondition_bt,missing_precondition_bt,1.0,153.07773,153.07773,0.0,feature_only
v6_hard_cases::state_002_t2::hard_physical_place_block1_on_block5,missing_precondition_bt,missing_precondition_bt,1.0,153.714465,153.714465,0.0,feature_only
v6_hard_cases::state_003_t3::constrained_support_block3_on_block1,narrow_edge_bt,symbolic_edge_bt,0.0,51.94805,52.29543,0.34738000000000113,feature_only
v6_hard_cases::state_004_t4::long_horizon_clear_then_stack_block2_on_block3,missing_clear_bt,missing_clear_bt,0.0,53.30113000000001,53.30113000000001,0.0,feature_only
v6_hard_cases::state_004_t4::constrained_support_block1_on_block3,narrow_edge_bt,symbolic_edge_bt,0.0,51.878040000000006,52.42930500000001,0.5512650000000008,feature_only
v1_supported_by::state_000_t0::place_block1_on_block5,missing_precondition_bt,missing_precondition_bt,1.0,155.38221,155.38221,0.0,feature_only
v1_supported_by::state_001_t1::place_block2_on_block6,missing_precondition_bt,missing_precondition_bt,1.0,155.39746499999998,155.39746499999998,0.0,feature_only
v1_supported_by::state_002_t2::place_block3_on_block5,missing_precondition_bt,missing_precondition_bt,1.0,152.837325,152.837325,0.0,feature_only
v1_supported_by::state_003_t3::place_block1_on_block5,missing_precondition_bt,missing_precondition_bt,1.0,153.170655,153.170655,0.0,feature_only
v1_supported_by::state_003_t3::stack_block3_on_block1,missing_precondition_bt,missing_precondition_bt,0.0,52.122009999999996,52.122009999999996,0.0,feature_only
v2_stacking_probe::state_000_t0::place_block1_on_block5,missing_precondition_bt,missing_precondition_bt,1.0,154.09874,154.09874,0.0,feature_only
v2_stacking_probe::state_000_t0::stack_block4_on_block1,missing_precondition_bt,correct_bt,0.0,53.26951999999999,54.844355,1.5748350000000073,feature_only
v2_stacking_probe::state_001_t1::stack_block1_on_block3,missing_precondition_bt,correct_bt,0.0,52.324885,52.36842500000001,0.04354000000000724,feature_only
v2_stacking_probe::state_002_t2::place_block1_on_block5,missing_precondition_bt,missing_precondition_bt,1.0,153.49909499999998,153.49909499999998,0.0,feature_only
v2_stacking_probe::state_003_t3::place_block3_on_block5,missing_precondition_bt,correct_bt,1.0,152.95591,152.98246,0.026550000000014506,feature_only
v2_stacking_probe::state_003_t3::stack_block4_on_block1,missing_precondition_bt,correct_bt,0.0,52.00723999999999,52.184525,0.1772850000000119,feature_only
v2_stacking_probe::state_004_t4::place_block2_on_block6,missing_precondition_bt,missing_precondition_bt,1.0,153.55688,153.55688,0.0,feature_only
v2b_physical_strategy::state_000_t0::place_block1_on_block5,center_place_bt,edge_place_bt,1.0,154.20743,154.814875,0.6074450000000127,feature_only
v2b_physical_strategy::state_001_t1::place_block3_on_block5,center_place_bt,center_place_bt,1.0,153.143105,153.143105,0.0,feature_only
v2b_physical_strategy::state_002_t2::stack_block1_on_block3,over_edge_bt,over_edge_bt,1.0,153.20096,153.20096,0.0,feature_only
v2b_physical_strategy::state_003_t3::stack_block3_on_block1,center_place_bt,edge_place_bt,0.0,51.86017999999999,52.101045000000006,0.24086500000001365,feature_only
v6_hard_cases::state_000_t0::long_horizon_prepare_then_stack_block1_on_block3,missing_clear_bt,missing_clear_bt,0.0,54.544755,54.544755,0.0,feature_only
v6_hard_cases::state_000_t0::constrained_support_block3_on_block1,narrow_edge_bt,narrow_edge_bt,1.0,153.41038,153.41038,0.0,feature_only
v6_hard_cases::state_001_t1::long_horizon_clear_then_stack_block2_on_block3,missing_clear_bt,redundant_repair_bt,0.0,55.49531500000001,148.40567,92.91035499999998,feature_only
v6_hard_cases::state_002_t2::long_horizon_clear_then_stack_block2_on_block3,missing_clear_bt,missing_clear_bt,0.0,53.86810499999999,53.86810499999999,0.0,feature_only
v6_hard_cases::state_003_t3::hard_physical_place_block1_on_block5,missing_precondition_bt,missing_precondition_bt,1.0,153.120195,153.120195,0.0,feature_only
v6_hard_cases::state_004_t4::constrained_support_block3_on_block1,narrow_edge_bt,narrow_edge_bt,0.0,52.040005,52.040005,0.0,feature_only
v1_supported_by::state_000_t0::place_block2_on_block6,missing_precondition_bt,correct_bt,1.0,155.08305000000001,155.12254499999997,0.039494999999959646,transformer_only
v1_supported_by::state_001_t1::place_block3_on_block5,missing_precondition_bt,missing_precondition_bt,1.0,153.78701999999998,153.78701999999998,0.0,transformer_only
v1_supported_by::state_002_t2::stack_block3_on_block1,missing_precondition_bt,missing_precondition_bt,0.0,53.058159999999994,53.058159999999994,0.0,transformer_only
v1_supported_by::state_004_t4::place_block1_on_block5,missing_precondition_bt,missing_precondition_bt,1.0,152.95333,152.95333,0.0,transformer_only
v2_stacking_probe::state_000_t0::place_block2_on_block6,missing_precondition_bt,missing_precondition_bt,1.0,155.06958,155.06958,0.0,transformer_only
v2_stacking_probe::state_001_t1::stack_block2_on_block1,missing_precondition_bt,missing_precondition_bt,0.0,54.332580000000014,54.332580000000014,0.0,transformer_only
v2_stacking_probe::state_002_t2::place_block2_on_block6,missing_precondition_bt,missing_precondition_bt,1.0,154.400895,154.400895,0.0,transformer_only
v2_stacking_probe::state_002_t2::stack_block3_on_block2,missing_precondition_bt,missing_precondition_bt,0.0,52.75409,52.75409,0.0,transformer_only
v2_stacking_probe::state_003_t3::stack_block1_on_block3,missing_precondition_bt,missing_precondition_bt,0.0,52.899449999999995,52.899449999999995,0.0,transformer_only
v2_stacking_probe::state_004_t4::place_block3_on_block5,missing_precondition_bt,missing_precondition_bt,1.0,152.93769999999998,152.93769999999998,0.0,transformer_only
v2_stacking_probe::state_004_t4::place_block1_on_block5,missing_precondition_bt,missing_precondition_bt,1.0,153.72714,153.72714,0.0,transformer_only
v2_stacking_probe::state_004_t4::stack_block2_on_block1,missing_precondition_bt,missing_precondition_bt,0.0,52.99184499999999,52.99184499999999,0.0,transformer_only
v2b_physical_strategy::state_000_t0::place_block3_on_block5,corner_place_bt,center_place_bt,1.0,153.883435,154.540805,0.6573700000000144,transformer_only
v2b_physical_strategy::state_001_t1::stack_block1_on_block3,corner_place_bt,far_offset_bt,0.0,51.64182499999999,52.62006,0.9782350000000122,transformer_only
v2b_physical_strategy::state_002_t2::stack_block3_on_block1,corner_place_bt,correct_bt,0.0,52.021589999999996,52.46297499999999,0.4413849999999968,transformer_only
v2b_physical_strategy::state_004_t4::place_block1_on_block5,corner_place_bt,center_place_bt,1.0,152.69662499999998,153.324175,0.6275500000000136,transformer_only
v6_hard_cases::state_000_t0::constrained_support_block1_on_block3,narrow_edge_bt,symbolic_edge_bt,0.0,53.849505,154.29199,100.442485,transformer_only
v6_hard_cases::state_001_t1::long_horizon_prepare_then_stack_block1_on_block3,missing_clear_bt,missing_clear_bt,0.0,52.64051000000001,52.64051000000001,0.0,transformer_only
v6_hard_cases::state_001_t1::constrained_support_block1_on_block3,narrow_edge_bt,narrow_edge_bt,0.0,52.61045500000001,52.61045500000001,0.0,transformer_only
v6_hard_cases::state_003_t3::hard_physical_place_block3_on_block5,missing_precondition_bt,symbolic_edge_bt,1.0,152.82226500000002,152.841875,0.019609999999971706,transformer_only
v6_hard_cases::state_004_t4::hard_physical_place_block1_on_block5,missing_precondition_bt,missing_precondition_bt,1.0,153.37038,153.37038,0.0,transformer_only
v6_hard_cases::state_004_t4::long_horizon_prepare_then_stack_block1_on_block3,missing_clear_bt,missing_clear_bt,0.0,53.17444000000001,53.17444000000001,0.0,transformer_only
v1_supported_by::state_000_t0::place_block3_on_block5,missing_precondition_bt,correct_bt,1.0,154.15366,154.76969,0.616029999999995,transformer_only
v1_supported_by::state_001_t1::stack_block3_on_block1,missing_precondition_bt,correct_bt,0.0,52.465675,152.284665,99.81898999999999,transformer_only
v1_supported_by::state_003_t3::place_block2_on_block6,missing_precondition_bt,missing_precondition_bt,1.0,153.193355,153.193355,0.0,transformer_only
v1_supported_by::state_004_t4::place_block2_on_block6,missing_precondition_bt,correct_bt,1.0,152.83695999999998,152.91567,0.07871000000002937,transformer_only
v2_stacking_probe::state_000_t0::place_block3_on_block5,missing_precondition_bt,missing_precondition_bt,1.0,155.51667,155.51667,0.0,transformer_only
v2_stacking_probe::state_001_t1::place_block1_on_block5,missing_precondition_bt,correct_bt,1.0,153.109245,153.15418,0.044935000000009495,transformer_only
v2_stacking_probe::state_001_t1::stack_block3_on_block1,missing_precondition_bt,missing_precondition_bt,0.0,52.16401500000001,52.16401500000001,0.0,transformer_only
v2_stacking_probe::state_002_t2::place_block3_on_block5,missing_precondition_bt,missing_precondition_bt,1.0,153.66851999999997,153.66851999999997,0.0,transformer_only
v2_stacking_probe::state_002_t2::stack_block2_on_block1,missing_precondition_bt,missing_precondition_bt,0.0,53.06869,53.06869,0.0,transformer_only
v2_stacking_probe::state_002_t2::stack_block4_on_block1,missing_precondition_bt,correct_bt,0.0,52.16233999999999,52.195924999999995,0.033585000000002196,transformer_only
v2_stacking_probe::state_003_t3::stack_block2_on_block1,missing_precondition_bt,missing_precondition_bt,0.0,53.440715000000004,53.440715000000004,0.0,transformer_only
v2_stacking_probe::state_004_t4::stack_block3_on_block1,missing_precondition_bt,missing_precondition_bt,0.0,52.81371000000001,52.81371000000001,0.0,transformer_only
v2_stacking_probe::state_004_t4::stack_block1_on_block3,missing_precondition_bt,correct_bt,0.0,52.168195000000004,52.332585,0.16438999999999737,transformer_only
v2b_physical_strategy::state_000_t0::stack_block1_on_block3,center_place_bt,corner_place_bt,0.0,52.50613499999999,53.63685,1.1307150000000092,transformer_only
v2b_physical_strategy::state_001_t1::stack_block3_on_block1,center_place_bt,far_offset_bt,0.0,51.986354999999996,53.114084999999996,1.1277299999999997,transformer_only
v2b_physical_strategy::state_003_t3::place_block1_on_block5,center_place_bt,edge_place_bt,1.0,152.998225,153.30749999999998,0.3092749999999853,transformer_only
v2b_physical_strategy::state_004_t4::place_block3_on_block5,center_place_bt,center_place_bt,1.0,153.242075,153.242075,0.0,transformer_only
v6_hard_cases::state_001_t1::constrained_support_block3_on_block1,narrow_edge_bt,unstable_over_edge_bt,0.0,52.437189999999994,52.45047499999999,0.013284999999996217,transformer_only
v6_hard_cases::state_002_t2::long_horizon_prepare_then_stack_block1_on_block3,missing_clear_bt,missing_clear_bt,0.0,53.35887,53.35887,0.0,transformer_only
v6_hard_cases::state_002_t2::constrained_support_block1_on_block3,narrow_edge_bt,symbolic_edge_bt,0.0,52.043945,52.58233500000001,0.5383900000000068,transformer_only
v6_hard_cases::state_003_t3::long_horizon_clear_then_stack_block2_on_block3,missing_clear_bt,missing_clear_bt,0.0,53.26143,53.26143,0.0,transformer_only
v6_hard_cases::state_004_t4::hard_physical_place_block3_on_block5,missing_precondition_bt,missing_precondition_bt,1.0,153.079045,153.079045,0.0,transformer_only
v1_supported_by::state_000_t0::stack_block3_on_block1,missing_precondition_bt,missing_precondition_bt,0.0,53.01372,53.01372,0.0,transformer_only
v1_supported_by::state_002_t2::place_block1_on_block5,missing_precondition_bt,missing_precondition_bt,1.0,153.367215,153.367215,0.0,transformer_only
v1_supported_by::state_004_t4::place_block3_on_block5,missing_precondition_bt,missing_precondition_bt,1.0,153.212055,153.212055,0.0,transformer_only
v2_stacking_probe::state_000_t0::stack_block3_on_block1,missing_precondition_bt,correct_bt,0.0,53.217335,53.58803500000001,0.3707000000000136,transformer_only
v2_stacking_probe::state_000_t0::stack_block1_on_block3,missing_precondition_bt,missing_precondition_bt,0.0,53.34975000000001,53.34975000000001,0.0,transformer_only
v2_stacking_probe::state_000_t0::stack_block3_on_block2,missing_precondition_bt,missing_precondition_bt,0.0,54.023864999999994,54.023864999999994,0.0,transformer_only
v2_stacking_probe::state_001_t1::place_block2_on_block6,missing_precondition_bt,correct_bt,1.0,153.84969,154.263415,0.41372499999999945,transformer_only
v2_stacking_probe::state_001_t1::stack_block3_on_block2,missing_precondition_bt,missing_precondition_bt,0.0,52.62513500000001,52.62513500000001,0.0,transformer_only
v2_stacking_probe::state_002_t2::stack_block1_on_block3,missing_precondition_bt,correct_bt,0.0,53.48891,152.50336,99.01444999999998,transformer_only
v2_stacking_probe::state_003_t3::place_block1_on_block5,missing_precondition_bt,missing_precondition_bt,1.0,152.9511,152.9511,0.0,transformer_only
v2_stacking_probe::state_003_t3::stack_block3_on_block1,missing_precondition_bt,missing_precondition_bt,0.0,52.62147000000001,52.62147000000001,0.0,transformer_only
v2_stacking_probe::state_004_t4::stack_block3_on_block2,missing_precondition_bt,missing_precondition_bt,0.0,52.53896500000001,52.53896500000001,0.0,transformer_only
v2b_physical_strategy::state_000_t0::stack_block3_on_block1,corner_place_bt,correct_bt,0.0,54.000295,55.07473500000001,1.0744400000000098,transformer_only
v2b_physical_strategy::state_002_t2::place_block1_on_block5,corner_place_bt,edge_place_bt,1.0,152.191105,153.22376,1.0326550000000054,transformer_only
v2b_physical_strategy::state_003_t3::place_block3_on_block5,corner_place_bt,corner_place_bt,1.0,152.451895,152.451895,0.0,transformer_only
v2b_physical_strategy::state_004_t4::stack_block1_on_block3,corner_place_bt,center_place_bt,0.0,51.590714999999996,52.01614,0.42542500000000416,transformer_only
v6_hard_cases::state_000_t0::hard_physical_place_block3_on_block5,missing_precondition_bt,stable_center_bt,1.0,154.14745,154.74573,0.5982800000000168,transformer_only
v6_hard_cases::state_001_t1::hard_physical_place_block1_on_block5,missing_precondition_bt,symbolic_corner_bt,1.0,153.022525,153.21776499999999,0.1952399999999841,transformer_only
v6_hard_cases::state_002_t2::hard_physical_place_block3_on_block5,missing_precondition_bt,symbolic_corner_bt,1.0,152.84382499999998,153.00847499999998,0.16464999999999463,transformer_only
v6_hard_cases::state_002_t2::constrained_support_block3_on_block1,narrow_edge_bt,stable_center_bt,0.0,52.152319999999996,52.263725,0.11140500000000486,transformer_only
v6_hard_cases::state_003_t3::long_horizon_prepare_then_stack_block1_on_block3,missing_clear_bt,missing_clear_bt,0.0,53.087435000000006,53.087435000000006,0.0,transformer_only
v6_hard_cases::state_003_t3::constrained_support_block1_on_block3,narrow_edge_bt,collision_risk_bt,0.0,51.180805,52.58169999999999,1.4008949999999913,transformer_only
v1_supported_by::state_001_t1::place_block1_on_block5,missing_precondition_bt,missing_precondition_bt,1.0,153.44245999999998,153.44245999999998,0.0,transformer_only
v1_supported_by::state_002_t2::place_block2_on_block6,missing_precondition_bt,missing_precondition_bt,1.0,154.40586499999998,154.40586499999998,0.0,transformer_only
v1_supported_by::state_003_t3::place_block3_on_block5,missing_precondition_bt,missing_precondition_bt,1.0,152.9585,152.9585,0.0,transformer_only
v1_supported_by::state_004_t4::stack_block3_on_block1,missing_precondition_bt,missing_precondition_bt,0.0,52.50782,52.50782,0.0,transformer_only
v2_stacking_probe::state_000_t0::stack_block2_on_block1,missing_precondition_bt,missing_precondition_bt,0.0,54.67318500000001,54.67318500000001,0.0,transformer_only
v2_stacking_probe::state_001_t1::place_block3_on_block5,missing_precondition_bt,missing_precondition_bt,1.0,153.637755,153.637755,0.0,transformer_only
v2_stacking_probe::state_001_t1::stack_block4_on_block1,missing_precondition_bt,correct_bt,0.0,52.08799,52.320879999999995,0.2328899999999976,transformer_only
v2_stacking_probe::state_002_t2::stack_block3_on_block1,missing_precondition_bt,missing_precondition_bt,0.0,52.167970000000004,52.167970000000004,0.0,transformer_only
v2_stacking_probe::state_003_t3::place_block2_on_block6,missing_precondition_bt,missing_precondition_bt,1.0,154.298035,154.298035,0.0,transformer_only
v2_stacking_probe::state_003_t3::stack_block3_on_block2,missing_precondition_bt,correct_bt,0.0,52.062734999999996,52.47686000000001,0.41412500000001273,transformer_only
v2_stacking_probe::state_004_t4::stack_block4_on_block1,missing_precondition_bt,missing_precondition_bt,0.0,52.53132,52.53132,0.0,transformer_only
v2b_physical_strategy::state_001_t1::place_block1_on_block5,corner_place_bt,corner_place_bt,1.0,153.23799,153.23799,0.0,transformer_only
v2b_physical_strategy::state_002_t2::place_block3_on_block5,corner_place_bt,center_place_bt,1.0,152.73984000000002,153.321175,0.5813349999999957,transformer_only
v2b_physical_strategy::state_003_t3::stack_block1_on_block3,corner_place_bt,corner_place_bt,0.0,52.24962,52.24962,0.0,transformer_only
v2b_physical_strategy::state_004_t4::stack_block3_on_block1,corner_place_bt,corner_place_bt,0.0,52.45388500000001,52.45388500000001,0.0,transformer_only
v6_hard_cases::state_000_t0::hard_physical_place_block1_on_block5,missing_precondition_bt,missing_precondition_bt,1.0,153.88338,153.88338,0.0,transformer_only
v6_hard_cases::state_000_t0::long_horizon_clear_then_stack_block2_on_block3,missing_clear_bt,missing_clear_bt,0.0,54.919335,54.919335,0.0,transformer_only
v6_hard_cases::state_001_t1::hard_physical_place_block3_on_block5,missing_precondition_bt,missing_precondition_bt,1.0,153.07773,153.07773,0.0,transformer_only
v6_hard_cases::state_002_t2::hard_physical_place_block1_on_block5,missing_precondition_bt,missing_precondition_bt,1.0,153.714465,153.714465,0.0,transformer_only
v6_hard_cases::state_003_t3::constrained_support_block3_on_block1,narrow_edge_bt,symbolic_edge_bt,0.0,51.94805,52.29543,0.34738000000000113,transformer_only
v6_hard_cases::state_004_t4::long_horizon_clear_then_stack_block2_on_block3,missing_clear_bt,missing_clear_bt,0.0,53.30113000000001,53.30113000000001,0.0,transformer_only
v6_hard_cases::state_004_t4::constrained_support_block1_on_block3,narrow_edge_bt,symbolic_edge_bt,0.0,51.878040000000006,52.42930500000001,0.5512650000000008,transformer_only
v1_supported_by::state_000_t0::place_block1_on_block5,missing_precondition_bt,missing_precondition_bt,1.0,155.38221,155.38221,0.0,transformer_only
v1_supported_by::state_001_t1::place_block2_on_block6,missing_precondition_bt,missing_precondition_bt,1.0,155.39746499999998,155.39746499999998,0.0,transformer_only
v1_supported_by::state_002_t2::place_block3_on_block5,missing_precondition_bt,missing_precondition_bt,1.0,152.837325,152.837325,0.0,transformer_only
v1_supported_by::state_003_t3::place_block1_on_block5,missing_precondition_bt,missing_precondition_bt,1.0,153.170655,153.170655,0.0,transformer_only
v1_supported_by::state_003_t3::stack_block3_on_block1,missing_precondition_bt,missing_precondition_bt,0.0,52.122009999999996,52.122009999999996,0.0,transformer_only
v2_stacking_probe::state_000_t0::place_block1_on_block5,missing_precondition_bt,missing_precondition_bt,1.0,154.09874,154.09874,0.0,transformer_only
v2_stacking_probe::state_000_t0::stack_block4_on_block1,missing_precondition_bt,correct_bt,0.0,53.26951999999999,54.844355,1.5748350000000073,transformer_only
v2_stacking_probe::state_001_t1::stack_block1_on_block3,missing_precondition_bt,correct_bt,0.0,52.324885,52.36842500000001,0.04354000000000724,transformer_only
v2_stacking_probe::state_002_t2::place_block1_on_block5,missing_precondition_bt,missing_precondition_bt,1.0,153.49909499999998,153.49909499999998,0.0,transformer_only
v2_stacking_probe::state_003_t3::place_block3_on_block5,missing_precondition_bt,correct_bt,1.0,152.95591,152.98246,0.026550000000014506,transformer_only
v2_stacking_probe::state_003_t3::stack_block4_on_block1,missing_precondition_bt,correct_bt,0.0,52.00723999999999,52.184525,0.1772850000000119,transformer_only
v2_stacking_probe::state_004_t4::place_block2_on_block6,missing_precondition_bt,missing_precondition_bt,1.0,153.55688,153.55688,0.0,transformer_only
v2b_physical_strategy::state_000_t0::place_block1_on_block5,center_place_bt,edge_place_bt,1.0,154.20743,154.814875,0.6074450000000127,transformer_only
v2b_physical_strategy::state_001_t1::place_block3_on_block5,center_place_bt,center_place_bt,1.0,153.143105,153.143105,0.0,transformer_only
v2b_physical_strategy::state_002_t2::stack_block1_on_block3,center_place_bt,over_edge_bt,0.0,51.47587000000001,153.20096,101.72509,transformer_only
v2b_physical_strategy::state_003_t3::stack_block3_on_block1,center_place_bt,edge_place_bt,0.0,51.86017999999999,52.101045000000006,0.24086500000001365,transformer_only
v6_hard_cases::state_000_t0::long_horizon_prepare_then_stack_block1_on_block3,missing_clear_bt,missing_clear_bt,0.0,54.544755,54.544755,0.0,transformer_only
v6_hard_cases::state_000_t0::constrained_support_block3_on_block1,symbolic_edge_bt,narrow_edge_bt,0.0,53.35833,153.41038,100.05205000000001,transformer_only
v6_hard_cases::state_001_t1::long_horizon_clear_then_stack_block2_on_block3,missing_clear_bt,redundant_repair_bt,0.0,55.49531500000001,148.40567,92.91035499999998,transformer_only
v6_hard_cases::state_002_t2::long_horizon_clear_then_stack_block2_on_block3,missing_clear_bt,missing_clear_bt,0.0,53.86810499999999,53.86810499999999,0.0,transformer_only
v6_hard_cases::state_003_t3::hard_physical_place_block1_on_block5,missing_precondition_bt,missing_precondition_bt,1.0,153.120195,153.120195,0.0,transformer_only
v6_hard_cases::state_004_t4::constrained_support_block3_on_block1,symbolic_edge_bt,narrow_edge_bt,0.0,51.490784999999995,52.040005,0.5492200000000054,transformer_only
v1_supported_by::state_000_t0::place_block2_on_block6,missing_precondition_bt,correct_bt,1.0,155.08305000000001,155.12254499999997,0.039494999999959646,transformer_fused
v1_supported_by::state_001_t1::place_block3_on_block5,missing_precondition_bt,missing_precondition_bt,1.0,153.78701999999998,153.78701999999998,0.0,transformer_fused
v1_supported_by::state_002_t2::stack_block3_on_block1,missing_precondition_bt,missing_precondition_bt,0.0,53.058159999999994,53.058159999999994,0.0,transformer_fused
v1_supported_by::state_004_t4::place_block1_on_block5,missing_precondition_bt,missing_precondition_bt,1.0,152.95333,152.95333,0.0,transformer_fused
v2_stacking_probe::state_000_t0::place_block2_on_block6,missing_precondition_bt,missing_precondition_bt,1.0,155.06958,155.06958,0.0,transformer_fused
v2_stacking_probe::state_001_t1::stack_block2_on_block1,missing_precondition_bt,missing_precondition_bt,0.0,54.332580000000014,54.332580000000014,0.0,transformer_fused
v2_stacking_probe::state_002_t2::place_block2_on_block6,missing_precondition_bt,missing_precondition_bt,1.0,154.400895,154.400895,0.0,transformer_fused
v2_stacking_probe::state_002_t2::stack_block3_on_block2,missing_precondition_bt,missing_precondition_bt,0.0,52.75409,52.75409,0.0,transformer_fused
v2_stacking_probe::state_003_t3::stack_block1_on_block3,correct_bt,missing_precondition_bt,0.0,51.97726000000001,52.899449999999995,0.9221899999999863,transformer_fused
v2_stacking_probe::state_004_t4::place_block3_on_block5,missing_precondition_bt,missing_precondition_bt,1.0,152.93769999999998,152.93769999999998,0.0,transformer_fused
v2_stacking_probe::state_004_t4::place_block1_on_block5,missing_precondition_bt,missing_precondition_bt,1.0,153.72714,153.72714,0.0,transformer_fused
v2_stacking_probe::state_004_t4::stack_block2_on_block1,missing_precondition_bt,missing_precondition_bt,0.0,52.99184499999999,52.99184499999999,0.0,transformer_fused
v2b_physical_strategy::state_000_t0::place_block3_on_block5,corner_place_bt,center_place_bt,1.0,153.883435,154.540805,0.6573700000000144,transformer_fused
v2b_physical_strategy::state_001_t1::stack_block1_on_block3,corner_place_bt,far_offset_bt,0.0,51.64182499999999,52.62006,0.9782350000000122,transformer_fused
v2b_physical_strategy::state_002_t2::stack_block3_on_block1,far_offset_bt,correct_bt,0.0,51.673025,52.46297499999999,0.7899499999999904,transformer_fused
v2b_physical_strategy::state_004_t4::place_block1_on_block5,center_place_bt,center_place_bt,1.0,153.324175,153.324175,0.0,transformer_fused
v6_hard_cases::state_000_t0::constrained_support_block1_on_block3,symbolic_edge_bt,symbolic_edge_bt,1.0,154.29199,154.29199,0.0,transformer_fused
v6_hard_cases::state_001_t1::long_horizon_prepare_then_stack_block1_on_block3,missing_clear_bt,missing_clear_bt,0.0,52.64051000000001,52.64051000000001,0.0,transformer_fused
v6_hard_cases::state_001_t1::constrained_support_block1_on_block3,unstable_over_edge_bt,narrow_edge_bt,0.0,51.66512500000001,52.61045500000001,0.9453299999999984,transformer_fused
v6_hard_cases::state_003_t3::hard_physical_place_block3_on_block5,missing_precondition_bt,symbolic_edge_bt,1.0,152.82226500000002,152.841875,0.019609999999971706,transformer_fused
v6_hard_cases::state_004_t4::hard_physical_place_block1_on_block5,missing_precondition_bt,missing_precondition_bt,1.0,153.37038,153.37038,0.0,transformer_fused
v6_hard_cases::state_004_t4::long_horizon_prepare_then_stack_block1_on_block3,missing_clear_bt,missing_clear_bt,0.0,53.17444000000001,53.17444000000001,0.0,transformer_fused
v1_supported_by::state_000_t0::place_block3_on_block5,missing_precondition_bt,correct_bt,1.0,154.15366,154.76969,0.616029999999995,transformer_fused
v1_supported_by::state_001_t1::stack_block3_on_block1,missing_precondition_bt,correct_bt,0.0,52.465675,152.284665,99.81898999999999,transformer_fused
v1_supported_by::state_003_t3::place_block2_on_block6,missing_precondition_bt,missing_precondition_bt,1.0,153.193355,153.193355,0.0,transformer_fused
v1_supported_by::state_004_t4::place_block2_on_block6,missing_precondition_bt,correct_bt,1.0,152.83695999999998,152.91567,0.07871000000002937,transformer_fused
v2_stacking_probe::state_000_t0::place_block3_on_block5,missing_precondition_bt,missing_precondition_bt,1.0,155.51667,155.51667,0.0,transformer_fused
v2_stacking_probe::state_001_t1::place_block1_on_block5,missing_precondition_bt,correct_bt,1.0,153.109245,153.15418,0.044935000000009495,transformer_fused
v2_stacking_probe::state_001_t1::stack_block3_on_block1,missing_precondition_bt,missing_precondition_bt,0.0,52.16401500000001,52.16401500000001,0.0,transformer_fused
v2_stacking_probe::state_002_t2::place_block3_on_block5,missing_precondition_bt,missing_precondition_bt,1.0,153.66851999999997,153.66851999999997,0.0,transformer_fused
v2_stacking_probe::state_002_t2::stack_block2_on_block1,missing_precondition_bt,missing_precondition_bt,0.0,53.06869,53.06869,0.0,transformer_fused
v2_stacking_probe::state_002_t2::stack_block4_on_block1,missing_precondition_bt,correct_bt,0.0,52.16233999999999,52.195924999999995,0.033585000000002196,transformer_fused
v2_stacking_probe::state_003_t3::stack_block2_on_block1,missing_precondition_bt,missing_precondition_bt,0.0,53.440715000000004,53.440715000000004,0.0,transformer_fused
v2_stacking_probe::state_004_t4::stack_block3_on_block1,missing_precondition_bt,missing_precondition_bt,0.0,52.81371000000001,52.81371000000001,0.0,transformer_fused
v2_stacking_probe::state_004_t4::stack_block1_on_block3,missing_precondition_bt,correct_bt,0.0,52.168195000000004,52.332585,0.16438999999999737,transformer_fused
v2b_physical_strategy::state_000_t0::stack_block1_on_block3,far_offset_bt,corner_place_bt,0.0,53.61659500000001,53.63685,0.020254999999991696,transformer_fused
v2b_physical_strategy::state_001_t1::stack_block3_on_block1,edge_place_bt,far_offset_bt,0.0,51.823895,53.114084999999996,1.2901899999999955,transformer_fused
v2b_physical_strategy::state_003_t3::place_block1_on_block5,corner_place_bt,edge_place_bt,1.0,152.856135,153.30749999999998,0.45136499999998136,transformer_fused
v2b_physical_strategy::state_004_t4::place_block3_on_block5,center_place_bt,center_place_bt,1.0,153.242075,153.242075,0.0,transformer_fused
v6_hard_cases::state_001_t1::constrained_support_block3_on_block1,collision_risk_bt,unstable_over_edge_bt,0.0,51.78182,52.45047499999999,0.6686549999999869,transformer_fused
v6_hard_cases::state_002_t2::long_horizon_prepare_then_stack_block1_on_block3,missing_clear_bt,missing_clear_bt,0.0,53.35887,53.35887,0.0,transformer_fused
v6_hard_cases::state_002_t2::constrained_support_block1_on_block3,unstable_over_edge_bt,symbolic_edge_bt,0.0,51.95330499999999,52.58233500000001,0.6290300000000144,transformer_fused
v6_hard_cases::state_003_t3::long_horizon_clear_then_stack_block2_on_block3,wrong_order_bt,missing_clear_bt,0.0,49.37181999999999,53.26143,3.8896100000000047,transformer_fused
v6_hard_cases::state_004_t4::hard_physical_place_block3_on_block5,missing_precondition_bt,missing_precondition_bt,1.0,153.079045,153.079045,0.0,transformer_fused
v1_supported_by::state_000_t0::stack_block3_on_block1,missing_precondition_bt,missing_precondition_bt,0.0,53.01372,53.01372,0.0,transformer_fused
v1_supported_by::state_002_t2::place_block1_on_block5,missing_precondition_bt,missing_precondition_bt,1.0,153.367215,153.367215,0.0,transformer_fused
v1_supported_by::state_004_t4::place_block3_on_block5,missing_precondition_bt,missing_precondition_bt,1.0,153.212055,153.212055,0.0,transformer_fused
v2_stacking_probe::state_000_t0::stack_block3_on_block1,missing_precondition_bt,correct_bt,0.0,53.217335,53.58803500000001,0.3707000000000136,transformer_fused
v2_stacking_probe::state_000_t0::stack_block1_on_block3,correct_bt,missing_precondition_bt,0.0,53.072075000000005,53.34975000000001,0.2776750000000021,transformer_fused
v2_stacking_probe::state_000_t0::stack_block3_on_block2,missing_precondition_bt,missing_precondition_bt,0.0,54.023864999999994,54.023864999999994,0.0,transformer_fused
v2_stacking_probe::state_001_t1::place_block2_on_block6,missing_precondition_bt,correct_bt,1.0,153.84969,154.263415,0.41372499999999945,transformer_fused
v2_stacking_probe::state_001_t1::stack_block3_on_block2,missing_precondition_bt,missing_precondition_bt,0.0,52.62513500000001,52.62513500000001,0.0,transformer_fused
v2_stacking_probe::state_002_t2::stack_block1_on_block3,correct_bt,correct_bt,1.0,152.50336,152.50336,0.0,transformer_fused
v2_stacking_probe::state_003_t3::place_block1_on_block5,missing_precondition_bt,missing_precondition_bt,1.0,152.9511,152.9511,0.0,transformer_fused
v2_stacking_probe::state_003_t3::stack_block3_on_block1,missing_precondition_bt,missing_precondition_bt,0.0,52.62147000000001,52.62147000000001,0.0,transformer_fused
v2_stacking_probe::state_004_t4::stack_block3_on_block2,correct_bt,missing_precondition_bt,0.0,52.286870000000015,52.53896500000001,0.25209499999999707,transformer_fused
v2b_physical_strategy::state_000_t0::stack_block3_on_block1,correct_bt,correct_bt,0.0,55.07473500000001,55.07473500000001,0.0,transformer_fused
v2b_physical_strategy::state_002_t2::place_block1_on_block5,edge_place_bt,edge_place_bt,1.0,153.22376,153.22376,0.0,transformer_fused
v2b_physical_strategy::state_003_t3::place_block3_on_block5,center_place_bt,corner_place_bt,1.0,152.39093499999998,152.451895,0.060960000000022774,transformer_fused
v2b_physical_strategy::state_004_t4::stack_block1_on_block3,corner_place_bt,center_place_bt,0.0,51.590714999999996,52.01614,0.42542500000000416,transformer_fused
v6_hard_cases::state_000_t0::hard_physical_place_block3_on_block5,missing_precondition_bt,stable_center_bt,1.0,154.14745,154.74573,0.5982800000000168,transformer_fused
v6_hard_cases::state_001_t1::hard_physical_place_block1_on_block5,missing_precondition_bt,symbolic_corner_bt,1.0,153.022525,153.21776499999999,0.1952399999999841,transformer_fused
v6_hard_cases::state_002_t2::hard_physical_place_block3_on_block5,missing_precondition_bt,symbolic_corner_bt,1.0,152.84382499999998,153.00847499999998,0.16464999999999463,transformer_fused
v6_hard_cases::state_002_t2::constrained_support_block3_on_block1,symbolic_edge_bt,stable_center_bt,0.0,51.310404999999996,52.263725,0.953320000000005,transformer_fused
v6_hard_cases::state_003_t3::long_horizon_prepare_then_stack_block1_on_block3,missing_clear_bt,missing_clear_bt,0.0,53.087435000000006,53.087435000000006,0.0,transformer_fused
v6_hard_cases::state_003_t3::constrained_support_block1_on_block3,symbolic_edge_bt,collision_risk_bt,0.0,51.57935,52.58169999999999,1.0023499999999927,transformer_fused
v1_supported_by::state_001_t1::place_block1_on_block5,missing_precondition_bt,missing_precondition_bt,1.0,153.44245999999998,153.44245999999998,0.0,transformer_fused
v1_supported_by::state_002_t2::place_block2_on_block6,missing_precondition_bt,missing_precondition_bt,1.0,154.40586499999998,154.40586499999998,0.0,transformer_fused
v1_supported_by::state_003_t3::place_block3_on_block5,missing_precondition_bt,missing_precondition_bt,1.0,152.9585,152.9585,0.0,transformer_fused
v1_supported_by::state_004_t4::stack_block3_on_block1,missing_precondition_bt,missing_precondition_bt,0.0,52.50782,52.50782,0.0,transformer_fused
v2_stacking_probe::state_000_t0::stack_block2_on_block1,missing_precondition_bt,missing_precondition_bt,0.0,54.67318500000001,54.67318500000001,0.0,transformer_fused
v2_stacking_probe::state_001_t1::place_block3_on_block5,missing_precondition_bt,missing_precondition_bt,1.0,153.637755,153.637755,0.0,transformer_fused
v2_stacking_probe::state_001_t1::stack_block4_on_block1,correct_bt,correct_bt,0.0,52.320879999999995,52.320879999999995,0.0,transformer_fused
v2_stacking_probe::state_002_t2::stack_block3_on_block1,missing_precondition_bt,missing_precondition_bt,0.0,52.167970000000004,52.167970000000004,0.0,transformer_fused
v2_stacking_probe::state_003_t3::place_block2_on_block6,missing_precondition_bt,missing_precondition_bt,1.0,154.298035,154.298035,0.0,transformer_fused
v2_stacking_probe::state_003_t3::stack_block3_on_block2,missing_precondition_bt,correct_bt,0.0,52.062734999999996,52.47686000000001,0.41412500000001273,transformer_fused
v2_stacking_probe::state_004_t4::stack_block4_on_block1,correct_bt,missing_precondition_bt,0.0,51.818310000000004,52.53132,0.713009999999997,transformer_fused
v2b_physical_strategy::state_001_t1::place_block1_on_block5,edge_place_bt,corner_place_bt,1.0,152.945465,153.23799,0.2925249999999835,transformer_fused
v2b_physical_strategy::state_002_t2::place_block3_on_block5,center_place_bt,center_place_bt,1.0,153.321175,153.321175,0.0,transformer_fused
v2b_physical_strategy::state_003_t3::stack_block1_on_block3,edge_place_bt,corner_place_bt,0.0,51.83484000000001,52.24962,0.41477999999999327,transformer_fused
v2b_physical_strategy::state_004_t4::stack_block3_on_block1,center_place_bt,corner_place_bt,0.0,52.159715,52.45388500000001,0.29417000000000826,transformer_fused
v6_hard_cases::state_000_t0::hard_physical_place_block1_on_block5,missing_precondition_bt,missing_precondition_bt,1.0,153.88338,153.88338,0.0,transformer_fused
v6_hard_cases::state_000_t0::long_horizon_clear_then_stack_block2_on_block3,missing_clear_bt,missing_clear_bt,0.0,54.919335,54.919335,0.0,transformer_fused
v6_hard_cases::state_001_t1::hard_physical_place_block3_on_block5,symbolic_corner_bt,missing_precondition_bt,1.0,152.68579499999998,153.07773,0.3919350000000179,transformer_fused
v6_hard_cases::state_002_t2::hard_physical_place_block1_on_block5,missing_precondition_bt,missing_precondition_bt,1.0,153.714465,153.714465,0.0,transformer_fused
v6_hard_cases::state_003_t3::constrained_support_block3_on_block1,collision_risk_bt,symbolic_edge_bt,0.0,52.253350000000005,52.29543,0.04207999999999856,transformer_fused
v6_hard_cases::state_004_t4::long_horizon_clear_then_stack_block2_on_block3,missing_clear_bt,missing_clear_bt,0.0,53.30113000000001,53.30113000000001,0.0,transformer_fused
v6_hard_cases::state_004_t4::constrained_support_block1_on_block3,collision_risk_bt,symbolic_edge_bt,0.0,51.83279000000001,52.42930500000001,0.5965149999999966,transformer_fused
v1_supported_by::state_000_t0::place_block1_on_block5,missing_precondition_bt,missing_precondition_bt,1.0,155.38221,155.38221,0.0,transformer_fused
v1_supported_by::state_001_t1::place_block2_on_block6,correct_bt,missing_precondition_bt,1.0,154.12258,155.39746499999998,1.2748849999999834,transformer_fused
v1_supported_by::state_002_t2::place_block3_on_block5,missing_precondition_bt,missing_precondition_bt,1.0,152.837325,152.837325,0.0,transformer_fused
v1_supported_by::state_003_t3::place_block1_on_block5,missing_precondition_bt,missing_precondition_bt,1.0,153.170655,153.170655,0.0,transformer_fused
v1_supported_by::state_003_t3::stack_block3_on_block1,missing_precondition_bt,missing_precondition_bt,0.0,52.122009999999996,52.122009999999996,0.0,transformer_fused
v2_stacking_probe::state_000_t0::place_block1_on_block5,missing_precondition_bt,missing_precondition_bt,1.0,154.09874,154.09874,0.0,transformer_fused
v2_stacking_probe::state_000_t0::stack_block4_on_block1,correct_bt,correct_bt,0.0,54.844355,54.844355,0.0,transformer_fused
v2_stacking_probe::state_001_t1::stack_block1_on_block3,missing_precondition_bt,correct_bt,0.0,52.324885,52.36842500000001,0.04354000000000724,transformer_fused
v2_stacking_probe::state_002_t2::place_block1_on_block5,missing_precondition_bt,missing_precondition_bt,1.0,153.49909499999998,153.49909499999998,0.0,transformer_fused
v2_stacking_probe::state_003_t3::place_block3_on_block5,missing_precondition_bt,correct_bt,1.0,152.95591,152.98246,0.026550000000014506,transformer_fused
v2_stacking_probe::state_003_t3::stack_block4_on_block1,missing_precondition_bt,correct_bt,0.0,52.00723999999999,52.184525,0.1772850000000119,transformer_fused
v2_stacking_probe::state_004_t4::place_block2_on_block6,correct_bt,missing_precondition_bt,1.0,153.51444,153.55688,0.042439999999999145,transformer_fused
v2b_physical_strategy::state_000_t0::place_block1_on_block5,edge_place_bt,edge_place_bt,1.0,154.814875,154.814875,0.0,transformer_fused
v2b_physical_strategy::state_001_t1::place_block3_on_block5,center_place_bt,center_place_bt,1.0,153.143105,153.143105,0.0,transformer_fused
v2b_physical_strategy::state_002_t2::stack_block1_on_block3,over_edge_bt,over_edge_bt,1.0,153.20096,153.20096,0.0,transformer_fused
v2b_physical_strategy::state_003_t3::stack_block3_on_block1,corner_place_bt,edge_place_bt,0.0,51.707950000000004,52.101045000000006,0.3930950000000024,transformer_fused
v6_hard_cases::state_000_t0::long_horizon_prepare_then_stack_block1_on_block3,missing_clear_bt,missing_clear_bt,0.0,54.544755,54.544755,0.0,transformer_fused
v6_hard_cases::state_000_t0::constrained_support_block3_on_block1,narrow_edge_bt,narrow_edge_bt,1.0,153.41038,153.41038,0.0,transformer_fused
v6_hard_cases::state_001_t1::long_horizon_clear_then_stack_block2_on_block3,missing_clear_bt,redundant_repair_bt,0.0,55.49531500000001,148.40567,92.91035499999998,transformer_fused
v6_hard_cases::state_002_t2::long_horizon_clear_then_stack_block2_on_block3,missing_clear_bt,missing_clear_bt,0.0,53.86810499999999,53.86810499999999,0.0,transformer_fused
v6_hard_cases::state_003_t3::hard_physical_place_block1_on_block5,missing_precondition_bt,missing_precondition_bt,1.0,153.120195,153.120195,0.0,transformer_fused
v6_hard_cases::state_004_t4::constrained_support_block3_on_block1,stable_center_bt,narrow_edge_bt,0.0,51.57032999999999,52.040005,0.4696750000000094,transformer_fused
v1_supported_by::state_000_t0::place_block3_on_block5,missing_precondition_bt,correct_bt,1.0,154.15366,154.76969,0.616029999999995,symbolic_only
v1_supported_by::state_000_t0::place_block1_on_block5,missing_precondition_bt,missing_precondition_bt,1.0,155.38221,155.38221,0.0,symbolic_only
v1_supported_by::state_000_t0::place_block2_on_block6,missing_precondition_bt,correct_bt,1.0,155.08305000000001,155.12254499999997,0.039494999999959646,symbolic_only
v1_supported_by::state_000_t0::stack_block3_on_block1,missing_precondition_bt,missing_precondition_bt,0.0,53.01372,53.01372,0.0,symbolic_only
v1_supported_by::state_001_t1::place_block3_on_block5,missing_precondition_bt,missing_precondition_bt,1.0,153.78701999999998,153.78701999999998,0.0,symbolic_only
v1_supported_by::state_001_t1::place_block1_on_block5,missing_precondition_bt,missing_precondition_bt,1.0,153.44245999999998,153.44245999999998,0.0,symbolic_only
v1_supported_by::state_001_t1::place_block2_on_block6,missing_precondition_bt,missing_precondition_bt,1.0,155.39746499999998,155.39746499999998,0.0,symbolic_only
v1_supported_by::state_001_t1::stack_block3_on_block1,missing_precondition_bt,correct_bt,0.0,52.465675,152.284665,99.81898999999999,symbolic_only
v1_supported_by::state_002_t2::place_block3_on_block5,missing_precondition_bt,missing_precondition_bt,1.0,152.837325,152.837325,0.0,symbolic_only
v1_supported_by::state_002_t2::place_block1_on_block5,unsafe_or_invalid_bt,missing_precondition_bt,0.0,57.1,153.367215,96.267215,symbolic_only
v1_supported_by::state_002_t2::place_block2_on_block6,missing_precondition_bt,missing_precondition_bt,1.0,154.40586499999998,154.40586499999998,0.0,symbolic_only
v1_supported_by::state_002_t2::stack_block3_on_block1,missing_precondition_bt,missing_precondition_bt,0.0,53.058159999999994,53.058159999999994,0.0,symbolic_only
v1_supported_by::state_003_t3::place_block3_on_block5,unsafe_or_invalid_bt,missing_precondition_bt,0.0,57.1,152.9585,95.85849999999999,symbolic_only
v1_supported_by::state_003_t3::place_block1_on_block5,unsafe_or_invalid_bt,missing_precondition_bt,0.0,57.1,153.170655,96.07065500000002,symbolic_only
v1_supported_by::state_003_t3::place_block2_on_block6,missing_precondition_bt,missing_precondition_bt,1.0,153.193355,153.193355,0.0,symbolic_only
v1_supported_by::state_003_t3::stack_block3_on_block1,missing_precondition_bt,missing_precondition_bt,0.0,52.122009999999996,52.122009999999996,0.0,symbolic_only
v1_supported_by::state_004_t4::place_block3_on_block5,unsafe_or_invalid_bt,missing_precondition_bt,0.0,57.1,153.212055,96.112055,symbolic_only
v1_supported_by::state_004_t4::place_block1_on_block5,unsafe_or_invalid_bt,missing_precondition_bt,0.0,57.1,152.95333,95.85333,symbolic_only
v1_supported_by::state_004_t4::place_block2_on_block6,missing_precondition_bt,correct_bt,1.0,152.83695999999998,152.91567,0.07871000000002937,symbolic_only
v1_supported_by::state_004_t4::stack_block3_on_block1,missing_precondition_bt,missing_precondition_bt,0.0,52.50782,52.50782,0.0,symbolic_only
v2_stacking_probe::state_000_t0::place_block3_on_block5,missing_precondition_bt,missing_precondition_bt,1.0,155.51667,155.51667,0.0,symbolic_only
v2_stacking_probe::state_000_t0::place_block1_on_block5,missing_precondition_bt,missing_precondition_bt,1.0,154.09874,154.09874,0.0,symbolic_only
v2_stacking_probe::state_000_t0::place_block2_on_block6,missing_precondition_bt,missing_precondition_bt,1.0,155.06958,155.06958,0.0,symbolic_only
v2_stacking_probe::state_000_t0::stack_block3_on_block1,missing_precondition_bt,correct_bt,0.0,53.217335,53.58803500000001,0.3707000000000136,symbolic_only
v2_stacking_probe::state_000_t0::stack_block1_on_block3,missing_precondition_bt,missing_precondition_bt,0.0,53.34975000000001,53.34975000000001,0.0,symbolic_only
v2_stacking_probe::state_000_t0::stack_block2_on_block1,missing_precondition_bt,missing_precondition_bt,0.0,54.67318500000001,54.67318500000001,0.0,symbolic_only
v2_stacking_probe::state_000_t0::stack_block4_on_block1,missing_precondition_bt,correct_bt,0.0,53.26951999999999,54.844355,1.5748350000000073,symbolic_only
v2_stacking_probe::state_000_t0::stack_block3_on_block2,missing_precondition_bt,missing_precondition_bt,0.0,54.023864999999994,54.023864999999994,0.0,symbolic_only
v2_stacking_probe::state_001_t1::place_block3_on_block5,missing_precondition_bt,missing_precondition_bt,1.0,153.637755,153.637755,0.0,symbolic_only
v2_stacking_probe::state_001_t1::place_block1_on_block5,missing_precondition_bt,correct_bt,1.0,153.109245,153.15418,0.044935000000009495,symbolic_only
v2_stacking_probe::state_001_t1::place_block2_on_block6,missing_precondition_bt,correct_bt,1.0,153.84969,154.263415,0.41372499999999945,symbolic_only
v2_stacking_probe::state_001_t1::stack_block3_on_block1,missing_precondition_bt,missing_precondition_bt,0.0,52.16401500000001,52.16401500000001,0.0,symbolic_only
v2_stacking_probe::state_001_t1::stack_block1_on_block3,missing_precondition_bt,correct_bt,0.0,52.324885,52.36842500000001,0.04354000000000724,symbolic_only
v2_stacking_probe::state_001_t1::stack_block2_on_block1,missing_precondition_bt,missing_precondition_bt,0.0,54.332580000000014,54.332580000000014,0.0,symbolic_only
v2_stacking_probe::state_001_t1::stack_block4_on_block1,missing_precondition_bt,correct_bt,0.0,52.08799,52.320879999999995,0.2328899999999976,symbolic_only
v2_stacking_probe::state_001_t1::stack_block3_on_block2,missing_precondition_bt,missing_precondition_bt,0.0,52.62513500000001,52.62513500000001,0.0,symbolic_only
v2_stacking_probe::state_002_t2::place_block3_on_block5,missing_precondition_bt,missing_precondition_bt,1.0,153.66851999999997,153.66851999999997,0.0,symbolic_only
v2_stacking_probe::state_002_t2::place_block1_on_block5,unsafe_or_invalid_bt,missing_precondition_bt,0.0,57.1,153.49909499999998,96.39909499999999,symbolic_only
v2_stacking_probe::state_002_t2::place_block2_on_block6,missing_precondition_bt,missing_precondition_bt,1.0,154.400895,154.400895,0.0,symbolic_only
v2_stacking_probe::state_002_t2::stack_block3_on_block1,missing_precondition_bt,missing_precondition_bt,0.0,52.167970000000004,52.167970000000004,0.0,symbolic_only
v2_stacking_probe::state_002_t2::stack_block1_on_block3,missing_precondition_bt,correct_bt,0.0,53.48891,152.50336,99.01444999999998,symbolic_only
v2_stacking_probe::state_002_t2::stack_block2_on_block1,missing_precondition_bt,missing_precondition_bt,0.0,53.06869,53.06869,0.0,symbolic_only
v2_stacking_probe::state_002_t2::stack_block4_on_block1,missing_precondition_bt,correct_bt,0.0,52.16233999999999,52.195924999999995,0.033585000000002196,symbolic_only
v2_stacking_probe::state_002_t2::stack_block3_on_block2,missing_precondition_bt,missing_precondition_bt,0.0,52.75409,52.75409,0.0,symbolic_only
v2_stacking_probe::state_003_t3::place_block3_on_block5,unsafe_or_invalid_bt,correct_bt,0.0,57.1,152.98246,95.88246000000001,symbolic_only
v2_stacking_probe::state_003_t3::place_block1_on_block5,unsafe_or_invalid_bt,missing_precondition_bt,0.0,57.1,152.9511,95.8511,symbolic_only
v2_stacking_probe::state_003_t3::place_block2_on_block6,missing_precondition_bt,missing_precondition_bt,1.0,154.298035,154.298035,0.0,symbolic_only
v2_stacking_probe::state_003_t3::stack_block3_on_block1,missing_precondition_bt,missing_precondition_bt,0.0,52.62147000000001,52.62147000000001,0.0,symbolic_only
v2_stacking_probe::state_003_t3::stack_block1_on_block3,missing_precondition_bt,missing_precondition_bt,0.0,52.899449999999995,52.899449999999995,0.0,symbolic_only
v2_stacking_probe::state_003_t3::stack_block2_on_block1,missing_precondition_bt,missing_precondition_bt,0.0,53.440715000000004,53.440715000000004,0.0,symbolic_only
v2_stacking_probe::state_003_t3::stack_block4_on_block1,missing_precondition_bt,correct_bt,0.0,52.00723999999999,52.184525,0.1772850000000119,symbolic_only
v2_stacking_probe::state_003_t3::stack_block3_on_block2,missing_precondition_bt,correct_bt,0.0,52.062734999999996,52.47686000000001,0.41412500000001273,symbolic_only
v2_stacking_probe::state_004_t4::place_block3_on_block5,unsafe_or_invalid_bt,missing_precondition_bt,0.0,57.1,152.93769999999998,95.83769999999998,symbolic_only
v2_stacking_probe::state_004_t4::place_block1_on_block5,unsafe_or_invalid_bt,missing_precondition_bt,0.0,57.1,153.72714,96.62714,symbolic_only
v2_stacking_probe::state_004_t4::place_block2_on_block6,missing_precondition_bt,missing_precondition_bt,1.0,153.55688,153.55688,0.0,symbolic_only
v2_stacking_probe::state_004_t4::stack_block3_on_block1,missing_precondition_bt,missing_precondition_bt,0.0,52.81371000000001,52.81371000000001,0.0,symbolic_only
v2_stacking_probe::state_004_t4::stack_block1_on_block3,missing_precondition_bt,correct_bt,0.0,52.168195000000004,52.332585,0.16438999999999737,symbolic_only
v2_stacking_probe::state_004_t4::stack_block2_on_block1,missing_precondition_bt,missing_precondition_bt,0.0,52.99184499999999,52.99184499999999,0.0,symbolic_only
v2_stacking_probe::state_004_t4::stack_block4_on_block1,missing_precondition_bt,missing_precondition_bt,0.0,52.53132,52.53132,0.0,symbolic_only
v2_stacking_probe::state_004_t4::stack_block3_on_block2,missing_precondition_bt,missing_precondition_bt,0.0,52.53896500000001,52.53896500000001,0.0,symbolic_only
v2b_physical_strategy::state_000_t0::place_block3_on_block5,correct_bt,center_place_bt,1.0,153.505955,154.540805,1.0348500000000058,symbolic_only
v2b_physical_strategy::state_000_t0::place_block1_on_block5,correct_bt,edge_place_bt,1.0,154.77248,154.814875,0.04239499999999907,symbolic_only
v2b_physical_strategy::state_000_t0::stack_block1_on_block3,correct_bt,corner_place_bt,0.0,53.552434999999996,53.63685,0.08441500000000701,symbolic_only
v2b_physical_strategy::state_000_t0::stack_block3_on_block1,correct_bt,correct_bt,0.0,55.07473500000001,55.07473500000001,0.0,symbolic_only
v2b_physical_strategy::state_001_t1::place_block3_on_block5,correct_bt,center_place_bt,1.0,152.099175,153.143105,1.043929999999989,symbolic_only
v2b_physical_strategy::state_001_t1::place_block1_on_block5,correct_bt,corner_place_bt,1.0,152.485,153.23799,0.7529899999999827,symbolic_only
v2b_physical_strategy::state_001_t1::stack_block1_on_block3,correct_bt,far_offset_bt,0.0,51.702225000000006,52.62006,0.9178349999999966,symbolic_only
v2b_physical_strategy::state_001_t1::stack_block3_on_block1,correct_bt,far_offset_bt,0.0,51.80738999999999,53.114084999999996,1.3066950000000048,symbolic_only
v2b_physical_strategy::state_002_t2::place_block3_on_block5,correct_bt,center_place_bt,1.0,152.280945,153.321175,1.0402300000000082,symbolic_only
v2b_physical_strategy::state_002_t2::place_block1_on_block5,correct_bt,edge_place_bt,1.0,152.66660499999998,153.22376,0.5571550000000229,symbolic_only
v2b_physical_strategy::state_002_t2::stack_block1_on_block3,correct_bt,over_edge_bt,0.0,52.0165,153.20096,101.18446,symbolic_only
v2b_physical_strategy::state_002_t2::stack_block3_on_block1,correct_bt,correct_bt,0.0,52.46297499999999,52.46297499999999,0.0,symbolic_only
v2b_physical_strategy::state_003_t3::place_block3_on_block5,correct_bt,corner_place_bt,1.0,152.43555,152.451895,0.016345000000001164,symbolic_only
v2b_physical_strategy::state_003_t3::place_block1_on_block5,correct_bt,edge_place_bt,1.0,152.734095,153.30749999999998,0.5734049999999797,symbolic_only
v2b_physical_strategy::state_003_t3::stack_block1_on_block3,correct_bt,corner_place_bt,0.0,52.011635000000005,52.24962,0.23798499999999478,symbolic_only
v2b_physical_strategy::state_003_t3::stack_block3_on_block1,correct_bt,edge_place_bt,0.0,51.907085,52.101045000000006,0.19396000000000413,symbolic_only
v2b_physical_strategy::state_004_t4::place_block3_on_block5,correct_bt,center_place_bt,1.0,153.126685,153.242075,0.11538999999999078,symbolic_only
v2b_physical_strategy::state_004_t4::place_block1_on_block5,correct_bt,center_place_bt,1.0,152.80485,153.324175,0.5193250000000091,symbolic_only
v2b_physical_strategy::state_004_t4::stack_block1_on_block3,correct_bt,center_place_bt,0.0,51.8315,52.01614,0.1846400000000017,symbolic_only
v2b_physical_strategy::state_004_t4::stack_block3_on_block1,correct_bt,corner_place_bt,0.0,52.42519500000001,52.45388500000001,0.02868999999999744,symbolic_only
v6_hard_cases::state_000_t0::hard_physical_place_block3_on_block5,missing_precondition_bt,stable_center_bt,1.0,154.14745,154.74573,0.5982800000000168,symbolic_only
v6_hard_cases::state_000_t0::hard_physical_place_block1_on_block5,missing_precondition_bt,missing_precondition_bt,1.0,153.88338,153.88338,0.0,symbolic_only
v6_hard_cases::state_000_t0::long_horizon_clear_then_stack_block2_on_block3,missing_clear_bt,missing_clear_bt,0.0,54.919335,54.919335,0.0,symbolic_only
v6_hard_cases::state_000_t0::long_horizon_prepare_then_stack_block1_on_block3,missing_clear_bt,missing_clear_bt,0.0,54.544755,54.544755,0.0,symbolic_only
v6_hard_cases::state_000_t0::constrained_support_block3_on_block1,stable_center_bt,narrow_edge_bt,0.0,52.839634999999994,153.41038,100.57074500000002,symbolic_only
v6_hard_cases::state_000_t0::constrained_support_block1_on_block3,stable_center_bt,symbolic_edge_bt,0.0,53.35294,154.29199,100.93905000000001,symbolic_only
v6_hard_cases::state_001_t1::hard_physical_place_block3_on_block5,missing_precondition_bt,missing_precondition_bt,1.0,153.07773,153.07773,0.0,symbolic_only
v6_hard_cases::state_001_t1::hard_physical_place_block1_on_block5,missing_precondition_bt,symbolic_corner_bt,1.0,153.022525,153.21776499999999,0.1952399999999841,symbolic_only
v6_hard_cases::state_001_t1::long_horizon_clear_then_stack_block2_on_block3,missing_clear_bt,redundant_repair_bt,0.0,55.49531500000001,148.40567,92.91035499999998,symbolic_only
v6_hard_cases::state_001_t1::long_horizon_prepare_then_stack_block1_on_block3,missing_clear_bt,missing_clear_bt,0.0,52.64051000000001,52.64051000000001,0.0,symbolic_only
v6_hard_cases::state_001_t1::constrained_support_block3_on_block1,stable_center_bt,unstable_over_edge_bt,0.0,52.01433000000001,52.45047499999999,0.436144999999982,symbolic_only
v6_hard_cases::state_001_t1::constrained_support_block1_on_block3,stable_center_bt,narrow_edge_bt,0.0,51.85344,52.61045500000001,0.7570150000000098,symbolic_only
v6_hard_cases::state_002_t2::hard_physical_place_block3_on_block5,missing_precondition_bt,symbolic_corner_bt,1.0,152.84382499999998,153.00847499999998,0.16464999999999463,symbolic_only
v6_hard_cases::state_002_t2::hard_physical_place_block1_on_block5,missing_precondition_bt,missing_precondition_bt,1.0,153.714465,153.714465,0.0,symbolic_only
v6_hard_cases::state_002_t2::long_horizon_clear_then_stack_block2_on_block3,missing_clear_bt,missing_clear_bt,0.0,53.86810499999999,53.86810499999999,0.0,symbolic_only
v6_hard_cases::state_002_t2::long_horizon_prepare_then_stack_block1_on_block3,missing_clear_bt,missing_clear_bt,0.0,53.35887,53.35887,0.0,symbolic_only
v6_hard_cases::state_002_t2::constrained_support_block3_on_block1,stable_center_bt,stable_center_bt,0.0,52.263725,52.263725,0.0,symbolic_only
v6_hard_cases::state_002_t2::constrained_support_block1_on_block3,stable_center_bt,symbolic_edge_bt,0.0,52.321760000000005,52.58233500000001,0.2605750000000029,symbolic_only
v6_hard_cases::state_003_t3::hard_physical_place_block3_on_block5,missing_precondition_bt,symbolic_edge_bt,1.0,152.82226500000002,152.841875,0.019609999999971706,symbolic_only
v6_hard_cases::state_003_t3::hard_physical_place_block1_on_block5,missing_precondition_bt,missing_precondition_bt,1.0,153.120195,153.120195,0.0,symbolic_only
v6_hard_cases::state_003_t3::long_horizon_clear_then_stack_block2_on_block3,missing_clear_bt,missing_clear_bt,0.0,53.26143,53.26143,0.0,symbolic_only
v6_hard_cases::state_003_t3::long_horizon_prepare_then_stack_block1_on_block3,missing_clear_bt,missing_clear_bt,0.0,53.087435000000006,53.087435000000006,0.0,symbolic_only
v6_hard_cases::state_003_t3::constrained_support_block3_on_block1,stable_center_bt,symbolic_edge_bt,0.0,51.848845000000004,52.29543,0.4465849999999989,symbolic_only
v6_hard_cases::state_003_t3::constrained_support_block1_on_block3,stable_center_bt,collision_risk_bt,0.0,52.546495000000014,52.58169999999999,0.035204999999976394,symbolic_only
v6_hard_cases::state_004_t4::hard_physical_place_block3_on_block5,missing_precondition_bt,missing_precondition_bt,1.0,153.079045,153.079045,0.0,symbolic_only
v6_hard_cases::state_004_t4::hard_physical_place_block1_on_block5,missing_precondition_bt,missing_precondition_bt,1.0,153.37038,153.37038,0.0,symbolic_only
v6_hard_cases::state_004_t4::long_horizon_clear_then_stack_block2_on_block3,missing_clear_bt,missing_clear_bt,0.0,53.30113000000001,53.30113000000001,0.0,symbolic_only
v6_hard_cases::state_004_t4::long_horizon_prepare_then_stack_block1_on_block3,missing_clear_bt,missing_clear_bt,0.0,53.17444000000001,53.17444000000001,0.0,symbolic_only
v6_hard_cases::state_004_t4::constrained_support_block3_on_block1,stable_center_bt,narrow_edge_bt,0.0,51.57032999999999,52.040005,0.4696750000000094,symbolic_only
v6_hard_cases::state_004_t4::constrained_support_block1_on_block3,stable_center_bt,symbolic_edge_bt,0.0,51.711885,52.42930500000001,0.7174200000000042,symbolic_only
v1_supported_by::state_000_t0::place_block3_on_block5,unsafe_or_invalid_bt,correct_bt,0.0,-22.9,154.76969,177.66969,shortest_tree
v1_supported_by::state_000_t0::place_block1_on_block5,unsafe_or_invalid_bt,missing_precondition_bt,0.0,-22.9,155.38221,178.28221,shortest_tree
v1_supported_by::state_000_t0::place_block2_on_block6,unsafe_or_invalid_bt,correct_bt,0.0,-22.9,155.12254499999997,178.02254499999998,shortest_tree
v1_supported_by::state_000_t0::stack_block3_on_block1,unsafe_or_invalid_bt,missing_precondition_bt,0.0,-22.9,53.01372,75.91372,shortest_tree
v1_supported_by::state_001_t1::place_block3_on_block5,unsafe_or_invalid_bt,missing_precondition_bt,0.0,-22.9,153.78701999999998,176.68702,shortest_tree
v1_supported_by::state_001_t1::place_block1_on_block5,unsafe_or_invalid_bt,missing_precondition_bt,0.0,-22.9,153.44245999999998,176.34246,shortest_tree
v1_supported_by::state_001_t1::place_block2_on_block6,unsafe_or_invalid_bt,missing_precondition_bt,0.0,-22.9,155.39746499999998,178.297465,shortest_tree
v1_supported_by::state_001_t1::stack_block3_on_block1,unsafe_or_invalid_bt,correct_bt,0.0,-22.9,152.284665,175.184665,shortest_tree
v1_supported_by::state_002_t2::place_block3_on_block5,unsafe_or_invalid_bt,missing_precondition_bt,0.0,-22.9,152.837325,175.737325,shortest_tree
v1_supported_by::state_002_t2::place_block1_on_block5,unsafe_or_invalid_bt,missing_precondition_bt,0.0,57.1,153.367215,96.267215,shortest_tree
v1_supported_by::state_002_t2::place_block2_on_block6,unsafe_or_invalid_bt,missing_precondition_bt,0.0,-22.9,154.40586499999998,177.30586499999998,shortest_tree
v1_supported_by::state_002_t2::stack_block3_on_block1,unsafe_or_invalid_bt,missing_precondition_bt,0.0,-22.9,53.058159999999994,75.95815999999999,shortest_tree
v1_supported_by::state_003_t3::place_block3_on_block5,unsafe_or_invalid_bt,missing_precondition_bt,0.0,57.1,152.9585,95.85849999999999,shortest_tree
v1_supported_by::state_003_t3::place_block1_on_block5,unsafe_or_invalid_bt,missing_precondition_bt,0.0,57.1,153.170655,96.07065500000002,shortest_tree
v1_supported_by::state_003_t3::place_block2_on_block6,unsafe_or_invalid_bt,missing_precondition_bt,0.0,-22.9,153.193355,176.093355,shortest_tree
v1_supported_by::state_003_t3::stack_block3_on_block1,unsafe_or_invalid_bt,missing_precondition_bt,0.0,-22.9,52.122009999999996,75.02201,shortest_tree
v1_supported_by::state_004_t4::place_block3_on_block5,unsafe_or_invalid_bt,missing_precondition_bt,0.0,57.1,153.212055,96.112055,shortest_tree
v1_supported_by::state_004_t4::place_block1_on_block5,unsafe_or_invalid_bt,missing_precondition_bt,0.0,57.1,152.95333,95.85333,shortest_tree
v1_supported_by::state_004_t4::place_block2_on_block6,unsafe_or_invalid_bt,correct_bt,0.0,-22.9,152.91567,175.81567,shortest_tree
v1_supported_by::state_004_t4::stack_block3_on_block1,unsafe_or_invalid_bt,missing_precondition_bt,0.0,-22.9,52.50782,75.40782,shortest_tree
v2_stacking_probe::state_000_t0::place_block3_on_block5,unsafe_or_invalid_bt,missing_precondition_bt,0.0,-22.9,155.51667,178.41667,shortest_tree
v2_stacking_probe::state_000_t0::place_block1_on_block5,unsafe_or_invalid_bt,missing_precondition_bt,0.0,-22.9,154.09874,176.99874,shortest_tree
v2_stacking_probe::state_000_t0::place_block2_on_block6,unsafe_or_invalid_bt,missing_precondition_bt,0.0,-22.9,155.06958,177.96958,shortest_tree
v2_stacking_probe::state_000_t0::stack_block3_on_block1,unsafe_or_invalid_bt,correct_bt,0.0,-22.9,53.58803500000001,76.48803500000001,shortest_tree
v2_stacking_probe::state_000_t0::stack_block1_on_block3,unsafe_or_invalid_bt,missing_precondition_bt,0.0,-22.9,53.34975000000001,76.24975,shortest_tree
v2_stacking_probe::state_000_t0::stack_block2_on_block1,unsafe_or_invalid_bt,missing_precondition_bt,0.0,-22.9,54.67318500000001,77.57318500000001,shortest_tree
v2_stacking_probe::state_000_t0::stack_block4_on_block1,unsafe_or_invalid_bt,correct_bt,0.0,-22.9,54.844355,77.744355,shortest_tree
v2_stacking_probe::state_000_t0::stack_block3_on_block2,unsafe_or_invalid_bt,missing_precondition_bt,0.0,-22.9,54.023864999999994,76.92386499999999,shortest_tree
v2_stacking_probe::state_001_t1::place_block3_on_block5,unsafe_or_invalid_bt,missing_precondition_bt,0.0,-22.9,153.637755,176.537755,shortest_tree
v2_stacking_probe::state_001_t1::place_block1_on_block5,unsafe_or_invalid_bt,correct_bt,0.0,-22.9,153.15418,176.05418,shortest_tree
v2_stacking_probe::state_001_t1::place_block2_on_block6,unsafe_or_invalid_bt,correct_bt,0.0,-22.9,154.263415,177.16341500000001,shortest_tree
v2_stacking_probe::state_001_t1::stack_block3_on_block1,unsafe_or_invalid_bt,missing_precondition_bt,0.0,-22.9,52.16401500000001,75.06401500000001,shortest_tree
v2_stacking_probe::state_001_t1::stack_block1_on_block3,unsafe_or_invalid_bt,correct_bt,0.0,-22.9,52.36842500000001,75.26842500000001,shortest_tree
v2_stacking_probe::state_001_t1::stack_block2_on_block1,unsafe_or_invalid_bt,missing_precondition_bt,0.0,-22.9,54.332580000000014,77.23258000000001,shortest_tree
v2_stacking_probe::state_001_t1::stack_block4_on_block1,unsafe_or_invalid_bt,correct_bt,0.0,-22.9,52.320879999999995,75.22088,shortest_tree
v2_stacking_probe::state_001_t1::stack_block3_on_block2,unsafe_or_invalid_bt,missing_precondition_bt,0.0,-22.9,52.62513500000001,75.525135,shortest_tree
v2_stacking_probe::state_002_t2::place_block3_on_block5,unsafe_or_invalid_bt,missing_precondition_bt,0.0,-22.9,153.66851999999997,176.56851999999998,shortest_tree
v2_stacking_probe::state_002_t2::place_block1_on_block5,unsafe_or_invalid_bt,missing_precondition_bt,0.0,57.1,153.49909499999998,96.39909499999999,shortest_tree
v2_stacking_probe::state_002_t2::place_block2_on_block6,unsafe_or_invalid_bt,missing_precondition_bt,0.0,-22.9,154.400895,177.300895,shortest_tree
v2_stacking_probe::state_002_t2::stack_block3_on_block1,unsafe_or_invalid_bt,missing_precondition_bt,0.0,-22.9,52.167970000000004,75.06797,shortest_tree
v2_stacking_probe::state_002_t2::stack_block1_on_block3,unsafe_or_invalid_bt,correct_bt,0.0,-22.9,152.50336,175.40336,shortest_tree
v2_stacking_probe::state_002_t2::stack_block2_on_block1,unsafe_or_invalid_bt,missing_precondition_bt,0.0,-22.9,53.06869,75.96869,shortest_tree
v2_stacking_probe::state_002_t2::stack_block4_on_block1,unsafe_or_invalid_bt,correct_bt,0.0,-22.9,52.195924999999995,75.095925,shortest_tree
v2_stacking_probe::state_002_t2::stack_block3_on_block2,unsafe_or_invalid_bt,missing_precondition_bt,0.0,-22.9,52.75409,75.65409,shortest_tree
v2_stacking_probe::state_003_t3::place_block3_on_block5,unsafe_or_invalid_bt,correct_bt,0.0,57.1,152.98246,95.88246000000001,shortest_tree
v2_stacking_probe::state_003_t3::place_block1_on_block5,unsafe_or_invalid_bt,missing_precondition_bt,0.0,57.1,152.9511,95.8511,shortest_tree
v2_stacking_probe::state_003_t3::place_block2_on_block6,unsafe_or_invalid_bt,missing_precondition_bt,0.0,-22.9,154.298035,177.198035,shortest_tree
v2_stacking_probe::state_003_t3::stack_block3_on_block1,unsafe_or_invalid_bt,missing_precondition_bt,0.0,-22.9,52.62147000000001,75.52147000000001,shortest_tree
v2_stacking_probe::state_003_t3::stack_block1_on_block3,unsafe_or_invalid_bt,missing_precondition_bt,0.0,-22.9,52.899449999999995,75.79945,shortest_tree
v2_stacking_probe::state_003_t3::stack_block2_on_block1,unsafe_or_invalid_bt,missing_precondition_bt,0.0,-22.9,53.440715000000004,76.340715,shortest_tree
v2_stacking_probe::state_003_t3::stack_block4_on_block1,unsafe_or_invalid_bt,correct_bt,0.0,-22.9,52.184525,75.084525,shortest_tree
v2_stacking_probe::state_003_t3::stack_block3_on_block2,unsafe_or_invalid_bt,correct_bt,0.0,-22.9,52.47686000000001,75.37686000000001,shortest_tree
v2_stacking_probe::state_004_t4::place_block3_on_block5,unsafe_or_invalid_bt,missing_precondition_bt,0.0,57.1,152.93769999999998,95.83769999999998,shortest_tree
v2_stacking_probe::state_004_t4::place_block1_on_block5,unsafe_or_invalid_bt,missing_precondition_bt,0.0,57.1,153.72714,96.62714,shortest_tree
v2_stacking_probe::state_004_t4::place_block2_on_block6,unsafe_or_invalid_bt,missing_precondition_bt,0.0,-22.9,153.55688,176.45688,shortest_tree
v2_stacking_probe::state_004_t4::stack_block3_on_block1,unsafe_or_invalid_bt,missing_precondition_bt,0.0,-22.9,52.81371000000001,75.71371,shortest_tree
v2_stacking_probe::state_004_t4::stack_block1_on_block3,unsafe_or_invalid_bt,correct_bt,0.0,-22.9,52.332585,75.232585,shortest_tree
v2_stacking_probe::state_004_t4::stack_block2_on_block1,unsafe_or_invalid_bt,missing_precondition_bt,0.0,-22.9,52.99184499999999,75.89184499999999,shortest_tree
v2_stacking_probe::state_004_t4::stack_block4_on_block1,unsafe_or_invalid_bt,missing_precondition_bt,0.0,-22.9,52.53132,75.43132,shortest_tree
v2_stacking_probe::state_004_t4::stack_block3_on_block2,unsafe_or_invalid_bt,missing_precondition_bt,0.0,-22.9,52.53896500000001,75.43896500000001,shortest_tree
v2b_physical_strategy::state_000_t0::place_block3_on_block5,correct_bt,center_place_bt,1.0,153.505955,154.540805,1.0348500000000058,shortest_tree
v2b_physical_strategy::state_000_t0::place_block1_on_block5,correct_bt,edge_place_bt,1.0,154.77248,154.814875,0.04239499999999907,shortest_tree
v2b_physical_strategy::state_000_t0::stack_block1_on_block3,correct_bt,corner_place_bt,0.0,53.552434999999996,53.63685,0.08441500000000701,shortest_tree
v2b_physical_strategy::state_000_t0::stack_block3_on_block1,correct_bt,correct_bt,0.0,55.07473500000001,55.07473500000001,0.0,shortest_tree
v2b_physical_strategy::state_001_t1::place_block3_on_block5,correct_bt,center_place_bt,1.0,152.099175,153.143105,1.043929999999989,shortest_tree
v2b_physical_strategy::state_001_t1::place_block1_on_block5,correct_bt,corner_place_bt,1.0,152.485,153.23799,0.7529899999999827,shortest_tree
v2b_physical_strategy::state_001_t1::stack_block1_on_block3,correct_bt,far_offset_bt,0.0,51.702225000000006,52.62006,0.9178349999999966,shortest_tree
v2b_physical_strategy::state_001_t1::stack_block3_on_block1,correct_bt,far_offset_bt,0.0,51.80738999999999,53.114084999999996,1.3066950000000048,shortest_tree
v2b_physical_strategy::state_002_t2::place_block3_on_block5,correct_bt,center_place_bt,1.0,152.280945,153.321175,1.0402300000000082,shortest_tree
v2b_physical_strategy::state_002_t2::place_block1_on_block5,correct_bt,edge_place_bt,1.0,152.66660499999998,153.22376,0.5571550000000229,shortest_tree
v2b_physical_strategy::state_002_t2::stack_block1_on_block3,correct_bt,over_edge_bt,0.0,52.0165,153.20096,101.18446,shortest_tree
v2b_physical_strategy::state_002_t2::stack_block3_on_block1,correct_bt,correct_bt,0.0,52.46297499999999,52.46297499999999,0.0,shortest_tree
v2b_physical_strategy::state_003_t3::place_block3_on_block5,correct_bt,corner_place_bt,1.0,152.43555,152.451895,0.016345000000001164,shortest_tree
v2b_physical_strategy::state_003_t3::place_block1_on_block5,correct_bt,edge_place_bt,1.0,152.734095,153.30749999999998,0.5734049999999797,shortest_tree
v2b_physical_strategy::state_003_t3::stack_block1_on_block3,correct_bt,corner_place_bt,0.0,52.011635000000005,52.24962,0.23798499999999478,shortest_tree
v2b_physical_strategy::state_003_t3::stack_block3_on_block1,correct_bt,edge_place_bt,0.0,51.907085,52.101045000000006,0.19396000000000413,shortest_tree
v2b_physical_strategy::state_004_t4::place_block3_on_block5,correct_bt,center_place_bt,1.0,153.126685,153.242075,0.11538999999999078,shortest_tree
v2b_physical_strategy::state_004_t4::place_block1_on_block5,correct_bt,center_place_bt,1.0,152.80485,153.324175,0.5193250000000091,shortest_tree
v2b_physical_strategy::state_004_t4::stack_block1_on_block3,correct_bt,center_place_bt,0.0,51.8315,52.01614,0.1846400000000017,shortest_tree
v2b_physical_strategy::state_004_t4::stack_block3_on_block1,correct_bt,corner_place_bt,0.0,52.42519500000001,52.45388500000001,0.02868999999999744,shortest_tree
v6_hard_cases::state_000_t0::hard_physical_place_block3_on_block5,missing_precondition_bt,stable_center_bt,1.0,154.14745,154.74573,0.5982800000000168,shortest_tree
v6_hard_cases::state_000_t0::hard_physical_place_block1_on_block5,missing_precondition_bt,missing_precondition_bt,1.0,153.88338,153.88338,0.0,shortest_tree
v6_hard_cases::state_000_t0::long_horizon_clear_then_stack_block2_on_block3,missing_clear_bt,missing_clear_bt,0.0,54.919335,54.919335,0.0,shortest_tree
v6_hard_cases::state_000_t0::long_horizon_prepare_then_stack_block1_on_block3,missing_clear_bt,missing_clear_bt,0.0,54.544755,54.544755,0.0,shortest_tree
v6_hard_cases::state_000_t0::constrained_support_block3_on_block1,stable_center_bt,narrow_edge_bt,0.0,52.839634999999994,153.41038,100.57074500000002,shortest_tree
v6_hard_cases::state_000_t0::constrained_support_block1_on_block3,stable_center_bt,symbolic_edge_bt,0.0,53.35294,154.29199,100.93905000000001,shortest_tree
v6_hard_cases::state_001_t1::hard_physical_place_block3_on_block5,missing_precondition_bt,missing_precondition_bt,1.0,153.07773,153.07773,0.0,shortest_tree
v6_hard_cases::state_001_t1::hard_physical_place_block1_on_block5,missing_precondition_bt,symbolic_corner_bt,1.0,153.022525,153.21776499999999,0.1952399999999841,shortest_tree
v6_hard_cases::state_001_t1::long_horizon_clear_then_stack_block2_on_block3,missing_clear_bt,redundant_repair_bt,0.0,55.49531500000001,148.40567,92.91035499999998,shortest_tree
v6_hard_cases::state_001_t1::long_horizon_prepare_then_stack_block1_on_block3,missing_clear_bt,missing_clear_bt,0.0,52.64051000000001,52.64051000000001,0.0,shortest_tree
v6_hard_cases::state_001_t1::constrained_support_block3_on_block1,stable_center_bt,unstable_over_edge_bt,0.0,52.01433000000001,52.45047499999999,0.436144999999982,shortest_tree
v6_hard_cases::state_001_t1::constrained_support_block1_on_block3,stable_center_bt,narrow_edge_bt,0.0,51.85344,52.61045500000001,0.7570150000000098,shortest_tree
v6_hard_cases::state_002_t2::hard_physical_place_block3_on_block5,missing_precondition_bt,symbolic_corner_bt,1.0,152.84382499999998,153.00847499999998,0.16464999999999463,shortest_tree
v6_hard_cases::state_002_t2::hard_physical_place_block1_on_block5,missing_precondition_bt,missing_precondition_bt,1.0,153.714465,153.714465,0.0,shortest_tree
v6_hard_cases::state_002_t2::long_horizon_clear_then_stack_block2_on_block3,missing_clear_bt,missing_clear_bt,0.0,53.86810499999999,53.86810499999999,0.0,shortest_tree
v6_hard_cases::state_002_t2::long_horizon_prepare_then_stack_block1_on_block3,missing_clear_bt,missing_clear_bt,0.0,53.35887,53.35887,0.0,shortest_tree
v6_hard_cases::state_002_t2::constrained_support_block3_on_block1,stable_center_bt,stable_center_bt,0.0,52.263725,52.263725,0.0,shortest_tree
v6_hard_cases::state_002_t2::constrained_support_block1_on_block3,stable_center_bt,symbolic_edge_bt,0.0,52.321760000000005,52.58233500000001,0.2605750000000029,shortest_tree
v6_hard_cases::state_003_t3::hard_physical_place_block3_on_block5,missing_precondition_bt,symbolic_edge_bt,1.0,152.82226500000002,152.841875,0.019609999999971706,shortest_tree
v6_hard_cases::state_003_t3::hard_physical_place_block1_on_block5,missing_precondition_bt,missing_precondition_bt,1.0,153.120195,153.120195,0.0,shortest_tree
v6_hard_cases::state_003_t3::long_horizon_clear_then_stack_block2_on_block3,missing_clear_bt,missing_clear_bt,0.0,53.26143,53.26143,0.0,shortest_tree
v6_hard_cases::state_003_t3::long_horizon_prepare_then_stack_block1_on_block3,missing_clear_bt,missing_clear_bt,0.0,53.087435000000006,53.087435000000006,0.0,shortest_tree
v6_hard_cases::state_003_t3::constrained_support_block3_on_block1,stable_center_bt,symbolic_edge_bt,0.0,51.848845000000004,52.29543,0.4465849999999989,shortest_tree
v6_hard_cases::state_003_t3::constrained_support_block1_on_block3,stable_center_bt,collision_risk_bt,0.0,52.546495000000014,52.58169999999999,0.035204999999976394,shortest_tree
v6_hard_cases::state_004_t4::hard_physical_place_block3_on_block5,missing_precondition_bt,missing_precondition_bt,1.0,153.079045,153.079045,0.0,shortest_tree
v6_hard_cases::state_004_t4::hard_physical_place_block1_on_block5,missing_precondition_bt,missing_precondition_bt,1.0,153.37038,153.37038,0.0,shortest_tree
v6_hard_cases::state_004_t4::long_horizon_clear_then_stack_block2_on_block3,missing_clear_bt,missing_clear_bt,0.0,53.30113000000001,53.30113000000001,0.0,shortest_tree
v6_hard_cases::state_004_t4::long_horizon_prepare_then_stack_block1_on_block3,missing_clear_bt,missing_clear_bt,0.0,53.17444000000001,53.17444000000001,0.0,shortest_tree
v6_hard_cases::state_004_t4::constrained_support_block3_on_block1,stable_center_bt,narrow_edge_bt,0.0,51.57032999999999,52.040005,0.4696750000000094,shortest_tree
v6_hard_cases::state_004_t4::constrained_support_block1_on_block3,stable_center_bt,symbolic_edge_bt,0.0,51.711885,52.42930500000001,0.7174200000000042,shortest_tree
v1_supported_by::state_000_t0::place_block3_on_block5,correct_bt,correct_bt,1.0,154.76969,154.76969,0.0,oracle
v1_supported_by::state_000_t0::place_block1_on_block5,missing_precondition_bt,missing_precondition_bt,1.0,155.38221,155.38221,0.0,oracle
v1_supported_by::state_000_t0::place_block2_on_block6,correct_bt,correct_bt,1.0,155.12254499999997,155.12254499999997,0.0,oracle
v1_supported_by::state_000_t0::stack_block3_on_block1,missing_precondition_bt,missing_precondition_bt,0.0,53.01372,53.01372,0.0,oracle
v1_supported_by::state_001_t1::place_block3_on_block5,missing_precondition_bt,missing_precondition_bt,1.0,153.78701999999998,153.78701999999998,0.0,oracle
v1_supported_by::state_001_t1::place_block1_on_block5,missing_precondition_bt,missing_precondition_bt,1.0,153.44245999999998,153.44245999999998,0.0,oracle
v1_supported_by::state_001_t1::place_block2_on_block6,missing_precondition_bt,missing_precondition_bt,1.0,155.39746499999998,155.39746499999998,0.0,oracle
v1_supported_by::state_001_t1::stack_block3_on_block1,correct_bt,correct_bt,1.0,152.284665,152.284665,0.0,oracle
v1_supported_by::state_002_t2::place_block3_on_block5,missing_precondition_bt,missing_precondition_bt,1.0,152.837325,152.837325,0.0,oracle
v1_supported_by::state_002_t2::place_block1_on_block5,missing_precondition_bt,missing_precondition_bt,1.0,153.367215,153.367215,0.0,oracle
v1_supported_by::state_002_t2::place_block2_on_block6,missing_precondition_bt,missing_precondition_bt,1.0,154.40586499999998,154.40586499999998,0.0,oracle
v1_supported_by::state_002_t2::stack_block3_on_block1,missing_precondition_bt,missing_precondition_bt,0.0,53.058159999999994,53.058159999999994,0.0,oracle
v1_supported_by::state_003_t3::place_block3_on_block5,missing_precondition_bt,missing_precondition_bt,1.0,152.9585,152.9585,0.0,oracle
v1_supported_by::state_003_t3::place_block1_on_block5,missing_precondition_bt,missing_precondition_bt,1.0,153.170655,153.170655,0.0,oracle
v1_supported_by::state_003_t3::place_block2_on_block6,missing_precondition_bt,missing_precondition_bt,1.0,153.193355,153.193355,0.0,oracle
v1_supported_by::state_003_t3::stack_block3_on_block1,missing_precondition_bt,missing_precondition_bt,0.0,52.122009999999996,52.122009999999996,0.0,oracle
v1_supported_by::state_004_t4::place_block3_on_block5,missing_precondition_bt,missing_precondition_bt,1.0,153.212055,153.212055,0.0,oracle
v1_supported_by::state_004_t4::place_block1_on_block5,missing_precondition_bt,missing_precondition_bt,1.0,152.95333,152.95333,0.0,oracle
v1_supported_by::state_004_t4::place_block2_on_block6,correct_bt,correct_bt,1.0,152.91567,152.91567,0.0,oracle
v1_supported_by::state_004_t4::stack_block3_on_block1,missing_precondition_bt,missing_precondition_bt,0.0,52.50782,52.50782,0.0,oracle
v2_stacking_probe::state_000_t0::place_block3_on_block5,missing_precondition_bt,missing_precondition_bt,1.0,155.51667,155.51667,0.0,oracle
v2_stacking_probe::state_000_t0::place_block1_on_block5,missing_precondition_bt,missing_precondition_bt,1.0,154.09874,154.09874,0.0,oracle
v2_stacking_probe::state_000_t0::place_block2_on_block6,missing_precondition_bt,missing_precondition_bt,1.0,155.06958,155.06958,0.0,oracle
v2_stacking_probe::state_000_t0::stack_block3_on_block1,correct_bt,correct_bt,0.0,53.58803500000001,53.58803500000001,0.0,oracle
v2_stacking_probe::state_000_t0::stack_block1_on_block3,missing_precondition_bt,missing_precondition_bt,0.0,53.34975000000001,53.34975000000001,0.0,oracle
v2_stacking_probe::state_000_t0::stack_block2_on_block1,missing_precondition_bt,missing_precondition_bt,0.0,54.67318500000001,54.67318500000001,0.0,oracle
v2_stacking_probe::state_000_t0::stack_block4_on_block1,correct_bt,correct_bt,0.0,54.844355,54.844355,0.0,oracle
v2_stacking_probe::state_000_t0::stack_block3_on_block2,missing_precondition_bt,missing_precondition_bt,0.0,54.023864999999994,54.023864999999994,0.0,oracle
v2_stacking_probe::state_001_t1::place_block3_on_block5,missing_precondition_bt,missing_precondition_bt,1.0,153.637755,153.637755,0.0,oracle
v2_stacking_probe::state_001_t1::place_block1_on_block5,correct_bt,correct_bt,1.0,153.15418,153.15418,0.0,oracle
v2_stacking_probe::state_001_t1::place_block2_on_block6,correct_bt,correct_bt,1.0,154.263415,154.263415,0.0,oracle
v2_stacking_probe::state_001_t1::stack_block3_on_block1,missing_precondition_bt,missing_precondition_bt,0.0,52.16401500000001,52.16401500000001,0.0,oracle
v2_stacking_probe::state_001_t1::stack_block1_on_block3,correct_bt,correct_bt,0.0,52.36842500000001,52.36842500000001,0.0,oracle
v2_stacking_probe::state_001_t1::stack_block2_on_block1,missing_precondition_bt,missing_precondition_bt,0.0,54.332580000000014,54.332580000000014,0.0,oracle
v2_stacking_probe::state_001_t1::stack_block4_on_block1,correct_bt,correct_bt,0.0,52.320879999999995,52.320879999999995,0.0,oracle
v2_stacking_probe::state_001_t1::stack_block3_on_block2,missing_precondition_bt,missing_precondition_bt,0.0,52.62513500000001,52.62513500000001,0.0,oracle
v2_stacking_probe::state_002_t2::place_block3_on_block5,missing_precondition_bt,missing_precondition_bt,1.0,153.66851999999997,153.66851999999997,0.0,oracle
v2_stacking_probe::state_002_t2::place_block1_on_block5,missing_precondition_bt,missing_precondition_bt,1.0,153.49909499999998,153.49909499999998,0.0,oracle
v2_stacking_probe::state_002_t2::place_block2_on_block6,missing_precondition_bt,missing_precondition_bt,1.0,154.400895,154.400895,0.0,oracle
v2_stacking_probe::state_002_t2::stack_block3_on_block1,missing_precondition_bt,missing_precondition_bt,0.0,52.167970000000004,52.167970000000004,0.0,oracle
v2_stacking_probe::state_002_t2::stack_block1_on_block3,correct_bt,correct_bt,1.0,152.50336,152.50336,0.0,oracle
v2_stacking_probe::state_002_t2::stack_block2_on_block1,missing_precondition_bt,missing_precondition_bt,0.0,53.06869,53.06869,0.0,oracle
v2_stacking_probe::state_002_t2::stack_block4_on_block1,correct_bt,correct_bt,0.0,52.195924999999995,52.195924999999995,0.0,oracle
v2_stacking_probe::state_002_t2::stack_block3_on_block2,missing_precondition_bt,missing_precondition_bt,0.0,52.75409,52.75409,0.0,oracle
v2_stacking_probe::state_003_t3::place_block3_on_block5,correct_bt,correct_bt,1.0,152.98246,152.98246,0.0,oracle
v2_stacking_probe::state_003_t3::place_block1_on_block5,missing_precondition_bt,missing_precondition_bt,1.0,152.9511,152.9511,0.0,oracle
v2_stacking_probe::state_003_t3::place_block2_on_block6,missing_precondition_bt,missing_precondition_bt,1.0,154.298035,154.298035,0.0,oracle
v2_stacking_probe::state_003_t3::stack_block3_on_block1,missing_precondition_bt,missing_precondition_bt,0.0,52.62147000000001,52.62147000000001,0.0,oracle
v2_stacking_probe::state_003_t3::stack_block1_on_block3,missing_precondition_bt,missing_precondition_bt,0.0,52.899449999999995,52.899449999999995,0.0,oracle
v2_stacking_probe::state_003_t3::stack_block2_on_block1,missing_precondition_bt,missing_precondition_bt,0.0,53.440715000000004,53.440715000000004,0.0,oracle
v2_stacking_probe::state_003_t3::stack_block4_on_block1,correct_bt,correct_bt,0.0,52.184525,52.184525,0.0,oracle
v2_stacking_probe::state_003_t3::stack_block3_on_block2,correct_bt,correct_bt,0.0,52.47686000000001,52.47686000000001,0.0,oracle
v2_stacking_probe::state_004_t4::place_block3_on_block5,missing_precondition_bt,missing_precondition_bt,1.0,152.93769999999998,152.93769999999998,0.0,oracle
v2_stacking_probe::state_004_t4::place_block1_on_block5,missing_precondition_bt,missing_precondition_bt,1.0,153.72714,153.72714,0.0,oracle
v2_stacking_probe::state_004_t4::place_block2_on_block6,missing_precondition_bt,missing_precondition_bt,1.0,153.55688,153.55688,0.0,oracle
v2_stacking_probe::state_004_t4::stack_block3_on_block1,missing_precondition_bt,missing_precondition_bt,0.0,52.81371000000001,52.81371000000001,0.0,oracle
v2_stacking_probe::state_004_t4::stack_block1_on_block3,correct_bt,correct_bt,0.0,52.332585,52.332585,0.0,oracle
v2_stacking_probe::state_004_t4::stack_block2_on_block1,missing_precondition_bt,missing_precondition_bt,0.0,52.99184499999999,52.99184499999999,0.0,oracle
v2_stacking_probe::state_004_t4::stack_block4_on_block1,missing_precondition_bt,missing_precondition_bt,0.0,52.53132,52.53132,0.0,oracle
v2_stacking_probe::state_004_t4::stack_block3_on_block2,missing_precondition_bt,missing_precondition_bt,0.0,52.53896500000001,52.53896500000001,0.0,oracle
v2b_physical_strategy::state_000_t0::place_block3_on_block5,center_place_bt,center_place_bt,1.0,154.540805,154.540805,0.0,oracle
v2b_physical_strategy::state_000_t0::place_block1_on_block5,edge_place_bt,edge_place_bt,1.0,154.814875,154.814875,0.0,oracle
v2b_physical_strategy::state_000_t0::stack_block1_on_block3,corner_place_bt,corner_place_bt,0.0,53.63685,53.63685,0.0,oracle
v2b_physical_strategy::state_000_t0::stack_block3_on_block1,correct_bt,correct_bt,0.0,55.07473500000001,55.07473500000001,0.0,oracle
v2b_physical_strategy::state_001_t1::place_block3_on_block5,center_place_bt,center_place_bt,1.0,153.143105,153.143105,0.0,oracle
v2b_physical_strategy::state_001_t1::place_block1_on_block5,corner_place_bt,corner_place_bt,1.0,153.23799,153.23799,0.0,oracle
v2b_physical_strategy::state_001_t1::stack_block1_on_block3,far_offset_bt,far_offset_bt,0.0,52.62006,52.62006,0.0,oracle
v2b_physical_strategy::state_001_t1::stack_block3_on_block1,far_offset_bt,far_offset_bt,0.0,53.114084999999996,53.114084999999996,0.0,oracle
v2b_physical_strategy::state_002_t2::place_block3_on_block5,center_place_bt,center_place_bt,1.0,153.321175,153.321175,0.0,oracle
v2b_physical_strategy::state_002_t2::place_block1_on_block5,edge_place_bt,edge_place_bt,1.0,153.22376,153.22376,0.0,oracle
v2b_physical_strategy::state_002_t2::stack_block1_on_block3,over_edge_bt,over_edge_bt,1.0,153.20096,153.20096,0.0,oracle
v2b_physical_strategy::state_002_t2::stack_block3_on_block1,correct_bt,correct_bt,0.0,52.46297499999999,52.46297499999999,0.0,oracle
v2b_physical_strategy::state_003_t3::place_block3_on_block5,corner_place_bt,corner_place_bt,1.0,152.451895,152.451895,0.0,oracle
v2b_physical_strategy::state_003_t3::place_block1_on_block5,edge_place_bt,edge_place_bt,1.0,153.30749999999998,153.30749999999998,0.0,oracle
v2b_physical_strategy::state_003_t3::stack_block1_on_block3,corner_place_bt,corner_place_bt,0.0,52.24962,52.24962,0.0,oracle
v2b_physical_strategy::state_003_t3::stack_block3_on_block1,edge_place_bt,edge_place_bt,0.0,52.101045000000006,52.101045000000006,0.0,oracle
v2b_physical_strategy::state_004_t4::place_block3_on_block5,center_place_bt,center_place_bt,1.0,153.242075,153.242075,0.0,oracle
v2b_physical_strategy::state_004_t4::place_block1_on_block5,center_place_bt,center_place_bt,1.0,153.324175,153.324175,0.0,oracle
v2b_physical_strategy::state_004_t4::stack_block1_on_block3,center_place_bt,center_place_bt,0.0,52.01614,52.01614,0.0,oracle
v2b_physical_strategy::state_004_t4::stack_block3_on_block1,corner_place_bt,corner_place_bt,0.0,52.45388500000001,52.45388500000001,0.0,oracle
v6_hard_cases::state_000_t0::hard_physical_place_block3_on_block5,stable_center_bt,stable_center_bt,1.0,154.74573,154.74573,0.0,oracle
v6_hard_cases::state_000_t0::hard_physical_place_block1_on_block5,missing_precondition_bt,missing_precondition_bt,1.0,153.88338,153.88338,0.0,oracle
v6_hard_cases::state_000_t0::long_horizon_clear_then_stack_block2_on_block3,missing_clear_bt,missing_clear_bt,0.0,54.919335,54.919335,0.0,oracle
v6_hard_cases::state_000_t0::long_horizon_prepare_then_stack_block1_on_block3,missing_clear_bt,missing_clear_bt,0.0,54.544755,54.544755,0.0,oracle
v6_hard_cases::state_000_t0::constrained_support_block3_on_block1,narrow_edge_bt,narrow_edge_bt,1.0,153.41038,153.41038,0.0,oracle
v6_hard_cases::state_000_t0::constrained_support_block1_on_block3,symbolic_edge_bt,symbolic_edge_bt,1.0,154.29199,154.29199,0.0,oracle
v6_hard_cases::state_001_t1::hard_physical_place_block3_on_block5,missing_precondition_bt,missing_precondition_bt,1.0,153.07773,153.07773,0.0,oracle
v6_hard_cases::state_001_t1::hard_physical_place_block1_on_block5,symbolic_corner_bt,symbolic_corner_bt,1.0,153.21776499999999,153.21776499999999,0.0,oracle
v6_hard_cases::state_001_t1::long_horizon_clear_then_stack_block2_on_block3,redundant_repair_bt,redundant_repair_bt,1.0,148.40567,148.40567,0.0,oracle
v6_hard_cases::state_001_t1::long_horizon_prepare_then_stack_block1_on_block3,missing_clear_bt,missing_clear_bt,0.0,52.64051000000001,52.64051000000001,0.0,oracle
v6_hard_cases::state_001_t1::constrained_support_block3_on_block1,unstable_over_edge_bt,unstable_over_edge_bt,0.0,52.45047499999999,52.45047499999999,0.0,oracle
v6_hard_cases::state_001_t1::constrained_support_block1_on_block3,narrow_edge_bt,narrow_edge_bt,0.0,52.61045500000001,52.61045500000001,0.0,oracle
v6_hard_cases::state_002_t2::hard_physical_place_block3_on_block5,symbolic_corner_bt,symbolic_corner_bt,1.0,153.00847499999998,153.00847499999998,0.0,oracle
v6_hard_cases::state_002_t2::hard_physical_place_block1_on_block5,missing_precondition_bt,missing_precondition_bt,1.0,153.714465,153.714465,0.0,oracle
v6_hard_cases::state_002_t2::long_horizon_clear_then_stack_block2_on_block3,missing_clear_bt,missing_clear_bt,0.0,53.86810499999999,53.86810499999999,0.0,oracle
v6_hard_cases::state_002_t2::long_horizon_prepare_then_stack_block1_on_block3,missing_clear_bt,missing_clear_bt,0.0,53.35887,53.35887,0.0,oracle
v6_hard_cases::state_002_t2::constrained_support_block3_on_block1,stable_center_bt,stable_center_bt,0.0,52.263725,52.263725,0.0,oracle
v6_hard_cases::state_002_t2::constrained_support_block1_on_block3,symbolic_edge_bt,symbolic_edge_bt,0.0,52.58233500000001,52.58233500000001,0.0,oracle
v6_hard_cases::state_003_t3::hard_physical_place_block3_on_block5,symbolic_edge_bt,symbolic_edge_bt,1.0,152.841875,152.841875,0.0,oracle
v6_hard_cases::state_003_t3::hard_physical_place_block1_on_block5,missing_precondition_bt,missing_precondition_bt,1.0,153.120195,153.120195,0.0,oracle
v6_hard_cases::state_003_t3::long_horizon_clear_then_stack_block2_on_block3,missing_clear_bt,missing_clear_bt,0.0,53.26143,53.26143,0.0,oracle
v6_hard_cases::state_003_t3::long_horizon_prepare_then_stack_block1_on_block3,missing_clear_bt,missing_clear_bt,0.0,53.087435000000006,53.087435000000006,0.0,oracle
v6_hard_cases::state_003_t3::constrained_support_block3_on_block1,symbolic_edge_bt,symbolic_edge_bt,0.0,52.29543,52.29543,0.0,oracle
v6_hard_cases::state_003_t3::constrained_support_block1_on_block3,collision_risk_bt,collision_risk_bt,0.0,52.58169999999999,52.58169999999999,0.0,oracle
v6_hard_cases::state_004_t4::hard_physical_place_block3_on_block5,missing_precondition_bt,missing_precondition_bt,1.0,153.079045,153.079045,0.0,oracle
v6_hard_cases::state_004_t4::hard_physical_place_block1_on_block5,missing_precondition_bt,missing_precondition_bt,1.0,153.37038,153.37038,0.0,oracle
v6_hard_cases::state_004_t4::long_horizon_clear_then_stack_block2_on_block3,missing_clear_bt,missing_clear_bt,0.0,53.30113000000001,53.30113000000001,0.0,oracle
v6_hard_cases::state_004_t4::long_horizon_prepare_then_stack_block1_on_block3,missing_clear_bt,missing_clear_bt,0.0,53.17444000000001,53.17444000000001,0.0,oracle
v6_hard_cases::state_004_t4::constrained_support_block3_on_block1,narrow_edge_bt,narrow_edge_bt,0.0,52.040005,52.040005,0.0,oracle
v6_hard_cases::state_004_t4::constrained_support_block1_on_block3,symbolic_edge_bt,symbolic_edge_bt,0.0,52.42930500000001,52.42930500000001,0.0,oracle
