task_id,initial_state_id,initial_timestep,candidate_id,candidate_type,bt_path,task_instruction,target_predicate,moved_object,support_object,symbolic_success,sim_success,goal_satisfaction,bt_ticks,action_count,condition_failure_count,invalid_action_count,tree_size,tree_depth,precondition_coverage,final_position_error,object_displacement_error,support_stability,contact_violation_proxy,score,label,execution_result,validation_error_count,runtime_mode,simulation_status,source_file,source_benchmark,benchmark,selector_group_id,true_score,symbolic_reliability_score,simulation_reliability_score,symbolic_reliability_norm,simulation_reliability_norm,selector_vote_score,selector_vote_details,v5_ensemble_score,vote_feature_only,vote_transformer_fused,vote_transformer_only,vote_symbolic_only,vote_shortest_tree,manual_v5_score,oracle_score,symbolic_only_score,shortest_tree_score
place_block3_on_block5,state_000_t0,0,correct_bt,correct_bt,experiments/bt_selection_benchmark/bt_candidates/place_block3_on_block5/correct_bt.json,place block_3 on block_5,"supported_by(block_3, block_5)",block_3,block_5,1,1,1.0,1,1,0,0,6,3,1.0,0.001232,0.263598,1,1,165.460484,good,success,0,fallback_symbolic_effects,done,experiments/bt_selection_benchmark/results/bt_candidate_evaluations_v1_supported_by_with_sim.csv,v1_supported_by,v1_supported_by,v1_supported_by::state_000_t0::place_block3_on_block5,154.76969,80.39999999999999,88.66969,1.0,1.0,0.0,,0.45,0.0,0.0,0.0,0.0,0.0,0.45,154.76969,66.1,-6
place_block3_on_block5,state_000_t0,0,missing_precondition_bt,missing_precondition_bt,experiments/bt_selection_benchmark/bt_candidates/place_block3_on_block5/missing_precondition_bt.json,place block_3 on block_5,"supported_by(block_3, block_5)",block_3,block_5,1,1,1.0,1,1,0,0,5,3,0.5,0.005557,0.478154,1,1,155.488122,good,success,0,fallback_symbolic_effects,done,experiments/bt_selection_benchmark/results/bt_candidate_evaluations_v1_supported_by_with_sim.csv,v1_supported_by,v1_supported_by,v1_supported_by::state_000_t0::place_block3_on_block5,154.15366,73.39999999999999,87.55366,0.9326923076923077,0.98973007100692,0.8999999999999999,feature_only:0.30;symbolic_only:0.10;transformer_fused:0.35;transformer_only:0.15,0.9289709792901916,1.0,1.0,1.0,1.0,0.0,0.9289709792901916,154.15366,66.6,-5
place_block3_on_block5,state_000_t0,0,wrong_object_bt,wrong_object_bt,experiments/bt_selection_benchmark/bt_candidates/place_block3_on_block5/wrong_object_bt.json,place block_3 on block_5,"supported_by(block_3, block_5)",block_3,block_5,0,0,0.0,1,1,0,0,6,3,0.0,0.5266,0.472198,0,1,-30.210396,bad,success,0,fallback_symbolic_effects,done,experiments/bt_selection_benchmark/results/bt_candidate_evaluations_v1_supported_by_with_sim.csv,v1_supported_by,v1_supported_by,v1_supported_by::state_000_t0::place_block3_on_block5,-21.526989999999998,-4.6,-17.62699,0.1826923076923077,0.021836907789099247,0.0,,0.04199768848573635,0.0,0.0,0.0,0.0,0.0,0.04199768848573635,-21.526989999999998,-3.9,-6
place_block3_on_block5,state_000_t0,0,wrong_support_bt,wrong_support_bt,experiments/bt_selection_benchmark/bt_candidates/place_block3_on_block5/wrong_support_bt.json,place block_3 on block_5,"supported_by(block_3, block_5)",block_3,block_5,0,0,0.0,1,1,0,0,6,3,0.5,0.457665,0.42746,0,1,-19.43157,bad,success,0,fallback_symbolic_effects,done,experiments/bt_selection_benchmark/results/bt_candidate_evaluations_v1_supported_by_with_sim.csv,v1_supported_by,v1_supported_by,v1_supported_by::state_000_t0::place_block3_on_block5,-20.61395,2.9,-16.71395,0.2548076923076923,0.03023888261759097,0.0,,0.058521259115936204,0.0,0.0,0.0,0.0,0.0,0.058521259115936204,-20.61395,-3.9,-6
place_block3_on_block5,state_000_t0,0,redundant_bt,redundant_bt,experiments/bt_selection_benchmark/bt_candidates/place_block3_on_block5/redundant_bt.json,place block_3 on block_5,"supported_by(block_3, block_5)",block_3,block_5,1,1,1.0,1,1,0,0,8,3,1.0,0.002615,0.336218,1,1,164.301414,good,success,0,fallback_symbolic_effects,done,experiments/bt_selection_benchmark/results/bt_candidate_evaluations_v1_supported_by_with_sim.csv,v1_supported_by,v1_supported_by,v1_supported_by::state_000_t0::place_block3_on_block5,153.39275999999998,79.39999999999999,88.29276,0.9903846153846154,0.9965314155216601,0.0,,0.4472097769573381,0.0,0.0,0.0,0.0,0.0,0.4472097769573381,153.39275999999998,65.1,-8
place_block3_on_block5,state_000_t0,0,unsafe_or_invalid_bt,unsafe_or_invalid_bt,experiments/bt_selection_benchmark/bt_candidates/place_block3_on_block5/unsafe_or_invalid_bt.json,place block_3 on block_5,"supported_by(block_3, block_5)",block_3,block_5,0,0,0.0,1,1,0,2,4,3,0.0,1.0,0.0,0,1,-33.0,bad,success,0,fallback_symbolic_effects,skipped,experiments/bt_selection_benchmark/results/bt_candidate_evaluations_v1_supported_by_with_sim.csv,v1_supported_by,v1_supported_by,v1_supported_by::state_000_t0::place_block3_on_block5,-22.9,-23.599999999999998,-20.0,0.0,0.0,0.05,shortest_tree:0.05,0.027500000000000004,0.0,0.0,0.0,0.0,1.0,0.027500000000000004,-22.9,-2.9,-4
place_block1_on_block5,state_000_t0,0,correct_bt,correct_bt,experiments/bt_selection_benchmark/bt_candidates/place_block1_on_block5/correct_bt.json,place block_1 on block_5,"supported_by(block_1, block_5)",block_1,block_5,1,1,1.0,1,1,0,0,6,3,1.0,0.00217,0.35277,1,1,165.27276,good,success,0,fallback_symbolic_effects,done,experiments/bt_selection_benchmark/results/bt_candidate_evaluations_v1_supported_by_with_sim.csv,v1_supported_by,v1_supported_by,v1_supported_by::state_000_t0::place_block1_on_block5,154.31445,80.39999999999999,88.21445,1.0,0.9947807642444477,0.0,,0.44869519106111194,0.0,0.0,0.0,0.0,0.0,0.44869519106111194,154.31445,66.1,-6
place_block1_on_block5,state_000_t0,0,missing_precondition_bt,missing_precondition_bt,experiments/bt_selection_benchmark/bt_candidates/place_block1_on_block5/missing_precondition_bt.json,place block_1 on block_5,"supported_by(block_1, block_5)",block_1,block_5,1,1,1.0,1,1,0,0,5,3,0.5,0.001523,0.240512,1,1,156.003746,good,success,0,fallback_symbolic_effects,done,experiments/bt_selection_benchmark/results/bt_candidate_evaluations_v1_supported_by_with_sim.csv,v1_supported_by,v1_supported_by,v1_supported_by::state_000_t0::place_block1_on_block5,155.38221,73.39999999999999,88.78220999999999,0.9326923076923077,1.0,0.8999999999999999,feature_only:0.30;symbolic_only:0.10;transformer_fused:0.35;transformer_only:0.15,0.9315384615384615,1.0,1.0,1.0,1.0,0.0,0.9315384615384615,155.38221,66.6,-5
place_block1_on_block5,state_000_t0,0,wrong_object_bt,wrong_object_bt,experiments/bt_selection_benchmark/bt_candidates/place_block1_on_block5/wrong_object_bt.json,place block_1 on block_5,"supported_by(block_1, block_5)",block_1,block_5,0,0,0.0,1,1,0,0,6,3,0.0,0.572115,0.497102,0,1,-30.715354,bad,success,0,fallback_symbolic_effects,done,experiments/bt_selection_benchmark/results/bt_candidate_evaluations_v1_supported_by_with_sim.csv,v1_supported_by,v1_supported_by,v1_supported_by::state_000_t0::place_block1_on_block5,-22.106659999999998,-4.6,-18.20666,0.1826923076923077,0.016485599989189414,0.0,,0.040659861535758894,0.0,0.0,0.0,0.0,0.0,0.040659861535758894,-22.106659999999998,-3.9,-6
place_block1_on_block5,state_000_t0,0,wrong_support_bt,wrong_support_bt,experiments/bt_selection_benchmark/bt_candidates/place_block1_on_block5/wrong_support_bt.json,place block_1 on block_5,"supported_by(block_1, block_5)",block_1,block_5,0,0,0.0,1,1,0,0,6,3,0.5,0.452679,0.434605,0,1,-19.396,bad,success,0,fallback_symbolic_effects,done,experiments/bt_selection_benchmark/results/bt_candidate_evaluations_v1_supported_by_with_sim.csv,v1_supported_by,v1_supported_by,v1_supported_by::state_000_t0::place_block1_on_block5,-20.599815,2.9,-16.699815,0.2548076923076923,0.0303375432435138,0.0,,0.05854592427241691,0.0,0.0,0.0,0.0,0.0,0.05854592427241691,-20.599815,-3.9,-6
place_block1_on_block5,state_000_t0,0,redundant_bt,redundant_bt,experiments/bt_selection_benchmark/bt_candidates/place_block1_on_block5/redundant_bt.json,place block_1 on block_5,"supported_by(block_1, block_5)",block_1,block_5,1,1,1.0,1,1,0,0,8,3,1.0,0.001761,0.280561,1,1,164.421268,good,success,0,fallback_symbolic_effects,done,experiments/bt_selection_benchmark/results/bt_candidate_evaluations_v1_supported_by_with_sim.csv,v1_supported_by,v1_supported_by,v1_supported_by::state_000_t0::place_block1_on_block5,153.679585,79.39999999999999,88.579585,0.9903846153846154,0.9981373333010977,0.0,,0.4476112564021975,0.0,0.0,0.0,0.0,0.0,0.4476112564021975,153.679585,65.1,-8
place_block1_on_block5,state_000_t0,0,unsafe_or_invalid_bt,unsafe_or_invalid_bt,experiments/bt_selection_benchmark/bt_candidates/place_block1_on_block5/unsafe_or_invalid_bt.json,place block_1 on block_5,"supported_by(block_1, block_5)",block_1,block_5,0,0,0.0,1,1,0,2,4,3,0.0,1.0,0.0,0,1,-33.0,bad,success,0,fallback_symbolic_effects,skipped,experiments/bt_selection_benchmark/results/bt_candidate_evaluations_v1_supported_by_with_sim.csv,v1_supported_by,v1_supported_by,v1_supported_by::state_000_t0::place_block1_on_block5,-22.9,-23.599999999999998,-20.0,0.0,0.0,0.05,shortest_tree:0.05,0.027500000000000004,0.0,0.0,0.0,0.0,1.0,0.027500000000000004,-22.9,-2.9,-4
place_block2_on_block6,state_000_t0,0,correct_bt,correct_bt,experiments/bt_selection_benchmark/bt_candidates/place_block2_on_block6/correct_bt.json,place block_2 on block_6,"supported_by(block_2, block_6)",block_2,block_6,1,1,1.0,1,1,0,0,6,3,1.0,0.000531,0.194429,1,1,165.605832,good,success,0,fallback_symbolic_effects,done,experiments/bt_selection_benchmark/results/bt_candidate_evaluations_v1_supported_by_with_sim.csv,v1_supported_by,v1_supported_by,v1_supported_by::state_000_t0::place_block2_on_block6,155.12254499999997,80.39999999999999,89.02254500000001,1.0,1.0,0.0,,0.45,0.0,0.0,0.0,0.0,0.0,0.45,155.12254499999997,66.1,-6
place_block2_on_block6,state_000_t0,0,missing_precondition_bt,missing_precondition_bt,experiments/bt_selection_benchmark/bt_candidates/place_block2_on_block6/missing_precondition_bt.json,place block_2 on block_6,"supported_by(block_2, block_6)",block_2,block_6,1,1,1.0,1,1,0,0,5,3,0.5,0.006291,0.290808,1,1,155.855474,good,success,0,fallback_symbolic_effects,done,experiments/bt_selection_benchmark/results/bt_candidate_evaluations_v1_supported_by_with_sim.csv,v1_supported_by,v1_supported_by,v1_supported_by::state_000_t0::place_block2_on_block6,155.08305000000001,73.39999999999999,88.48304999999999,0.9326923076923077,0.9952267808828811,0.8999999999999999,feature_only:0.30;symbolic_only:0.10;transformer_fused:0.35;transformer_only:0.15,0.9303451567591818,1.0,1.0,1.0,1.0,0.0,0.9303451567591818,155.08305000000001,66.6,-5
place_block2_on_block6,state_000_t0,0,wrong_object_bt,wrong_object_bt,experiments/bt_selection_benchmark/bt_candidates/place_block2_on_block6/wrong_object_bt.json,place block_2 on block_6,"supported_by(block_2, block_6)",block_2,block_6,0,0,0.0,1,1,0,0,6,3,0.0,0.959722,0.881127,0,1,-35.359474,bad,success,0,fallback_symbolic_effects,done,experiments/bt_selection_benchmark/results/bt_candidate_evaluations_v1_supported_by_with_sim.csv,v1_supported_by,v1_supported_by,v1_supported_by::state_000_t0::place_block2_on_block6,-27.902855,-4.6,-24.002855,0.1826923076923077,0.0,0.0,,0.03653846153846154,0.0,0.0,0.0,0.0,0.0,0.03653846153846154,-27.902855,-3.9,-6
place_block2_on_block6,state_000_t0,0,wrong_support_bt,wrong_support_bt,experiments/bt_selection_benchmark/bt_candidates/place_block2_on_block6/wrong_support_bt.json,place block_2 on block_6,"supported_by(block_2, block_6)",block_2,block_6,0,0,0.0,1,1,0,0,6,3,0.5,0.454219,0.452256,0,1,-19.446702,bad,success,0,fallback_symbolic_effects,done,experiments/bt_selection_benchmark/results/bt_candidate_evaluations_v1_supported_by_with_sim.csv,v1_supported_by,v1_supported_by,v1_supported_by::state_000_t0::place_block2_on_block6,-20.70347,2.9,-16.80347,0.2548076923076923,0.06369705393654877,0.0,,0.06688580194567566,0.0,0.0,0.0,0.0,0.0,0.06688580194567566,-20.70347,-3.9,-6
place_block2_on_block6,state_000_t0,0,redundant_bt,redundant_bt,experiments/bt_selection_benchmark/bt_candidates/place_block2_on_block6/redundant_bt.json,place block_2 on block_6,"supported_by(block_2, block_6)",block_2,block_6,1,1,1.0,1,1,0,0,8,3,1.0,0.005417,0.249079,1,1,164.447672,good,success,0,fallback_symbolic_effects,done,experiments/bt_selection_benchmark/results/bt_candidate_evaluations_v1_supported_by_with_sim.csv,v1_supported_by,v1_supported_by,v1_supported_by::state_000_t0::place_block2_on_block6,153.800435,79.39999999999999,88.700435,0.9903846153846154,0.9971501096213771,0.0,,0.44736445048226736,0.0,0.0,0.0,0.0,0.0,0.44736445048226736,153.800435,65.1,-8
place_block2_on_block6,state_000_t0,0,unsafe_or_invalid_bt,unsafe_or_invalid_bt,experiments/bt_selection_benchmark/bt_candidates/place_block2_on_block6/unsafe_or_invalid_bt.json,place block_2 on block_6,"supported_by(block_2, block_6)",block_2,block_6,0,0,0.0,1,1,0,2,4,3,0.0,1.0,0.0,0,1,-33.0,bad,success,0,fallback_symbolic_effects,skipped,experiments/bt_selection_benchmark/results/bt_candidate_evaluations_v1_supported_by_with_sim.csv,v1_supported_by,v1_supported_by,v1_supported_by::state_000_t0::place_block2_on_block6,-22.9,-23.599999999999998,-20.0,0.0,0.03541553491516066,0.05,shortest_tree:0.05,0.03635388372879017,0.0,0.0,0.0,0.0,1.0,0.03635388372879017,-22.9,-2.9,-4
stack_block3_on_block1,state_000_t0,0,correct_bt,correct_bt,experiments/bt_selection_benchmark/bt_candidates/stack_block3_on_block1/correct_bt.json,stack block_3 on block_1,"supported_by(block_3, block_1)",block_3,block_1,1,0,1.0,1,1,0,0,6,3,1.0,0.079779,0.548682,0,1,64.104846,medium,success,0,fallback_symbolic_effects,done,experiments/bt_selection_benchmark/results/bt_candidate_evaluations_v1_supported_by_with_sim.csv,v1_supported_by,v1_supported_by,v1_supported_by::state_000_t0::stack_block3_on_block1,52.5588,80.39999999999999,-13.5412,1.0,0.8817696603566865,0.0,,0.42044241508917163,0.0,0.0,0.0,0.0,0.0,0.42044241508917163,52.5588,66.1,-6
stack_block3_on_block1,state_000_t0,0,missing_precondition_bt,missing_precondition_bt,experiments/bt_selection_benchmark/bt_candidates/stack_block3_on_block1/missing_precondition_bt.json,stack block_3 on block_1,"supported_by(block_3, block_1)",block_3,block_1,1,0,1.0,1,1,0,0,5,3,0.5,0.109344,0.498568,0,1,54.409424,bad,success,0,fallback_symbolic_effects,done,experiments/bt_selection_benchmark/results/bt_candidate_evaluations_v1_supported_by_with_sim.csv,v1_supported_by,v1_supported_by,v1_supported_by::state_000_t0::stack_block3_on_block1,53.01372,73.39999999999999,-13.58628,0.9326923076923077,0.8760531428165642,0.8999999999999999,feature_only:0.30;symbolic_only:0.10;transformer_fused:0.35;transformer_only:0.15,0.9005517472426026,1.0,1.0,1.0,1.0,0.0,0.9005517472426026,53.01372,66.6,-5
stack_block3_on_block1,state_000_t0,0,wrong_object_bt,wrong_object_bt,experiments/bt_selection_benchmark/bt_candidates/stack_block3_on_block1/wrong_object_bt.json,stack block_3 on block_1,"supported_by(block_3, block_1)",block_3,block_1,0,0,0.0,1,1,0,0,6,3,0.0,0.171309,0.320436,0,1,-26.353962,bad,success,0,fallback_symbolic_effects,done,experiments/bt_selection_benchmark/results/bt_candidate_evaluations_v1_supported_by_with_sim.csv,v1_supported_by,v1_supported_by,v1_supported_by::state_000_t0::stack_block3_on_block1,-17.215269999999997,-4.6,-13.31527,0.1826923076923077,0.9104194564489623,0.0,,0.2641433256507021,0.0,0.0,0.0,0.0,0.0,0.2641433256507021,-17.215269999999997,-3.9,-6
stack_block3_on_block1,state_000_t0,0,wrong_support_bt,wrong_support_bt,experiments/bt_selection_benchmark/bt_candidates/stack_block3_on_block1/wrong_support_bt.json,stack block_3 on block_1,"supported_by(block_3, block_1)",block_3,block_1,0,0,0.0,1,1,0,0,6,3,0.5,0.800567,0.497819,0,1,-23.001308,bad,success,0,fallback_symbolic_effects,done,experiments/bt_selection_benchmark/results/bt_candidate_evaluations_v1_supported_by_with_sim.csv,v1_supported_by,v1_supported_by,v1_supported_by::state_000_t0::stack_block3_on_block1,-24.394765,2.9,-20.494765,0.2548076923076923,0.0,0.0,,0.05096153846153846,0.0,0.0,0.0,0.0,0.0,0.05096153846153846,-24.394765,-3.9,-6
stack_block3_on_block1,state_000_t0,0,redundant_bt,redundant_bt,experiments/bt_selection_benchmark/bt_candidates/stack_block3_on_block1/redundant_bt.json,stack block_3 on block_1,"supported_by(block_3, block_1)",block_3,block_1,1,0,1.0,1,1,0,0,8,3,1.0,0.001606,0.518557,0,1,63.946826,medium,success,0,fallback_symbolic_effects,done,experiments/bt_selection_benchmark/results/bt_candidate_evaluations_v1_supported_by_with_sim.csv,v1_supported_by,v1_supported_by,v1_supported_by::state_000_t0::stack_block3_on_block1,52.491155,79.39999999999999,-12.608845,0.9903846153846154,1.0,0.0,,0.4480769230769231,0.0,0.0,0.0,0.0,0.0,0.4480769230769231,52.491155,65.1,-8
stack_block3_on_block1,state_000_t0,0,unsafe_or_invalid_bt,unsafe_or_invalid_bt,experiments/bt_selection_benchmark/bt_candidates/stack_block3_on_block1/unsafe_or_invalid_bt.json,stack block_3 on block_1,"supported_by(block_3, block_1)",block_3,block_1,0,0,0.0,1,1,0,2,4,3,0.0,1.0,0.0,0,1,-33.0,bad,success,0,fallback_symbolic_effects,skipped,experiments/bt_selection_benchmark/results/bt_candidate_evaluations_v1_supported_by_with_sim.csv,v1_supported_by,v1_supported_by,v1_supported_by::state_000_t0::stack_block3_on_block1,-22.9,-23.599999999999998,-20.0,0.0,0.06274030170227456,0.05,shortest_tree:0.05,0.04318507542556864,0.0,0.0,0.0,0.0,1.0,0.04318507542556864,-22.9,-2.9,-4
place_block3_on_block5,state_001_t1,1,correct_bt,correct_bt,experiments/bt_selection_benchmark/bt_candidates/place_block3_on_block5/correct_bt.json,place block_3 on block_5,"supported_by(block_3, block_5)",block_3,block_5,1,1,1.0,1,1,0,0,6,3,1.0,0.003295,0.654989,1,1,164.657072,good,success,0,fallback_symbolic_effects,done,experiments/bt_selection_benchmark/results/bt_candidate_evaluations_v1_supported_by_with_sim.csv,v1_supported_by,v1_supported_by,v1_supported_by::state_001_t1::place_block3_on_block5,152.792105,80.39999999999999,86.692105,1.0,0.9953836806256738,0.0,,0.44884592015641844,0.0,0.0,0.0,0.0,0.0,0.44884592015641844,152.792105,66.1,-6
place_block3_on_block5,state_001_t1,1,missing_precondition_bt,missing_precondition_bt,experiments/bt_selection_benchmark/bt_candidates/place_block3_on_block5/missing_precondition_bt.json,place block_3 on block_5,"supported_by(block_3, block_5)",block_3,block_5,1,1,1.0,1,1,0,0,5,3,0.5,0.000504,0.561588,1,1,155.371784,good,success,0,fallback_symbolic_effects,done,experiments/bt_selection_benchmark/results/bt_candidate_evaluations_v1_supported_by_with_sim.csv,v1_supported_by,v1_supported_by,v1_supported_by::state_001_t1::place_block3_on_block5,153.78701999999998,73.39999999999999,87.18702,0.9326923076923077,1.0,0.8999999999999999,feature_only:0.30;symbolic_only:0.10;transformer_fused:0.35;transformer_only:0.15,0.9315384615384615,1.0,1.0,1.0,1.0,0.0,0.9315384615384615,153.78701999999998,66.6,-5
place_block3_on_block5,state_001_t1,1,wrong_object_bt,wrong_object_bt,experiments/bt_selection_benchmark/bt_candidates/place_block3_on_block5/wrong_object_bt.json,place block_3 on block_5,"supported_by(block_3, block_5)",block_3,block_5,0,0,0.0,1,1,0,0,6,3,0.0,0.636348,0.731874,0,1,-31.827228,bad,success,0,fallback_symbolic_effects,done,experiments/bt_selection_benchmark/results/bt_candidate_evaluations_v1_supported_by_with_sim.csv,v1_supported_by,v1_supported_by,v1_supported_by::state_001_t1::place_block3_on_block5,-23.922849999999997,-4.6,-20.02285,0.1826923076923077,0.0,0.0,,0.03653846153846154,0.0,0.0,0.0,0.0,0.0,0.03653846153846154,-23.922849999999997,-3.9,-6
place_block3_on_block5,state_001_t1,1,wrong_support_bt,wrong_support_bt,experiments/bt_selection_benchmark/bt_candidates/place_block3_on_block5/wrong_support_bt.json,place block_3 on block_5,"supported_by(block_3, block_5)",block_3,block_5,0,0,0.0,1,1,0,0,6,3,0.5,0.453391,0.684055,0,1,-19.90202,bad,success,0,fallback_symbolic_effects,done,experiments/bt_selection_benchmark/results/bt_candidate_evaluations_v1_supported_by_with_sim.csv,v1_supported_by,v1_supported_by,v1_supported_by::state_001_t1::place_block3_on_block5,-21.854184999999998,2.9,-17.954185,0.2548076923076923,0.01929547158298018,0.0,,0.055785406357283504,0.0,0.0,0.0,0.0,0.0,0.055785406357283504,-21.854184999999998,-3.9,-6
place_block3_on_block5,state_001_t1,1,redundant_bt,redundant_bt,experiments/bt_selection_benchmark/bt_candidates/place_block3_on_block5/redundant_bt.json,place block_3 on block_5,"supported_by(block_3, block_5)",block_3,block_5,1,1,1.0,1,1,0,0,8,3,1.0,0.004203,0.623377,1,1,163.711216,good,success,0,fallback_symbolic_effects,done,experiments/bt_selection_benchmark/results/bt_candidate_evaluations_v1_supported_by_with_sim.csv,v1_supported_by,v1_supported_by,v1_supported_by::state_001_t1::place_block3_on_block5,151.941085,79.39999999999999,86.841085,0.9903846153846154,0.9967732914889273,0.0,,0.44727024594915493,0.0,0.0,0.0,0.0,0.0,0.44727024594915493,151.941085,65.1,-8
place_block3_on_block5,state_001_t1,1,unsafe_or_invalid_bt,unsafe_or_invalid_bt,experiments/bt_selection_benchmark/bt_candidates/place_block3_on_block5/unsafe_or_invalid_bt.json,place block_3 on block_5,"supported_by(block_3, block_5)",block_3,block_5,0,0,0.0,1,1,0,2,4,3,0.0,1.0,0.0,0,1,-33.0,bad,success,0,fallback_symbolic_effects,skipped,experiments/bt_selection_benchmark/results/bt_candidate_evaluations_v1_supported_by_with_sim.csv,v1_supported_by,v1_supported_by,v1_supported_by::state_001_t1::place_block3_on_block5,-22.9,-23.599999999999998,-20.0,0.0,0.00021313336169513368,0.05,shortest_tree:0.05,0.027553283340423788,0.0,0.0,0.0,0.0,1.0,0.027553283340423788,-22.9,-2.9,-4
place_block1_on_block5,state_001_t1,1,correct_bt,correct_bt,experiments/bt_selection_benchmark/bt_candidates/place_block1_on_block5/correct_bt.json,place block_1 on block_5,"supported_by(block_1, block_5)",block_1,block_5,1,1,1.0,1,1,0,0,6,3,1.0,0.005718,0.71014,1,1,164.52254,good,success,0,fallback_symbolic_effects,done,experiments/bt_selection_benchmark/results/bt_candidate_evaluations_v1_supported_by_with_sim.csv,v1_supported_by,v1_supported_by,v1_supported_by::state_001_t1::place_block1_on_block5,152.49212,80.39999999999999,86.39211999999999,1.0,0.995785009068492,0.0,,0.44894625226712304,0.0,0.0,0.0,0.0,0.0,0.44894625226712304,152.49212,66.1,-6
place_block1_on_block5,state_001_t1,1,missing_precondition_bt,missing_precondition_bt,experiments/bt_selection_benchmark/bt_candidates/place_block1_on_block5/missing_precondition_bt.json,place block_1 on block_5,"supported_by(block_1, block_5)",block_1,block_5,1,1,1.0,1,1,0,0,5,3,0.5,0.001182,0.629144,1,1,155.229892,good,success,0,fallback_symbolic_effects,done,experiments/bt_selection_benchmark/results/bt_candidate_evaluations_v1_supported_by_with_sim.csv,v1_supported_by,v1_supported_by,v1_supported_by::state_001_t1::place_block1_on_block5,153.44245999999998,73.39999999999999,86.84246,0.9326923076923077,1.0,0.8999999999999999,feature_only:0.30;symbolic_only:0.10;transformer_fused:0.35;transformer_only:0.15,0.9315384615384615,1.0,1.0,1.0,1.0,0.0,0.9315384615384615,153.44245999999998,66.6,-5
place_block1_on_block5,state_001_t1,1,wrong_object_bt,wrong_object_bt,experiments/bt_selection_benchmark/bt_candidates/place_block1_on_block5/wrong_object_bt.json,place block_1 on block_5,"supported_by(block_1, block_5)",block_1,block_5,0,0,0.0,1,1,0,0,6,3,0.0,0.522618,0.255747,0,1,-29.737674,bad,success,0,fallback_symbolic_effects,done,experiments/bt_selection_benchmark/results/bt_candidate_evaluations_v1_supported_by_with_sim.csv,v1_supported_by,v1_supported_by,v1_supported_by::state_001_t1::place_block1_on_block5,-20.404915,-4.6,-16.504915,0.1826923076923077,0.03271250961462324,0.0,,0.04471658894211735,0.0,0.0,0.0,0.0,0.0,0.04471658894211735,-20.404915,-3.9,-6
place_block1_on_block5,state_001_t1,1,wrong_support_bt,wrong_support_bt,experiments/bt_selection_benchmark/bt_candidates/place_block1_on_block5/wrong_support_bt.json,place block_1 on block_5,"supported_by(block_1, block_5)",block_1,block_5,0,0,0.0,1,1,0,0,6,3,0.5,0.448073,0.542175,0,1,-19.56508,bad,success,0,fallback_symbolic_effects,done,experiments/bt_selection_benchmark/results/bt_candidate_evaluations_v1_supported_by_with_sim.csv,v1_supported_by,v1_supported_by,v1_supported_by::state_001_t1::place_block1_on_block5,-21.091604999999998,2.9,-17.191605,0.2548076923076923,0.02628538317069825,0.0,,0.057532884254213025,0.0,0.0,0.0,0.0,0.0,0.057532884254213025,-21.091604999999998,-3.9,-6
place_block1_on_block5,state_001_t1,1,redundant_bt,redundant_bt,experiments/bt_selection_benchmark/bt_candidates/place_block1_on_block5/redundant_bt.json,place block_1 on block_5,"supported_by(block_1, block_5)",block_1,block_5,1,1,1.0,1,1,0,0,8,3,1.0,0.000651,0.655162,1,1,163.683166,good,success,0,fallback_symbolic_effects,done,experiments/bt_selection_benchmark/results/bt_candidate_evaluations_v1_supported_by_with_sim.csv,v1_supported_by,v1_supported_by,v1_supported_by::state_001_t1::place_block1_on_block5,151.81768,79.39999999999999,86.71768,0.9903846153846154,0.9988321122520016,0.0,,0.4477849511399235,0.0,0.0,0.0,0.0,0.0,0.4477849511399235,151.81768,65.1,-8
place_block1_on_block5,state_001_t1,1,unsafe_or_invalid_bt,unsafe_or_invalid_bt,experiments/bt_selection_benchmark/bt_candidates/place_block1_on_block5/unsafe_or_invalid_bt.json,place block_1 on block_5,"supported_by(block_1, block_5)",block_1,block_5,0,0,0.0,1,1,0,2,4,3,0.0,1.0,0.0,0,1,-33.0,bad,success,0,fallback_symbolic_effects,skipped,experiments/bt_selection_benchmark/results/bt_candidate_evaluations_v1_supported_by_with_sim.csv,v1_supported_by,v1_supported_by,v1_supported_by::state_001_t1::place_block1_on_block5,-22.9,-23.599999999999998,-20.0,0.0,0.0,0.05,shortest_tree:0.05,0.027500000000000004,0.0,0.0,0.0,0.0,1.0,0.027500000000000004,-22.9,-2.9,-4
place_block2_on_block6,state_001_t1,1,correct_bt,correct_bt,experiments/bt_selection_benchmark/bt_candidates/place_block2_on_block6/correct_bt.json,place block_2 on block_6,"supported_by(block_2, block_6)",block_2,block_6,1,1,1.0,1,1,0,0,6,3,1.0,0.007674,0.380136,1,1,165.162988,good,success,0,fallback_symbolic_effects,done,experiments/bt_selection_benchmark/results/bt_candidate_evaluations_v1_supported_by_with_sim.csv,v1_supported_by,v1_supported_by,v1_supported_by::state_001_t1::place_block2_on_block6,154.12258,80.39999999999999,88.02258,1.0,0.9931508489964991,0.35,transformer_fused:0.35,0.6407877122491248,0.0,1.0,0.0,0.0,0.0,0.6407877122491248,154.12258,66.1,-6
place_block2_on_block6,state_001_t1,1,missing_precondition_bt,missing_precondition_bt,experiments/bt_selection_benchmark/bt_candidates/place_block2_on_block6/missing_precondition_bt.json,place block_2 on block_6,"supported_by(block_2, block_6)",block_2,block_6,1,1,1.0,1,1,0,0,5,3,0.5,0.005715,0.229077,1,1,155.984696,good,success,0,fallback_symbolic_effects,done,experiments/bt_selection_benchmark/results/bt_candidate_evaluations_v1_supported_by_with_sim.csv,v1_supported_by,v1_supported_by,v1_supported_by::state_001_t1::place_block2_on_block6,155.39746499999998,73.39999999999999,88.797465,0.9326923076923077,1.0,0.5499999999999999,feature_only:0.30;symbolic_only:0.10;transformer_only:0.15,0.7390384615384615,1.0,0.0,1.0,1.0,0.0,0.7390384615384615,155.39746499999998,66.6,-5
place_block2_on_block6,state_001_t1,1,wrong_object_bt,wrong_object_bt,experiments/bt_selection_benchmark/bt_candidates/place_block2_on_block6/wrong_object_bt.json,place block_2 on block_6,"supported_by(block_2, block_6)",block_2,block_6,0,0,0.0,1,1,0,0,6,3,0.0,0.992812,0.882067,0,1,-35.692254,bad,success,0,fallback_symbolic_effects,done,experiments/bt_selection_benchmark/results/bt_candidate_evaluations_v1_supported_by_with_sim.csv,v1_supported_by,v1_supported_by,v1_supported_by::state_001_t1::place_block2_on_block6,-28.238455,-4.6,-24.338455,0.1826923076923077,0.0,0.0,,0.03653846153846154,0.0,0.0,0.0,0.0,0.0,0.03653846153846154,-28.238455,-3.9,-6
place_block2_on_block6,state_001_t1,1,wrong_support_bt,wrong_support_bt,experiments/bt_selection_benchmark/bt_candidates/place_block2_on_block6/wrong_support_bt.json,place block_2 on block_6,"supported_by(block_2, block_6)",block_2,block_6,0,0,0.0,1,1,0,0,6,3,0.5,0.463856,0.252924,0,1,-19.144408,bad,success,0,fallback_symbolic_effects,done,experiments/bt_selection_benchmark/results/bt_candidate_evaluations_v1_supported_by_with_sim.csv,v1_supported_by,v1_supported_by,v1_supported_by::state_001_t1::place_block2_on_block6,-19.803179999999998,2.9,-15.903179999999999,0.2548076923076923,0.07455876966395819,0.0,,0.06960123087752801,0.0,0.0,0.0,0.0,0.0,0.06960123087752801,-19.803179999999998,-3.9,-6
place_block2_on_block6,state_001_t1,1,redundant_bt,redundant_bt,experiments/bt_selection_benchmark/bt_candidates/place_block2_on_block6/redundant_bt.json,place block_2 on block_6,"supported_by(block_2, block_6)",block_2,block_6,1,1,1.0,1,1,0,0,8,3,1.0,0.007679,0.249588,1,1,164.424034,good,success,0,fallback_symbolic_effects,done,experiments/bt_selection_benchmark/results/bt_candidate_evaluations_v1_supported_by_with_sim.csv,v1_supported_by,v1_supported_by,v1_supported_by::state_001_t1::place_block2_on_block6,153.77527,79.39999999999999,88.67527,0.9903846153846154,0.9989199274642394,0.0,,0.4478069049429829,0.0,0.0,0.0,0.0,0.0,0.4478069049429829,153.77527,65.1,-8
place_block2_on_block6,state_001_t1,1,unsafe_or_invalid_bt,unsafe_or_invalid_bt,experiments/bt_selection_benchmark/bt_candidates/place_block2_on_block6/unsafe_or_invalid_bt.json,place block_2 on block_6,"supported_by(block_2, block_6)",block_2,block_6,0,0,0.0,1,1,0,2,4,3,0.0,1.0,0.0,0,1,-33.0,bad,success,0,fallback_symbolic_effects,skipped,experiments/bt_selection_benchmark/results/bt_candidate_evaluations_v1_supported_by_with_sim.csv,v1_supported_by,v1_supported_by,v1_supported_by::state_001_t1::place_block2_on_block6,-22.9,-23.599999999999998,-20.0,0.0,0.03834728174747684,0.05,shortest_tree:0.05,0.037086820436869214,0.0,0.0,0.0,0.0,1.0,0.037086820436869214,-22.9,-2.9,-4
stack_block3_on_block1,state_001_t1,1,correct_bt,correct_bt,experiments/bt_selection_benchmark/bt_candidates/stack_block3_on_block1/correct_bt.json,stack block_3 on block_1,"supported_by(block_3, block_1)",block_3,block_1,1,1,1.0,1,1,0,0,6,3,1.0,0.012844,0.737379,1,1,164.396802,good,success,0,fallback_symbolic_effects,done,experiments/bt_selection_benchmark/results/bt_candidate_evaluations_v1_supported_by_with_sim.csv,v1_supported_by,v1_supported_by,v1_supported_by::state_001_t1::stack_block3_on_block1,152.284665,80.39999999999999,86.184665,1.0,1.0,0.3,feature_only:0.30,0.615,1.0,0.0,0.0,0.0,0.0,0.615,152.284665,66.1,-6
stack_block3_on_block1,state_001_t1,1,missing_precondition_bt,missing_precondition_bt,experiments/bt_selection_benchmark/bt_candidates/stack_block3_on_block1/missing_precondition_bt.json,stack block_3 on block_1,"supported_by(block_3, block_1)",block_3,block_1,1,0,1.0,1,1,0,0,5,3,0.5,0.082689,0.661487,0,1,54.350136,bad,success,0,fallback_symbolic_effects,done,experiments/bt_selection_benchmark/results/bt_candidate_evaluations_v1_supported_by_with_sim.csv,v1_supported_by,v1_supported_by,v1_supported_by::state_001_t1::stack_block3_on_block1,52.465675,73.39999999999999,-14.134325,0.9326923076923077,0.06847925664787698,0.6,symbolic_only:0.10;transformer_fused:0.35;transformer_only:0.15,0.5336582757004309,0.0,1.0,1.0,1.0,0.0,0.5336582757004309,52.465675,66.6,-5
stack_block3_on_block1,state_001_t1,1,wrong_object_bt,wrong_object_bt,experiments/bt_selection_benchmark/bt_candidates/stack_block3_on_block1/wrong_object_bt.json,stack block_3 on block_1,"supported_by(block_3, block_1)",block_3,block_1,0,0,0.0,1,1,0,0,6,3,0.0,0.364516,0.787901,0,1,-29.220962,bad,success,0,fallback_symbolic_effects,done,experiments/bt_selection_benchmark/results/bt_candidate_evaluations_v1_supported_by_with_sim.csv,v1_supported_by,v1_supported_by,v1_supported_by::state_001_t1::stack_block3_on_block1,-21.484665,-4.6,-17.584665,0.1826923076923077,0.03644082323045955,0.0,,0.04564866734607643,0.0,0.0,0.0,0.0,0.0,0.04564866734607643,-21.484665,-3.9,-6
stack_block3_on_block1,state_001_t1,1,wrong_support_bt,wrong_support_bt,experiments/bt_selection_benchmark/bt_candidates/stack_block3_on_block1/wrong_support_bt.json,stack block_3 on block_1,"supported_by(block_3, block_1)",block_3,block_1,0,0,0.0,1,1,0,0,6,3,0.5,0.810671,0.680481,0,1,-23.467672,bad,success,0,fallback_symbolic_effects,done,experiments/bt_selection_benchmark/results/bt_candidate_evaluations_v1_supported_by_with_sim.csv,v1_supported_by,v1_supported_by,v1_supported_by::state_001_t1::stack_block3_on_block1,-25.409115,2.9,-21.509115,0.2548076923076923,0.0,0.0,,0.05096153846153846,0.0,0.0,0.0,0.0,0.0,0.05096153846153846,-25.409115,-3.9,-6
stack_block3_on_block1,state_001_t1,1,redundant_bt,redundant_bt,experiments/bt_selection_benchmark/bt_candidates/stack_block3_on_block1/redundant_bt.json,stack block_3 on block_1,"supported_by(block_3, block_1)",block_3,block_1,1,0,1.0,1,1,0,0,8,3,1.0,0.103039,0.690296,0,1,62.589018,medium,success,0,fallback_symbolic_effects,done,experiments/bt_selection_benchmark/results/bt_candidate_evaluations_v1_supported_by_with_sim.csv,v1_supported_by,v1_supported_by,v1_supported_by::state_001_t1::stack_block3_on_block1,50.61813,79.39999999999999,-14.48187,0.9903846153846154,0.06525209719632834,0.0,,0.21438994737600517,0.0,0.0,0.0,0.0,0.0,0.21438994737600517,50.61813,65.1,-8
stack_block3_on_block1,state_001_t1,1,unsafe_or_invalid_bt,unsafe_or_invalid_bt,experiments/bt_selection_benchmark/bt_candidates/stack_block3_on_block1/unsafe_or_invalid_bt.json,stack block_3 on block_1,"supported_by(block_3, block_1)",block_3,block_1,0,0,0.0,1,1,0,2,4,3,0.0,1.0,0.0,0,1,-33.0,bad,success,0,fallback_symbolic_effects,skipped,experiments/bt_selection_benchmark/results/bt_candidate_evaluations_v1_supported_by_with_sim.csv,v1_supported_by,v1_supported_by,v1_supported_by::state_001_t1::stack_block3_on_block1,-22.9,-23.599999999999998,-20.0,0.0,0.014013019136295534,0.05,shortest_tree:0.05,0.031003254784073887,0.0,0.0,0.0,0.0,1.0,0.031003254784073887,-22.9,-2.9,-4
place_block3_on_block5,state_002_t2,2,correct_bt,correct_bt,experiments/bt_selection_benchmark/bt_candidates/place_block3_on_block5/correct_bt.json,place block_3 on block_5,"supported_by(block_3, block_5)",block_3,block_5,1,1,1.0,1,1,0,0,6,3,1.0,0.001616,0.715514,1,1,164.552812,good,success,0,fallback_symbolic_effects,done,experiments/bt_selection_benchmark/results/bt_candidate_evaluations_v1_supported_by_with_sim.csv,v1_supported_by,v1_supported_by,v1_supported_by::state_002_t2::place_block3_on_block5,152.50626999999997,80.39999999999999,86.40627,1.0,0.9975489304543118,0.0,,0.44938723261357794,0.0,0.0,0.0,0.0,0.0,0.44938723261357794,152.50626999999997,66.1,-6
place_block3_on_block5,state_002_t2,2,missing_precondition_bt,missing_precondition_bt,experiments/bt_selection_benchmark/bt_candidates/place_block3_on_block5/missing_precondition_bt.json,place block_3 on block_5,"supported_by(block_3, block_5)",block_3,block_5,1,1,1.0,1,1,0,0,5,3,0.5,0.003891,0.744753,1,1,154.971584,good,success,0,fallback_symbolic_effects,done,experiments/bt_selection_benchmark/results/bt_candidate_evaluations_v1_supported_by_with_sim.csv,v1_supported_by,v1_supported_by,v1_supported_by::state_002_t2::place_block3_on_block5,152.837325,73.39999999999999,86.237325,0.9326923076923077,0.9959650867197686,0.8999999999999999,feature_only:0.30;symbolic_only:0.10;transformer_fused:0.35;transformer_only:0.15,0.9305297332184037,1.0,1.0,1.0,1.0,0.0,0.9305297332184037,152.837325,66.6,-5
place_block3_on_block5,state_002_t2,2,wrong_object_bt,wrong_object_bt,experiments/bt_selection_benchmark/bt_candidates/place_block3_on_block5/wrong_object_bt.json,place block_3 on block_5,"supported_by(block_3, block_5)",block_3,block_5,0,0,0.0,1,1,0,0,6,3,0.0,0.592744,0.624507,0,1,-31.176454,bad,success,0,fallback_symbolic_effects,done,experiments/bt_selection_benchmark/results/bt_candidate_evaluations_v1_supported_by_with_sim.csv,v1_supported_by,v1_supported_by,v1_supported_by::state_002_t2::place_block3_on_block5,-22.949975,-4.6,-19.049975,0.1826923076923077,0.00890639642433531,0.0,,0.038765060644545365,0.0,0.0,0.0,0.0,0.0,0.038765060644545365,-22.949975,-3.9,-6
place_block3_on_block5,state_002_t2,2,wrong_support_bt,wrong_support_bt,experiments/bt_selection_benchmark/bt_candidates/place_block3_on_block5/wrong_support_bt.json,place block_3 on block_5,"supported_by(block_3, block_5)",block_3,block_5,0,0,0.0,1,1,0,0,6,3,0.5,0.464745,0.584371,0,1,-19.816192,bad,success,0,fallback_symbolic_effects,done,experiments/bt_selection_benchmark/results/bt_candidate_evaluations_v1_supported_by_with_sim.csv,v1_supported_by,v1_supported_by,v1_supported_by::state_002_t2::place_block3_on_block5,-21.469305,2.9,-17.569305,0.2548076923076923,0.022787540598036594,0.0,,0.05665842361104761,0.0,0.0,0.0,0.0,0.0,0.05665842361104761,-21.469305,-3.9,-6
place_block3_on_block5,state_002_t2,2,redundant_bt,redundant_bt,experiments/bt_selection_benchmark/bt_candidates/place_block3_on_block5/redundant_bt.json,place block_3 on block_5,"supported_by(block_3, block_5)",block_3,block_5,1,1,1.0,1,1,0,0,8,3,1.0,0.004262,0.657932,1,1,163.641516,good,success,0,fallback_symbolic_effects,done,experiments/bt_selection_benchmark/results/bt_candidate_evaluations_v1_supported_by_with_sim.csv,v1_supported_by,v1_supported_by,v1_supported_by::state_002_t2::place_block3_on_block5,151.76772,79.39999999999999,86.66772,0.9903846153846154,1.0,0.0,,0.4480769230769231,0.0,0.0,0.0,0.0,0.0,0.4480769230769231,151.76772,65.1,-8
place_block3_on_block5,state_002_t2,2,unsafe_or_invalid_bt,unsafe_or_invalid_bt,experiments/bt_selection_benchmark/bt_candidates/place_block3_on_block5/unsafe_or_invalid_bt.json,place block_3 on block_5,"supported_by(block_3, block_5)",block_3,block_5,0,0,0.0,1,1,0,2,4,3,0.0,1.0,0.0,0,1,-33.0,bad,success,0,fallback_symbolic_effects,skipped,experiments/bt_selection_benchmark/results/bt_candidate_evaluations_v1_supported_by_with_sim.csv,v1_supported_by,v1_supported_by,v1_supported_by::state_002_t2::place_block3_on_block5,-22.9,-23.599999999999998,-20.0,0.0,0.0,0.05,shortest_tree:0.05,0.027500000000000004,0.0,0.0,0.0,0.0,1.0,0.027500000000000004,-22.9,-2.9,-4
place_block1_on_block5,state_002_t2,2,correct_bt,correct_bt,experiments/bt_selection_benchmark/bt_candidates/place_block1_on_block5/correct_bt.json,place block_1 on block_5,"supported_by(block_1, block_5)",block_1,block_5,1,1,1.0,1,1,0,0,6,3,1.0,0.000974,0.549535,1,1,164.89119,good,success,0,fallback_symbolic_effects,done,experiments/bt_selection_benchmark/results/bt_candidate_evaluations_v1_supported_by_with_sim.csv,v1_supported_by,v1_supported_by,v1_supported_by::state_002_t2::place_block1_on_block5,153.342585,80.39999999999999,87.242585,1.0,1.0,0.0,,0.45,0.0,0.0,0.0,0.0,0.0,0.45,153.342585,66.1,-6
place_block1_on_block5,state_002_t2,2,missing_precondition_bt,missing_precondition_bt,experiments/bt_selection_benchmark/bt_candidates/place_block1_on_block5/missing_precondition_bt.json,place block_1 on block_5,"supported_by(block_1, block_5)",block_1,block_5,1,1,1.0,1,1,0,0,5,3,0.5,0.007771,0.631015,1,1,155.16026,good,success,0,fallback_symbolic_effects,done,experiments/bt_selection_benchmark/results/bt_candidate_evaluations_v1_supported_by_with_sim.csv,v1_supported_by,v1_supported_by,v1_supported_by::state_002_t2::place_block1_on_block5,153.367215,73.39999999999999,86.76721500000001,0.7941176470588235,0.9954562603044689,0.7999999999999999,feature_only:0.30;transformer_fused:0.35;transformer_only:0.15,0.847687594487882,1.0,1.0,1.0,0.0,0.0,0.847687594487882,153.367215,66.6,-5
place_block1_on_block5,state_002_t2,2,wrong_object_bt,wrong_object_bt,experiments/bt_selection_benchmark/bt_candidates/place_block1_on_block5/wrong_object_bt.json,place block_1 on block_5,"supported_by(block_1, block_5)",block_1,block_5,1,0,1.0,1,1,0,0,6,3,0.0,0.542225,0.206333,0,1,40.165084,bad,success,0,fallback_symbolic_effects,done,experiments/bt_selection_benchmark/results/bt_candidate_evaluations_v1_supported_by_with_sim.csv,v1_supported_by,v1_supported_by,v1_supported_by::state_002_t2::place_block1_on_block5,49.646085,65.39999999999999,-16.453915000000002,0.5588235294117646,0.008835426430692043,0.0,,0.11397356249002594,0.0,0.0,0.0,0.0,0.0,0.11397356249002594,49.646085,66.1,-6
place_block1_on_block5,state_002_t2,2,wrong_support_bt,wrong_support_bt,experiments/bt_selection_benchmark/bt_candidates/place_block1_on_block5/wrong_support_bt.json,place block_1 on block_5,"supported_by(block_1, block_5)",block_1,block_5,1,0,1.0,1,1,0,0,6,3,0.5,0.457101,0.561455,0,1,50.30608,bad,success,0,fallback_symbolic_effects,done,experiments/bt_selection_benchmark/results/bt_candidate_evaluations_v1_supported_by_with_sim.csv,v1_supported_by,v1_supported_by,v1_supported_by::state_002_t2::place_block1_on_block5,48.721715,72.89999999999999,-17.378284999999998,0.7794117647058824,0.0,0.0,,0.15588235294117647,0.0,0.0,0.0,0.0,0.0,0.15588235294117647,48.721715,66.1,-6
place_block1_on_block5,state_002_t2,2,redundant_bt,redundant_bt,experiments/bt_selection_benchmark/bt_candidates/place_block1_on_block5/redundant_bt.json,place block_1 on block_5,"supported_by(block_1, block_5)",block_1,block_5,1,1,1.0,1,1,0,0,8,3,1.0,0.006738,0.654343,1,1,163.623934,good,success,0,fallback_symbolic_effects,done,experiments/bt_selection_benchmark/results/bt_candidate_evaluations_v1_supported_by_with_sim.csv,v1_supported_by,v1_supported_by,v1_supported_by::state_002_t2::place_block1_on_block5,151.76090499999998,79.39999999999999,86.660905,0.9705882352941176,0.9944401150554377,0.0,,0.44272767582268296,0.0,0.0,0.0,0.0,0.0,0.44272767582268296,151.76090499999998,65.1,-8
place_block1_on_block5,state_002_t2,2,unsafe_or_invalid_bt,unsafe_or_invalid_bt,experiments/bt_selection_benchmark/bt_candidates/place_block1_on_block5/unsafe_or_invalid_bt.json,place block_1 on block_5,"supported_by(block_1, block_5)",block_1,block_5,1,0,1.0,1,1,0,2,4,3,0.0,0.0,0.0,0,1,47.0,bad,success,0,fallback_symbolic_effects,skipped,experiments/bt_selection_benchmark/results/bt_candidate_evaluations_v1_supported_by_with_sim.csv,v1_supported_by,v1_supported_by,v1_supported_by::state_002_t2::place_block1_on_block5,57.1,46.4,-10.0,0.0,0.07052402642034995,0.15000000000000002,shortest_tree:0.05;symbolic_only:0.10,0.1001310066050875,0.0,0.0,0.0,1.0,1.0,0.1001310066050875,57.1,67.1,-4
place_block2_on_block6,state_002_t2,2,correct_bt,correct_bt,experiments/bt_selection_benchmark/bt_candidates/place_block2_on_block6/correct_bt.json,place block_2 on block_6,"supported_by(block_2, block_6)",block_2,block_6,1,1,1.0,1,1,0,0,6,3,1.0,0.000886,0.544358,1,1,164.902424,good,success,0,fallback_symbolic_effects,done,experiments/bt_selection_benchmark/results/bt_candidate_evaluations_v1_supported_by_with_sim.csv,v1_supported_by,v1_supported_by,v1_supported_by::state_002_t2::place_block2_on_block6,153.36935,80.39999999999999,87.26935,1.0,0.9950899661894367,0.0,,0.4487724915473592,0.0,0.0,0.0,0.0,0.0,0.4487724915473592,153.36935,66.1,-6
place_block2_on_block6,state_002_t2,2,missing_precondition_bt,missing_precondition_bt,experiments/bt_selection_benchmark/bt_candidates/place_block2_on_block6/missing_precondition_bt.json,place block_2 on block_6,"supported_by(block_2, block_6)",block_2,block_6,1,1,1.0,1,1,0,0,5,3,0.5,0.001828,0.435171,1,1,155.611378,good,success,0,fallback_symbolic_effects,done,experiments/bt_selection_benchmark/results/bt_candidate_evaluations_v1_supported_by_with_sim.csv,v1_supported_by,v1_supported_by,v1_supported_by::state_002_t2::place_block2_on_block6,154.40586499999998,73.39999999999999,87.805865,0.9326923076923077,1.0,0.8999999999999999,feature_only:0.30;symbolic_only:0.10;transformer_fused:0.35;transformer_only:0.15,0.9315384615384615,1.0,1.0,1.0,1.0,0.0,0.9315384615384615,154.40586499999998,66.6,-5
place_block2_on_block6,state_002_t2,2,wrong_object_bt,wrong_object_bt,experiments/bt_selection_benchmark/bt_candidates/place_block2_on_block6/wrong_object_bt.json,place block_2 on block_6,"supported_by(block_2, block_6)",block_2,block_6,0,0,0.0,1,1,0,0,6,3,0.0,0.913049,0.46655,0,1,-34.06359,bad,success,0,fallback_symbolic_effects,done,experiments/bt_selection_benchmark/results/bt_candidate_evaluations_v1_supported_by_with_sim.csv,v1_supported_by,v1_supported_by,v1_supported_by::state_002_t2::place_block2_on_block6,-25.363239999999998,-4.6,-21.46324,0.1826923076923077,0.0,0.0,,0.03653846153846154,0.0,0.0,0.0,0.0,0.0,0.03653846153846154,-25.363239999999998,-3.9,-6
place_block2_on_block6,state_002_t2,2,wrong_support_bt,wrong_support_bt,experiments/bt_selection_benchmark/bt_candidates/place_block2_on_block6/wrong_support_bt.json,place block_2 on block_6,"supported_by(block_2, block_6)",block_2,block_6,0,0,0.0,1,1,0,0,6,3,0.5,0.465363,0.487265,0,1,-19.62816,bad,success,0,fallback_symbolic_effects,done,experiments/bt_selection_benchmark/results/bt_candidate_evaluations_v1_supported_by_with_sim.csv,v1_supported_by,v1_supported_by,v1_supported_by::state_002_t2::place_block2_on_block6,-20.989955,2.9,-17.089955,0.2548076923076923,0.04002306964992529,0.0,,0.060967305874019787,0.0,0.0,0.0,0.0,0.0,0.060967305874019787,-20.989955,-3.9,-6
place_block2_on_block6,state_002_t2,2,redundant_bt,redundant_bt,experiments/bt_selection_benchmark/bt_candidates/place_block2_on_block6/redundant_bt.json,place block_2 on block_6,"supported_by(block_2, block_6)",block_2,block_6,1,1,1.0,1,1,0,0,8,3,1.0,0.00699,0.614418,1,1,163.701264,good,success,0,fallback_symbolic_effects,done,experiments/bt_selection_benchmark/results/bt_candidate_evaluations_v1_supported_by_with_sim.csv,v1_supported_by,v1_supported_by,v1_supported_by::state_002_t2::place_block2_on_block6,151.95801,79.39999999999999,86.85801,0.9903846153846154,0.9913254986393455,0.0,,0.44590829773675944,0.0,0.0,0.0,0.0,0.0,0.44590829773675944,151.95801,65.1,-8
place_block2_on_block6,state_002_t2,2,unsafe_or_invalid_bt,unsafe_or_invalid_bt,experiments/bt_selection_benchmark/bt_candidates/place_block2_on_block6/unsafe_or_invalid_bt.json,place block_2 on block_6,"supported_by(block_2, block_6)",block_2,block_6,0,0,0.0,1,1,0,2,4,3,0.0,1.0,0.0,0,1,-33.0,bad,success,0,fallback_symbolic_effects,skipped,experiments/bt_selection_benchmark/results/bt_candidate_evaluations_v1_supported_by_with_sim.csv,v1_supported_by,v1_supported_by,v1_supported_by::state_002_t2::place_block2_on_block6,-22.9,-23.599999999999998,-20.0,0.0,0.013391159376660028,0.05,shortest_tree:0.05,0.03084778984416501,0.0,0.0,0.0,0.0,1.0,0.03084778984416501,-22.9,-2.9,-4
stack_block3_on_block1,state_002_t2,2,correct_bt,correct_bt,experiments/bt_selection_benchmark/bt_candidates/stack_block3_on_block1/correct_bt.json,stack block_3 on block_1,"supported_by(block_3, block_1)",block_3,block_1,1,0,1.0,1,1,0,0,6,3,1.0,0.089849,0.620543,0,1,63.860424,medium,success,0,fallback_symbolic_effects,done,experiments/bt_selection_benchmark/results/bt_candidate_evaluations_v1_supported_by_with_sim.csv,v1_supported_by,v1_supported_by,v1_supported_by::state_002_t2::stack_block3_on_block1,52.098795,80.39999999999999,-14.001204999999999,1.0,0.9288706071079071,0.0,,0.4322176517769768,0.0,0.0,0.0,0.0,0.0,0.4322176517769768,52.098795,66.1,-6
stack_block3_on_block1,state_002_t2,2,missing_precondition_bt,missing_precondition_bt,experiments/bt_selection_benchmark/bt_candidates/stack_block3_on_block1/missing_precondition_bt.json,stack block_3 on block_1,"supported_by(block_3, block_1)",block_3,block_1,1,0,1.0,1,1,0,0,5,3,0.5,0.082962,0.542444,0,1,54.585492,bad,success,0,fallback_symbolic_effects,done,experiments/bt_selection_benchmark/results/bt_candidate_evaluations_v1_supported_by_with_sim.csv,v1_supported_by,v1_supported_by,v1_supported_by::state_002_t2::stack_block3_on_block1,53.058159999999994,73.39999999999999,-13.54184,0.9326923076923077,1.0,0.8999999999999999,feature_only:0.30;symbolic_only:0.10;transformer_fused:0.35;transformer_only:0.15,0.9315384615384615,1.0,1.0,1.0,1.0,0.0,0.9315384615384615,53.058159999999994,66.6,-5
stack_block3_on_block1,state_002_t2,2,wrong_object_bt,wrong_object_bt,experiments/bt_selection_benchmark/bt_candidates/stack_block3_on_block1/wrong_object_bt.json,stack block_3 on block_1,"supported_by(block_3, block_1)",block_3,block_1,0,0,0.0,1,1,0,0,6,3,0.0,0.522242,0.812383,0,1,-30.847186,bad,success,0,fallback_symbolic_effects,done,experiments/bt_selection_benchmark/results/bt_candidate_evaluations_v1_supported_by_with_sim.csv,v1_supported_by,v1_supported_by,v1_supported_by::state_002_t2::stack_block3_on_block1,-23.184334999999997,-4.6,-19.284335,0.1826923076923077,0.11081561930952491,0.0,,0.06424236636584277,0.0,0.0,0.0,0.0,0.0,0.06424236636584277,-23.184334999999997,-3.9,-6
stack_block3_on_block1,state_002_t2,2,wrong_support_bt,wrong_support_bt,experiments/bt_selection_benchmark/bt_candidates/stack_block3_on_block1/wrong_support_bt.json,stack block_3 on block_1,"supported_by(block_3, block_1)",block_3,block_1,0,0,0.0,1,1,0,0,6,3,0.5,0.400789,0.761497,0,1,-19.530884,bad,success,0,fallback_symbolic_effects,done,experiments/bt_selection_benchmark/results/bt_candidate_evaluations_v1_supported_by_with_sim.csv,v1_supported_by,v1_supported_by,v1_supported_by::state_002_t2::stack_block3_on_block1,-21.715374999999998,2.9,-17.815375,0.2548076923076923,0.3382735949558389,0.0,,0.1355299372004982,0.0,0.0,0.0,0.0,0.0,0.1355299372004982,-21.715374999999998,-3.9,-6
stack_block3_on_block1,state_002_t2,2,redundant_bt,redundant_bt,experiments/bt_selection_benchmark/bt_candidates/stack_block3_on_block1/redundant_bt.json,stack block_3 on block_1,"supported_by(block_3, block_1)",block_3,block_1,1,0,1.0,1,1,0,0,8,3,1.0,0.091641,0.634682,0,1,62.814226,medium,success,0,fallback_symbolic_effects,done,experiments/bt_selection_benchmark/results/bt_candidate_evaluations_v1_supported_by_with_sim.csv,v1_supported_by,v1_supported_by,v1_supported_by::state_002_t2::stack_block3_on_block1,51.01018,79.39999999999999,-14.08982,0.9903846153846154,0.9151492065851575,0.0,,0.4268642247232125,0.0,0.0,0.0,0.0,0.0,0.4268642247232125,51.01018,65.1,-8
stack_block3_on_block1,state_002_t2,2,unsafe_or_invalid_bt,unsafe_or_invalid_bt,experiments/bt_selection_benchmark/bt_candidates/stack_block3_on_block1/unsafe_or_invalid_bt.json,stack block_3 on block_1,"supported_by(block_3, block_1)",block_3,block_1,0,0,0.0,1,1,0,2,4,3,0.0,1.0,0.0,0,1,-33.0,bad,success,0,fallback_symbolic_effects,skipped,experiments/bt_selection_benchmark/results/bt_candidate_evaluations_v1_supported_by_with_sim.csv,v1_supported_by,v1_supported_by,v1_supported_by::state_002_t2::stack_block3_on_block1,-22.9,-23.599999999999998,-20.0,0.0,0.0,0.05,shortest_tree:0.05,0.027500000000000004,0.0,0.0,0.0,0.0,1.0,0.027500000000000004,-22.9,-2.9,-4
place_block3_on_block5,state_003_t3,3,correct_bt,correct_bt,experiments/bt_selection_benchmark/bt_candidates/place_block3_on_block5/correct_bt.json,place block_3 on block_5,"supported_by(block_3, block_5)",block_3,block_5,1,1,1.0,1,1,0,0,6,3,1.0,0.002699,0.636707,1,1,164.699596,good,success,0,fallback_symbolic_effects,done,experiments/bt_selection_benchmark/results/bt_candidate_evaluations_v1_supported_by_with_sim.csv,v1_supported_by,v1_supported_by,v1_supported_by::state_003_t3::place_block3_on_block5,152.88947499999998,80.39999999999999,86.789475,1.0,1.0,0.0,,0.45,0.0,0.0,0.0,0.0,0.0,0.45,152.88947499999998,66.1,-6
place_block3_on_block5,state_003_t3,3,missing_precondition_bt,missing_precondition_bt,experiments/bt_selection_benchmark/bt_candidates/place_block3_on_block5/missing_precondition_bt.json,place block_3 on block_5,"supported_by(block_3, block_5)",block_3,block_5,1,1,1.0,1,1,0,0,5,3,0.5,0.001407,0.725486,1,1,155.034958,good,success,0,fallback_symbolic_effects,done,experiments/bt_selection_benchmark/results/bt_candidate_evaluations_v1_supported_by_with_sim.csv,v1_supported_by,v1_supported_by,v1_supported_by::state_003_t3::place_block3_on_block5,152.9585,73.39999999999999,86.35849999999999,0.7941176470588235,0.9959319585796501,0.7999999999999999,feature_only:0.30;transformer_fused:0.35;transformer_only:0.15,0.8478065190566773,1.0,1.0,1.0,0.0,0.0,0.8478065190566773,152.9585,66.6,-5
place_block3_on_block5,state_003_t3,3,wrong_object_bt,wrong_object_bt,experiments/bt_selection_benchmark/bt_candidates/place_block3_on_block5/wrong_object_bt.json,place block_3 on block_5,"supported_by(block_3, block_5)",block_3,block_5,1,0,1.0,1,1,0,0,6,3,0.0,0.644921,0.540592,0,1,38.469606,bad,success,0,fallback_symbolic_effects,done,experiments/bt_selection_benchmark/results/bt_candidate_evaluations_v1_supported_by_with_sim.csv,v1_supported_by,v1_supported_by,v1_supported_by::state_003_t3::place_block3_on_block5,46.94783,65.39999999999999,-19.152169999999998,0.5588235294117646,0.0,0.0,,0.11176470588235293,0.0,0.0,0.0,0.0,0.0,0.11176470588235293,46.94783,66.1,-6
place_block3_on_block5,state_003_t3,3,wrong_support_bt,wrong_support_bt,experiments/bt_selection_benchmark/bt_candidates/place_block3_on_block5/wrong_support_bt.json,place block_3 on block_5,"supported_by(block_3, block_5)",block_3,block_5,1,0,1.0,1,1,0,0,6,3,0.5,0.464856,0.775042,0,1,49.801356,bad,success,0,fallback_symbolic_effects,done,experiments/bt_selection_benchmark/results/bt_candidate_evaluations_v1_supported_by_with_sim.csv,v1_supported_by,v1_supported_by,v1_supported_by::state_003_t3::place_block3_on_block5,47.576229999999995,72.89999999999999,-18.52377,0.7794117647058824,0.005931567326522061,0.0,,0.157365244772807,0.0,0.0,0.0,0.0,0.0,0.157365244772807,47.576229999999995,66.1,-6
place_block3_on_block5,state_003_t3,3,redundant_bt,redundant_bt,experiments/bt_selection_benchmark/bt_candidates/place_block3_on_block5/redundant_bt.json,place block_3 on block_5,"supported_by(block_3, block_5)",block_3,block_5,1,1,1.0,1,1,0,0,8,3,1.0,0.002629,0.755908,1,1,163.461894,good,success,0,fallback_symbolic_effects,done,experiments/bt_selection_benchmark/results/bt_candidate_evaluations_v1_supported_by_with_sim.csv,v1_supported_by,v1_supported_by,v1_supported_by::state_003_t3::place_block3_on_block5,151.29417,79.39999999999999,86.19417,0.9705882352941176,0.9943808216306251,0.0,,0.44271285246647984,0.0,0.0,0.0,0.0,0.0,0.44271285246647984,151.29417,65.1,-8
place_block3_on_block5,state_003_t3,3,unsafe_or_invalid_bt,unsafe_or_invalid_bt,experiments/bt_selection_benchmark/bt_candidates/place_block3_on_block5/unsafe_or_invalid_bt.json,place block_3 on block_5,"supported_by(block_3, block_5)",block_3,block_5,1,0,1.0,1,1,0,2,4,3,0.0,0.0,0.0,0,1,47.0,bad,success,0,fallback_symbolic_effects,skipped,experiments/bt_selection_benchmark/results/bt_candidate_evaluations_v1_supported_by_with_sim.csv,v1_supported_by,v1_supported_by,v1_supported_by::state_003_t3::place_block3_on_block5,57.1,46.4,-10.0,0.0,0.08638878507125312,0.15000000000000002,shortest_tree:0.05;symbolic_only:0.10,0.1040971962678133,0.0,0.0,0.0,1.0,1.0,0.1040971962678133,57.1,67.1,-4
place_block1_on_block5,state_003_t3,3,correct_bt,correct_bt,experiments/bt_selection_benchmark/bt_candidates/place_block1_on_block5/correct_bt.json,place block_1 on block_5,"supported_by(block_1, block_5)",block_1,block_5,1,1,1.0,1,1,0,0,6,3,1.0,0.011499,0.671431,1,1,164.542148,good,success,0,fallback_symbolic_effects,done,experiments/bt_selection_benchmark/results/bt_candidate_evaluations_v1_supported_by_with_sim.csv,v1_supported_by,v1_supported_by,v1_supported_by::state_003_t3::place_block1_on_block5,152.62785499999998,80.39999999999999,86.52785499999999,1.0,0.9995899483306152,0.0,,0.4498974870826538,0.0,0.0,0.0,0.0,0.0,0.4498974870826538,152.62785499999998,66.1,-6
place_block1_on_block5,state_003_t3,3,missing_precondition_bt,missing_precondition_bt,experiments/bt_selection_benchmark/bt_candidates/place_block1_on_block5/missing_precondition_bt.json,place block_1 on block_5,"supported_by(block_1, block_5)",block_1,block_5,1,1,1.0,1,1,0,0,5,3,0.5,0.009597,0.666675,1,1,155.07068,good,success,0,fallback_symbolic_effects,done,experiments/bt_selection_benchmark/results/bt_candidate_evaluations_v1_supported_by_with_sim.csv,v1_supported_by,v1_supported_by,v1_supported_by::state_003_t3::place_block1_on_block5,153.170655,73.39999999999999,86.570655,0.7941176470588235,1.0,0.7999999999999999,feature_only:0.30;transformer_fused:0.35;transformer_only:0.15,0.8488235294117648,1.0,1.0,1.0,0.0,0.0,0.8488235294117648,153.170655,66.6,-5
place_block1_on_block5,state_003_t3,3,wrong_object_bt,wrong_object_bt,experiments/bt_selection_benchmark/bt_candidates/place_block1_on_block5/wrong_object_bt.json,place block_1 on block_5,"supported_by(block_1, block_5)",block_1,block_5,1,0,1.0,1,1,0,0,6,3,0.0,0.510274,0.540739,0,1,39.815782,bad,success,0,fallback_symbolic_effects,done,experiments/bt_selection_benchmark/results/bt_candidate_evaluations_v1_supported_by_with_sim.csv,v1_supported_by,v1_supported_by,v1_supported_by::state_003_t3::place_block1_on_block5,48.29356500000001,65.39999999999999,-17.806435,0.5588235294117646,0.0,0.0,,0.11176470588235293,0.0,0.0,0.0,0.0,0.0,0.11176470588235293,48.29356500000001,66.1,-6
place_block1_on_block5,state_003_t3,3,wrong_support_bt,wrong_support_bt,experiments/bt_selection_benchmark/bt_candidates/place_block1_on_block5/wrong_support_bt.json,place block_1 on block_5,"supported_by(block_1, block_5)",block_1,block_5,1,0,1.0,1,1,0,0,6,3,0.5,0.449263,0.598632,0,1,50.310106,bad,success,0,fallback_symbolic_effects,done,experiments/bt_selection_benchmark/results/bt_candidate_evaluations_v1_supported_by_with_sim.csv,v1_supported_by,v1_supported_by,v1_supported_by::state_003_t3::place_block1_on_block5,48.61420999999999,72.89999999999999,-17.48579,0.7794117647058824,0.0030719863908832763,0.0,,0.15665034953889728,0.0,0.0,0.0,0.0,0.0,0.15665034953889728,48.61420999999999,66.1,-6
place_block1_on_block5,state_003_t3,3,redundant_bt,redundant_bt,experiments/bt_selection_benchmark/bt_candidates/place_block1_on_block5/redundant_bt.json,place block_1 on block_5,"supported_by(block_1, block_5)",block_1,block_5,1,1,1.0,1,1,0,0,8,3,1.0,0.001741,0.751079,1,1,163.480432,good,success,0,fallback_symbolic_effects,done,experiments/bt_selection_benchmark/results/bt_candidate_evaluations_v1_supported_by_with_sim.csv,v1_supported_by,v1_supported_by,v1_supported_by::state_003_t3::place_block1_on_block5,151.327195,79.39999999999999,86.227195,0.9705882352941176,0.9967094311596537,0.0,,0.44329500484873696,0.0,0.0,0.0,0.0,0.0,0.44329500484873696,151.327195,65.1,-8
place_block1_on_block5,state_003_t3,3,unsafe_or_invalid_bt,unsafe_or_invalid_bt,experiments/bt_selection_benchmark/bt_candidates/place_block1_on_block5/unsafe_or_invalid_bt.json,place block_1 on block_5,"supported_by(block_1, block_5)",block_1,block_5,1,0,1.0,1,1,0,2,4,3,0.0,0.0,0.0,0,1,47.0,bad,success,0,fallback_symbolic_effects,skipped,experiments/bt_selection_benchmark/results/bt_candidate_evaluations_v1_supported_by_with_sim.csv,v1_supported_by,v1_supported_by,v1_supported_by::state_003_t3::place_block1_on_block5,57.1,46.4,-10.0,0.0,0.07479069401149237,0.15000000000000002,shortest_tree:0.05;symbolic_only:0.10,0.1011976735028731,0.0,0.0,0.0,1.0,1.0,0.1011976735028731,57.1,67.1,-4
place_block2_on_block6,state_003_t3,3,correct_bt,correct_bt,experiments/bt_selection_benchmark/bt_candidates/place_block2_on_block6/correct_bt.json,place block_2 on block_6,"supported_by(block_2, block_6)",block_2,block_6,1,1,1.0,1,1,0,0,6,3,1.0,0.006768,0.601839,1,1,164.728642,good,success,0,fallback_symbolic_effects,done,experiments/bt_selection_benchmark/results/bt_candidate_evaluations_v1_supported_by_with_sim.csv,v1_supported_by,v1_supported_by,v1_supported_by::state_003_t3::place_block2_on_block6,153.023125,80.39999999999999,86.923125,1.0,0.9979341322683152,0.0,,0.4494835330670788,0.0,0.0,0.0,0.0,0.0,0.4494835330670788,153.023125,66.1,-6
place_block2_on_block6,state_003_t3,3,missing_precondition_bt,missing_precondition_bt,experiments/bt_selection_benchmark/bt_candidates/place_block2_on_block6/missing_precondition_bt.json,place block_2 on block_6,"supported_by(block_2, block_6)",block_2,block_6,1,1,1.0,1,1,0,0,5,3,0.5,0.00059,0.680149,1,1,155.133802,good,success,0,fallback_symbolic_effects,done,experiments/bt_selection_benchmark/results/bt_candidate_evaluations_v1_supported_by_with_sim.csv,v1_supported_by,v1_supported_by,v1_supported_by::state_003_t3::place_block2_on_block6,153.193355,73.39999999999999,86.593355,0.9326923076923077,0.9949071119098432,0.8999999999999999,feature_only:0.30;symbolic_only:0.10;transformer_fused:0.35;transformer_only:0.15,0.9302652395159223,1.0,1.0,1.0,1.0,0.0,0.9302652395159223,153.193355,66.6,-5
place_block2_on_block6,state_003_t3,3,wrong_object_bt,wrong_object_bt,experiments/bt_selection_benchmark/bt_candidates/place_block2_on_block6/wrong_object_bt.json,place block_2 on block_6,"supported_by(block_2, block_6)",block_2,block_6,0,0,0.0,1,1,0,0,6,3,0.0,0.94528,0.468226,0,1,-34.389252,bad,success,0,fallback_symbolic_effects,done,experiments/bt_selection_benchmark/results/bt_candidate_evaluations_v1_supported_by_with_sim.csv,v1_supported_by,v1_supported_by,v1_supported_by::state_003_t3::place_block2_on_block6,-25.693929999999998,-4.6,-21.79393,0.1826923076923077,0.0,0.0,,0.03653846153846154,0.0,0.0,0.0,0.0,0.0,0.03653846153846154,-25.693929999999998,-3.9,-6
place_block2_on_block6,state_003_t3,3,wrong_support_bt,wrong_support_bt,experiments/bt_selection_benchmark/bt_candidates/place_block2_on_block6/wrong_support_bt.json,place block_2 on block_6,"supported_by(block_2, block_6)",block_2,block_6,0,0,0.0,1,1,0,0,6,3,0.5,0.46632,0.519339,0,1,-19.701878,bad,success,0,fallback_symbolic_effects,done,experiments/bt_selection_benchmark/results/bt_candidate_evaluations_v1_supported_by_with_sim.csv,v1_supported_by,v1_supported_by,v1_supported_by::state_003_t3::place_block2_on_block6,-21.159895,2.9,-17.259895,0.2548076923076923,0.04161875322504983,0.0,,0.061366226767800916,0.0,0.0,0.0,0.0,0.0,0.061366226767800916,-21.159895,-3.9,-6
place_block2_on_block6,state_003_t3,3,redundant_bt,redundant_bt,experiments/bt_selection_benchmark/bt_candidates/place_block2_on_block6/redundant_bt.json,place block_2 on block_6,"supported_by(block_2, block_6)",block_2,block_6,1,1,1.0,1,1,0,0,8,3,1.0,0.005149,0.560065,1,1,163.82838,good,success,0,fallback_symbolic_effects,done,experiments/bt_selection_benchmark/results/bt_candidate_evaluations_v1_supported_by_with_sim.csv,v1_supported_by,v1_supported_by,v1_supported_by::state_003_t3::place_block2_on_block6,152.248185,79.39999999999999,87.148185,0.9903846153846154,1.0,0.0,,0.4480769230769231,0.0,0.0,0.0,0.0,0.0,0.4480769230769231,152.248185,65.1,-8
place_block2_on_block6,state_003_t3,3,unsafe_or_invalid_bt,unsafe_or_invalid_bt,experiments/bt_selection_benchmark/bt_candidates/place_block2_on_block6/unsafe_or_invalid_bt.json,place block_2 on block_6,"supported_by(block_2, block_6)",block_2,block_6,0,0,0.0,1,1,0,2,4,3,0.0,1.0,0.0,0,1,-33.0,bad,success,0,fallback_symbolic_effects,skipped,experiments/bt_selection_benchmark/results/bt_candidate_evaluations_v1_supported_by_with_sim.csv,v1_supported_by,v1_supported_by,v1_supported_by::state_003_t3::place_block2_on_block6,-22.9,-23.599999999999998,-20.0,0.0,0.01646681818138008,0.05,shortest_tree:0.05,0.03161670454534502,0.0,0.0,0.0,0.0,1.0,0.03161670454534502,-22.9,-2.9,-4
stack_block3_on_block1,state_003_t3,3,correct_bt,correct_bt,experiments/bt_selection_benchmark/bt_candidates/stack_block3_on_block1/correct_bt.json,stack block_3 on block_1,"supported_by(block_3, block_1)",block_3,block_1,1,0,1.0,1,1,0,0,6,3,1.0,0.092335,0.632041,0,1,63.812568,medium,success,0,fallback_symbolic_effects,done,experiments/bt_selection_benchmark/results/bt_candidate_evaluations_v1_supported_by_with_sim.csv,v1_supported_by,v1_supported_by,v1_supported_by::state_003_t3::stack_block3_on_block1,52.016445,80.39999999999999,-14.083555,1.0,0.9931953775235102,0.0,,0.4482988443808775,0.0,0.0,0.0,0.0,0.0,0.4482988443808775,52.016445,66.1,-6
stack_block3_on_block1,state_003_t3,3,missing_precondition_bt,missing_precondition_bt,experiments/bt_selection_benchmark/bt_candidates/stack_block3_on_block1/missing_precondition_bt.json,stack block_3 on block_1,"supported_by(block_3, block_1)",block_3,block_1,1,0,1.0,1,1,0,0,5,3,0.5,0.087335,0.720928,0,1,54.184794,bad,success,0,fallback_symbolic_effects,done,experiments/bt_selection_benchmark/results/bt_candidate_evaluations_v1_supported_by_with_sim.csv,v1_supported_by,v1_supported_by,v1_supported_by::state_003_t3::stack_block3_on_block1,52.122009999999996,73.39999999999999,-14.47799,0.9326923076923077,0.9269814570470272,0.8999999999999999,feature_only:0.30;symbolic_only:0.10;transformer_fused:0.35;transformer_only:0.15,0.9132838258002183,1.0,1.0,1.0,1.0,0.0,0.9132838258002183,52.122009999999996,66.6,-5
stack_block3_on_block1,state_003_t3,3,wrong_object_bt,wrong_object_bt,experiments/bt_selection_benchmark/bt_candidates/stack_block3_on_block1/wrong_object_bt.json,stack block_3 on block_1,"supported_by(block_3, block_1)",block_3,block_1,0,0,0.0,1,1,0,0,6,3,0.0,0.607643,0.642666,0,1,-31.361762,bad,success,0,fallback_symbolic_effects,done,experiments/bt_selection_benchmark/results/bt_candidate_evaluations_v1_supported_by_with_sim.csv,v1_supported_by,v1_supported_by,v1_supported_by::state_003_t3::stack_block3_on_block1,-23.18976,-4.6,-19.28976,0.1826923076923077,0.11922819952391965,0.0,,0.06634551141944145,0.0,0.0,0.0,0.0,0.0,0.06634551141944145,-23.18976,-3.9,-6
stack_block3_on_block1,state_003_t3,3,wrong_support_bt,wrong_support_bt,experiments/bt_selection_benchmark/bt_candidates/stack_block3_on_block1/wrong_support_bt.json,stack block_3 on block_1,"supported_by(block_3, block_1)",block_3,block_1,0,0,0.0,1,1,0,0,6,3,0.5,0.394009,0.566784,0,1,-19.073658,bad,success,0,fallback_symbolic_effects,done,experiments/bt_selection_benchmark/results/bt_candidate_evaluations_v1_supported_by_with_sim.csv,v1_supported_by,v1_supported_by,v1_supported_by::state_003_t3::stack_block3_on_block1,-20.67401,2.9,-16.77401,0.2548076923076923,0.5415478984317557,0.0,,0.18634851306947736,0.0,0.0,0.0,0.0,0.0,0.18634851306947736,-20.67401,-3.9,-6
stack_block3_on_block1,state_003_t3,3,redundant_bt,redundant_bt,experiments/bt_selection_benchmark/bt_candidates/stack_block3_on_block1/redundant_bt.json,stack block_3 on block_1,"supported_by(block_3, block_1)",block_3,block_1,1,0,1.0,1,1,0,0,8,3,1.0,0.08219,0.644224,0,1,62.889652,medium,success,0,fallback_symbolic_effects,done,experiments/bt_selection_benchmark/results/bt_candidate_evaluations_v1_supported_by_with_sim.csv,v1_supported_by,v1_supported_by,v1_supported_by::state_003_t3::stack_block3_on_block1,51.05698,79.39999999999999,-14.04302,0.9903846153846154,1.0,0.0,,0.4480769230769231,0.0,0.0,0.0,0.0,0.0,0.4480769230769231,51.05698,65.1,-8
stack_block3_on_block1,state_003_t3,3,unsafe_or_invalid_bt,unsafe_or_invalid_bt,experiments/bt_selection_benchmark/bt_candidates/stack_block3_on_block1/unsafe_or_invalid_bt.json,stack block_3 on block_1,"supported_by(block_3, block_1)",block_3,block_1,0,0,0.0,1,1,0,2,4,3,0.0,1.0,0.0,0,1,-33.0,bad,success,0,fallback_symbolic_effects,skipped,experiments/bt_selection_benchmark/results/bt_candidate_evaluations_v1_supported_by_with_sim.csv,v1_supported_by,v1_supported_by,v1_supported_by::state_003_t3::stack_block3_on_block1,-22.9,-23.599999999999998,-20.0,0.0,0.0,0.05,shortest_tree:0.05,0.027500000000000004,0.0,0.0,0.0,0.0,1.0,0.027500000000000004,-22.9,-2.9,-4
place_block3_on_block5,state_004_t4,4,correct_bt,correct_bt,experiments/bt_selection_benchmark/bt_candidates/place_block3_on_block5/correct_bt.json,place block_3 on block_5,"supported_by(block_3, block_5)",block_3,block_5,1,1,1.0,1,1,0,0,6,3,1.0,0.007397,0.622583,1,1,164.680864,good,success,0,fallback_symbolic_effects,done,experiments/bt_selection_benchmark/results/bt_candidate_evaluations_v1_supported_by_with_sim.csv,v1_supported_by,v1_supported_by,v1_supported_by::state_004_t4::place_block3_on_block5,152.913115,80.39999999999999,86.813115,1.0,1.0,0.0,,0.45,0.0,0.0,0.0,0.0,0.0,0.45,152.913115,66.1,-6
place_block3_on_block5,state_004_t4,4,missing_precondition_bt,missing_precondition_bt,experiments/bt_selection_benchmark/bt_candidates/place_block3_on_block5/missing_precondition_bt.json,place block_3 on block_5,"supported_by(block_3, block_5)",block_3,block_5,1,1,1.0,1,1,0,0,5,3,0.5,0.001068,0.675453,1,1,155.138414,good,success,0,fallback_symbolic_effects,done,experiments/bt_selection_benchmark/results/bt_candidate_evaluations_v1_supported_by_with_sim.csv,v1_supported_by,v1_supported_by,v1_supported_by::state_004_t4::place_block3_on_block5,153.212055,73.39999999999999,86.61205500000001,0.7941176470588235,0.9980885943097038,0.7999999999999999,feature_only:0.30;transformer_fused:0.35;transformer_only:0.15,0.8483456779891907,1.0,1.0,1.0,0.0,0.0,0.8483456779891907,153.212055,66.6,-5
place_block3_on_block5,state_004_t4,4,wrong_object_bt,wrong_object_bt,experiments/bt_selection_benchmark/bt_candidates/place_block3_on_block5/wrong_object_bt.json,place block_3 on block_5,"supported_by(block_3, block_5)",block_3,block_5,1,0,1.0,1,1,0,0,6,3,0.0,0.493025,0.689247,0,1,39.691256,bad,success,0,fallback_symbolic_effects,done,experiments/bt_selection_benchmark/results/bt_candidate_evaluations_v1_supported_by_with_sim.csv,v1_supported_by,v1_supported_by,v1_supported_by::state_004_t4::place_block3_on_block5,47.723515,65.39999999999999,-18.376485000000002,0.5588235294117646,0.0,0.0,,0.11176470588235293,0.0,0.0,0.0,0.0,0.0,0.11176470588235293,47.723515,66.1,-6
place_block3_on_block5,state_004_t4,4,wrong_support_bt,wrong_support_bt,experiments/bt_selection_benchmark/bt_candidates/place_block3_on_block5/wrong_support_bt.json,place block_3 on block_5,"supported_by(block_3, block_5)",block_3,block_5,1,0,1.0,1,1,0,0,6,3,0.5,0.466039,0.543685,0,1,50.25224,bad,success,0,fallback_symbolic_effects,done,experiments/bt_selection_benchmark/results/bt_candidate_evaluations_v1_supported_by_with_sim.csv,v1_supported_by,v1_supported_by,v1_supported_by::state_004_t4::place_block3_on_block5,48.721185,72.89999999999999,-17.378815,0.7794117647058824,0.009484492763543193,0.0,,0.15825347613206228,0.0,0.0,0.0,0.0,0.0,0.15825347613206228,48.721185,66.1,-6
place_block3_on_block5,state_004_t4,4,redundant_bt,redundant_bt,experiments/bt_selection_benchmark/bt_candidates/place_block3_on_block5/redundant_bt.json,place block_3 on block_5,"supported_by(block_3, block_5)",block_3,block_5,1,1,1.0,1,1,0,0,8,3,1.0,0.003541,0.66286,1,1,163.63887,good,success,0,fallback_symbolic_effects,done,experiments/bt_selection_benchmark/results/bt_candidate_evaluations_v1_supported_by_with_sim.csv,v1_supported_by,v1_supported_by,v1_supported_by::state_004_t4::place_block3_on_block5,151.75028999999998,79.39999999999999,86.65029,0.9705882352941176,0.9984520808140729,0.0,,0.4437306672623418,0.0,0.0,0.0,0.0,0.0,0.4437306672623418,151.75028999999998,65.1,-8
place_block3_on_block5,state_004_t4,4,unsafe_or_invalid_bt,unsafe_or_invalid_bt,experiments/bt_selection_benchmark/bt_candidates/place_block3_on_block5/unsafe_or_invalid_bt.json,place block_3 on block_5,"supported_by(block_3, block_5)",block_3,block_5,1,0,1.0,1,1,0,2,4,3,0.0,0.0,0.0,0,1,47.0,bad,success,0,fallback_symbolic_effects,skipped,experiments/bt_selection_benchmark/results/bt_candidate_evaluations_v1_supported_by_with_sim.csv,v1_supported_by,v1_supported_by,v1_supported_by::state_004_t4::place_block3_on_block5,57.1,46.4,-10.0,0.0,0.07963225451945823,0.15000000000000002,shortest_tree:0.05;symbolic_only:0.10,0.10240806362986457,0.0,0.0,0.0,1.0,1.0,0.10240806362986457,57.1,67.1,-4
place_block1_on_block5,state_004_t4,4,correct_bt,correct_bt,experiments/bt_selection_benchmark/bt_candidates/place_block1_on_block5/correct_bt.json,place block_1 on block_5,"supported_by(block_1, block_5)",block_1,block_5,1,1,1.0,1,1,0,0,6,3,1.0,0.011437,0.763223,1,1,164.359184,good,success,0,fallback_symbolic_effects,done,experiments/bt_selection_benchmark/results/bt_candidate_evaluations_v1_supported_by_with_sim.csv,v1_supported_by,v1_supported_by,v1_supported_by::state_004_t4::place_block1_on_block5,152.169515,80.39999999999999,86.06951500000001,1.0,0.997303966806537,0.0,,0.44932599170163423,0.0,0.0,0.0,0.0,0.0,0.44932599170163423,152.169515,66.1,-6
place_block1_on_block5,state_004_t4,4,missing_precondition_bt,missing_precondition_bt,experiments/bt_selection_benchmark/bt_candidates/place_block1_on_block5/missing_precondition_bt.json,place block_1 on block_5,"supported_by(block_1, block_5)",block_1,block_5,1,1,1.0,1,1,0,0,5,3,0.5,0.000562,0.72821,1,1,155.03796,good,success,0,fallback_symbolic_effects,done,experiments/bt_selection_benchmark/results/bt_candidate_evaluations_v1_supported_by_with_sim.csv,v1_supported_by,v1_supported_by,v1_supported_by::state_004_t4::place_block1_on_block5,152.95333,73.39999999999999,86.35333,0.7941176470588235,1.0,0.7999999999999999,feature_only:0.30;transformer_fused:0.35;transformer_only:0.15,0.8488235294117648,1.0,1.0,1.0,0.0,0.0,0.8488235294117648,152.95333,66.6,-5
place_block1_on_block5,state_004_t4,4,wrong_object_bt,wrong_object_bt,experiments/bt_selection_benchmark/bt_candidates/place_block1_on_block5/wrong_object_bt.json,place block_1 on block_5,"supported_by(block_1, block_5)",block_1,block_5,1,0,1.0,1,1,0,0,6,3,0.0,0.56732,0.64896,0,1,39.02888,bad,success,0,fallback_symbolic_effects,done,experiments/bt_selection_benchmark/results/bt_candidate_evaluations_v1_supported_by_with_sim.csv,v1_supported_by,v1_supported_by,v1_supported_by::state_004_t4::place_block1_on_block5,47.18200000000001,65.39999999999999,-18.918,0.5588235294117646,0.0,0.0,,0.11176470588235293,0.0,0.0,0.0,0.0,0.0,0.11176470588235293,47.18200000000001,66.1,-6
place_block1_on_block5,state_004_t4,4,wrong_support_bt,wrong_support_bt,experiments/bt_selection_benchmark/bt_candidates/place_block1_on_block5/wrong_support_bt.json,place block_1 on block_5,"supported_by(block_1, block_5)",block_1,block_5,1,0,1.0,1,1,0,0,6,3,0.5,0.456973,0.650047,0,1,50.130176,bad,success,0,fallback_symbolic_effects,done,experiments/bt_selection_benchmark/results/bt_candidate_evaluations_v1_supported_by_with_sim.csv,v1_supported_by,v1_supported_by,v1_supported_by::state_004_t4::place_block1_on_block5,48.280035000000005,72.89999999999999,-17.819965,0.7794117647058824,0.010430522726368132,0.0,,0.1584899836227685,0.0,0.0,0.0,0.0,0.0,0.1584899836227685,48.280035000000005,66.1,-6
place_block1_on_block5,state_004_t4,4,redundant_bt,redundant_bt,experiments/bt_selection_benchmark/bt_candidates/place_block1_on_block5/redundant_bt.json,place block_1 on block_5,"supported_by(block_1, block_5)",block_1,block_5,1,1,1.0,1,1,0,0,8,3,1.0,0.008702,0.712533,1,1,163.487914,good,success,0,fallback_symbolic_effects,done,experiments/bt_selection_benchmark/results/bt_candidate_evaluations_v1_supported_by_with_sim.csv,v1_supported_by,v1_supported_by,v1_supported_by::state_004_t4::place_block1_on_block5,151.450315,79.39999999999999,86.35031500000001,0.9705882352941176,0.9999713597234878,0.0,,0.44411048698969546,0.0,0.0,0.0,0.0,0.0,0.44411048698969546,151.450315,65.1,-8
place_block1_on_block5,state_004_t4,4,unsafe_or_invalid_bt,unsafe_or_invalid_bt,experiments/bt_selection_benchmark/bt_candidates/place_block1_on_block5/unsafe_or_invalid_bt.json,place block_1 on block_5,"supported_by(block_1, block_5)",block_1,block_5,1,0,1.0,1,1,0,2,4,3,0.0,0.0,0.0,0,1,47.0,bad,success,0,fallback_symbolic_effects,skipped,experiments/bt_selection_benchmark/results/bt_candidate_evaluations_v1_supported_by_with_sim.csv,v1_supported_by,v1_supported_by,v1_supported_by::state_004_t4::place_block1_on_block5,57.1,46.4,-10.0,0.0,0.08471442319575519,0.15000000000000002,shortest_tree:0.05;symbolic_only:0.10,0.10367860579893881,0.0,0.0,0.0,1.0,1.0,0.10367860579893881,57.1,67.1,-4
place_block2_on_block6,state_004_t4,4,correct_bt,correct_bt,experiments/bt_selection_benchmark/bt_candidates/place_block2_on_block6/correct_bt.json,place block_2 on block_6,"supported_by(block_2, block_6)",block_2,block_6,1,1,1.0,1,1,0,0,6,3,1.0,0.003069,0.630728,1,1,164.707854,good,success,0,fallback_symbolic_effects,done,experiments/bt_selection_benchmark/results/bt_candidate_evaluations_v1_supported_by_with_sim.csv,v1_supported_by,v1_supported_by,v1_supported_by::state_004_t4::place_block2_on_block6,152.91567,80.39999999999999,86.81567,1.0,0.9958821691722389,0.0,,0.44897054229305977,0.0,0.0,0.0,0.0,0.0,0.44897054229305977,152.91567,66.1,-6
place_block2_on_block6,state_004_t4,4,missing_precondition_bt,missing_precondition_bt,experiments/bt_selection_benchmark/bt_candidates/place_block2_on_block6/missing_precondition_bt.json,place block_2 on block_6,"supported_by(block_2, block_6)",block_2,block_6,1,1,1.0,1,1,0,0,5,3,0.5,0.006854,0.7389,1,1,154.95366,good,success,0,fallback_symbolic_effects,done,experiments/bt_selection_benchmark/results/bt_candidate_evaluations_v1_supported_by_with_sim.csv,v1_supported_by,v1_supported_by,v1_supported_by::state_004_t4::place_block2_on_block6,152.83695999999998,73.39999999999999,86.23696,0.9326923076923077,0.9906303705621219,0.8999999999999999,feature_only:0.30;symbolic_only:0.10;transformer_fused:0.35;transformer_only:0.15,0.929196054178992,1.0,1.0,1.0,1.0,0.0,0.929196054178992,152.83695999999998,66.6,-5
place_block2_on_block6,state_004_t4,4,wrong_object_bt,wrong_object_bt,experiments/bt_selection_benchmark/bt_candidates/place_block2_on_block6/wrong_object_bt.json,place block_2 on block_6,"supported_by(block_2, block_6)",block_2,block_6,0,0,0.0,1,1,0,0,6,3,0.0,0.946893,0.690874,0,1,-34.850678,bad,success,0,fallback_symbolic_effects,done,experiments/bt_selection_benchmark/results/bt_candidate_evaluations_v1_supported_by_with_sim.csv,v1_supported_by,v1_supported_by,v1_supported_by::state_004_t4::place_block2_on_block6,-26.8233,-4.6,-22.9233,0.1826923076923077,0.0,0.0,,0.03653846153846154,0.0,0.0,0.0,0.0,0.0,0.03653846153846154,-26.8233,-3.9,-6
place_block2_on_block6,state_004_t4,4,wrong_support_bt,wrong_support_bt,experiments/bt_selection_benchmark/bt_candidates/place_block2_on_block6/wrong_support_bt.json,place block_2 on block_6,"supported_by(block_2, block_6)",block_2,block_6,0,0,0.0,1,1,0,0,6,3,0.5,0.465518,0.730877,0,1,-20.116934,bad,success,0,fallback_symbolic_effects,done,experiments/bt_selection_benchmark/results/bt_candidate_evaluations_v1_supported_by_with_sim.csv,v1_supported_by,v1_supported_by,v1_supported_by::state_004_t4::place_block2_on_block6,-22.209564999999998,2.9,-18.309565,0.2548076923076923,0.04186968785825019,0.0,,0.061428960426101006,0.0,0.0,0.0,0.0,0.0,0.061428960426101006,-22.209564999999998,-3.9,-6
place_block2_on_block6,state_004_t4,4,redundant_bt,redundant_bt,experiments/bt_selection_benchmark/bt_candidates/place_block2_on_block6/redundant_bt.json,place block_2 on block_6,"supported_by(block_2, block_6)",block_2,block_6,1,1,1.0,1,1,0,0,8,3,1.0,0.002486,0.541143,1,1,163.892854,good,success,0,fallback_symbolic_effects,done,experiments/bt_selection_benchmark/results/bt_candidate_evaluations_v1_supported_by_with_sim.csv,v1_supported_by,v1_supported_by,v1_supported_by::state_004_t4::place_block2_on_block6,152.369425,79.39999999999999,87.269425,0.9903846153846154,1.0,0.0,,0.4480769230769231,0.0,0.0,0.0,0.0,0.0,0.4480769230769231,152.369425,65.1,-8
place_block2_on_block6,state_004_t4,4,unsafe_or_invalid_bt,unsafe_or_invalid_bt,experiments/bt_selection_benchmark/bt_candidates/place_block2_on_block6/unsafe_or_invalid_bt.json,place block_2 on block_6,"supported_by(block_2, block_6)",block_2,block_6,0,0,0.0,1,1,0,2,4,3,0.0,1.0,0.0,0,1,-33.0,bad,success,0,fallback_symbolic_effects,skipped,experiments/bt_selection_benchmark/results/bt_candidate_evaluations_v1_supported_by_with_sim.csv,v1_supported_by,v1_supported_by,v1_supported_by::state_004_t4::place_block2_on_block6,-22.9,-23.599999999999998,-20.0,0.0,0.02652897457613469,0.05,shortest_tree:0.05,0.03413224364403367,0.0,0.0,0.0,0.0,1.0,0.03413224364403367,-22.9,-2.9,-4
stack_block3_on_block1,state_004_t4,4,correct_bt,correct_bt,experiments/bt_selection_benchmark/bt_candidates/stack_block3_on_block1/correct_bt.json,stack block_3 on block_1,"supported_by(block_3, block_1)",block_3,block_1,1,0,1.0,1,1,0,0,6,3,1.0,0.085926,0.614936,0,1,63.910868,medium,success,0,fallback_symbolic_effects,done,experiments/bt_selection_benchmark/results/bt_candidate_evaluations_v1_supported_by_with_sim.csv,v1_supported_by,v1_supported_by,v1_supported_by::state_004_t4::stack_block3_on_block1,52.166059999999995,80.39999999999999,-13.93394,1.0,1.0,0.0,,0.45,0.0,0.0,0.0,0.0,0.0,0.45,52.166059999999995,66.1,-6
stack_block3_on_block1,state_004_t4,4,missing_precondition_bt,missing_precondition_bt,experiments/bt_selection_benchmark/bt_candidates/stack_block3_on_block1/missing_precondition_bt.json,stack block_3 on block_1,"supported_by(block_3, block_1)",block_3,block_1,1,0,1.0,1,1,0,0,5,3,0.5,0.08016,0.658116,0,1,54.382168,bad,success,0,fallback_symbolic_effects,done,experiments/bt_selection_benchmark/results/bt_candidate_evaluations_v1_supported_by_with_sim.csv,v1_supported_by,v1_supported_by,v1_supported_by::state_004_t4::stack_block3_on_block1,52.50782,73.39999999999999,-14.092179999999999,0.9326923076923077,0.9739138749039741,0.8999999999999999,feature_only:0.30;symbolic_only:0.10;transformer_fused:0.35;transformer_only:0.15,0.9250169302644551,1.0,1.0,1.0,1.0,0.0,0.9250169302644551,52.50782,66.6,-5
stack_block3_on_block1,state_004_t4,4,wrong_object_bt,wrong_object_bt,experiments/bt_selection_benchmark/bt_candidates/stack_block3_on_block1/wrong_object_bt.json,stack block_3 on block_1,"supported_by(block_3, block_1)",block_3,block_1,0,0,0.0,1,1,0,0,6,3,0.0,0.53195,0.746454,0,1,-30.812408,bad,success,0,fallback_symbolic_effects,done,experiments/bt_selection_benchmark/results/bt_candidate_evaluations_v1_supported_by_with_sim.csv,v1_supported_by,v1_supported_by,v1_supported_by::state_004_t4::stack_block3_on_block1,-22.95177,-4.6,-19.05177,0.1826923076923077,0.15631728007965612,0.0,,0.07561778155837556,0.0,0.0,0.0,0.0,0.0,0.07561778155837556,-22.95177,-3.9,-6
stack_block3_on_block1,state_004_t4,4,wrong_support_bt,wrong_support_bt,experiments/bt_selection_benchmark/bt_candidates/stack_block3_on_block1/wrong_support_bt.json,stack block_3 on block_1,"supported_by(block_3, block_1)",block_3,block_1,0,0,0.0,1,1,0,0,6,3,0.5,0.389675,0.738649,0,1,-19.374048,bad,success,0,fallback_symbolic_effects,done,experiments/bt_selection_benchmark/results/bt_candidate_evaluations_v1_supported_by_with_sim.csv,v1_supported_by,v1_supported_by,v1_supported_by::state_004_t4::stack_block3_on_block1,-21.489995,2.9,-17.589995000000002,0.2548076923076923,0.397293300758647,0.0,,0.1502848636512002,0.0,0.0,0.0,0.0,0.0,0.1502848636512002,-21.489995,-3.9,-6
stack_block3_on_block1,state_004_t4,4,redundant_bt,redundant_bt,experiments/bt_selection_benchmark/bt_candidates/stack_block3_on_block1/redundant_bt.json,stack block_3 on block_1,"supported_by(block_3, block_1)",block_3,block_1,1,0,1.0,1,1,0,0,8,3,1.0,0.078414,0.672511,0,1,62.870838,medium,success,0,fallback_symbolic_effects,done,experiments/bt_selection_benchmark/results/bt_candidate_evaluations_v1_supported_by_with_sim.csv,v1_supported_by,v1_supported_by,v1_supported_by::state_004_t4::stack_block3_on_block1,50.95330500000001,79.39999999999999,-14.146695000000001,0.9903846153846154,0.9649269872042147,0.0,,0.4393086698779768,0.0,0.0,0.0,0.0,0.0,0.4393086698779768,50.95330500000001,65.1,-8
stack_block3_on_block1,state_004_t4,4,unsafe_or_invalid_bt,unsafe_or_invalid_bt,experiments/bt_selection_benchmark/bt_candidates/stack_block3_on_block1/unsafe_or_invalid_bt.json,stack block_3 on block_1,"supported_by(block_3, block_1)",block_3,block_1,0,0,0.0,1,1,0,2,4,3,0.0,1.0,0.0,0,1,-33.0,bad,success,0,fallback_symbolic_effects,skipped,experiments/bt_selection_benchmark/results/bt_candidate_evaluations_v1_supported_by_with_sim.csv,v1_supported_by,v1_supported_by,v1_supported_by::state_004_t4::stack_block3_on_block1,-22.9,-23.599999999999998,-20.0,0.0,0.0,0.05,shortest_tree:0.05,0.027500000000000004,0.0,0.0,0.0,0.0,1.0,0.027500000000000004,-22.9,-2.9,-4
place_block3_on_block5,state_000_t0,0,correct_bt,correct_bt,experiments/bt_selection_benchmark/bt_candidates/place_block3_on_block5/correct_bt.json,place block_3 on block_5,"supported_by(block_3, block_5)",block_3,block_5,1,1,1.0,1,1,0,0,6,3,1.0,0.001111,0.197463,1,1,165.593964,good,success,0,fallback_symbolic_effects,done,experiments/bt_selection_benchmark/results/bt_candidate_evaluations_v2_stacking_probe_with_sim.csv,v2_stacking_probe,v2_stacking_probe,v2_stacking_probe::state_000_t0::place_block3_on_block5,155.101575,80.39999999999999,89.001575,1.0,1.0,0.0,,0.45,0.0,0.0,0.0,0.0,0.0,0.45,155.101575,66.1,-6
place_block3_on_block5,state_000_t0,0,missing_precondition_bt,missing_precondition_bt,experiments/bt_selection_benchmark/bt_candidates/place_block3_on_block5/missing_precondition_bt.json,place block_3 on block_5,"supported_by(block_3, block_5)",block_3,block_5,1,1,1.0,1,1,0,0,5,3,0.5,0.002416,0.211834,1,1,156.052172,good,success,0,fallback_symbolic_effects,done,experiments/bt_selection_benchmark/results/bt_candidate_evaluations_v2_stacking_probe_with_sim.csv,v2_stacking_probe,v2_stacking_probe,v2_stacking_probe::state_000_t0::place_block3_on_block5,155.51667,73.39999999999999,88.91667000000001,0.9326923076923077,0.9992210663011063,0.8999999999999999,feature_only:0.30;symbolic_only:0.10;transformer_fused:0.35;transformer_only:0.15,0.9313437281137381,1.0,1.0,1.0,1.0,0.0,0.9313437281137381,155.51667,66.6,-5
place_block3_on_block5,state_000_t0,0,wrong_object_bt,wrong_object_bt,experiments/bt_selection_benchmark/bt_candidates/place_block3_on_block5/wrong_object_bt.json,place block_3 on block_5,"supported_by(block_3, block_5)",block_3,block_5,0,0,0.0,1,1,0,0,6,3,0.0,0.561535,0.464595,0,1,-30.54454,bad,success,0,fallback_symbolic_effects,done,experiments/bt_selection_benchmark/results/bt_candidate_evaluations_v2_stacking_probe_with_sim.csv,v2_stacking_probe,v2_stacking_probe,v2_stacking_probe::state_000_t0::place_block3_on_block5,-21.838324999999998,-4.6,-17.938325,0.1826923076923077,0.01891417624011397,0.0,,0.04126700559849003,0.0,0.0,0.0,0.0,0.0,0.04126700559849003,-21.838324999999998,-3.9,-6
place_block3_on_block5,state_000_t0,0,wrong_support_bt,wrong_support_bt,experiments/bt_selection_benchmark/bt_candidates/place_block3_on_block5/wrong_support_bt.json,place block_3 on block_5,"supported_by(block_3, block_5)",block_3,block_5,0,0,0.0,1,1,0,0,6,3,0.5,0.463525,0.483453,0,1,-19.602156,bad,success,0,fallback_symbolic_effects,done,experiments/bt_selection_benchmark/results/bt_candidate_evaluations_v2_stacking_probe_with_sim.csv,v2_stacking_probe,v2_stacking_probe,v2_stacking_probe::state_000_t0::place_block3_on_block5,-20.952515,2.9,-17.052515,0.2548076923076923,0.027040756062469744,0.0,,0.0577217274771559,0.0,0.0,0.0,0.0,0.0,0.0577217274771559,-20.952515,-3.9,-6
place_block3_on_block5,state_000_t0,0,redundant_bt,redundant_bt,experiments/bt_selection_benchmark/bt_candidates/place_block3_on_block5/redundant_bt.json,place block_3 on block_5,"supported_by(block_3, block_5)",block_3,block_5,1,1,1.0,1,1,0,0,8,3,1.0,0.001084,0.423584,1,1,164.141992,good,success,0,fallback_symbolic_effects,done,experiments/bt_selection_benchmark/results/bt_candidate_evaluations_v2_stacking_probe_with_sim.csv,v2_stacking_probe,v2_stacking_probe,v2_stacking_probe::state_000_t0::place_block3_on_block5,152.97124,79.39999999999999,87.87124,0.9903846153846154,0.9896301039686811,0.0,,0.44548444906909335,0.0,0.0,0.0,0.0,0.0,0.44548444906909335,152.97124,65.1,-8
place_block3_on_block5,state_000_t0,0,unsafe_or_invalid_bt,unsafe_or_invalid_bt,experiments/bt_selection_benchmark/bt_candidates/place_block3_on_block5/unsafe_or_invalid_bt.json,place block_3 on block_5,"supported_by(block_3, block_5)",block_3,block_5,0,0,0.0,1,1,0,2,4,3,0.0,1.0,0.0,0,1,-33.0,bad,success,0,fallback_symbolic_effects,skipped,experiments/bt_selection_benchmark/results/bt_candidate_evaluations_v2_stacking_probe_with_sim.csv,v2_stacking_probe,v2_stacking_probe,v2_stacking_probe::state_000_t0::place_block3_on_block5,-22.9,-23.599999999999998,-20.0,0.0,0.0,0.05,shortest_tree:0.05,0.027500000000000004,0.0,0.0,0.0,0.0,1.0,0.027500000000000004,-22.9,-2.9,-4
place_block1_on_block5,state_000_t0,0,correct_bt,correct_bt,experiments/bt_selection_benchmark/bt_candidates/place_block1_on_block5/correct_bt.json,place block_1 on block_5,"supported_by(block_1, block_5)",block_1,block_5,1,1,1.0,1,1,0,0,6,3,1.0,0.012322,0.520414,1,1,164.835952,good,success,0,fallback_symbolic_effects,done,experiments/bt_selection_benchmark/results/bt_candidate_evaluations_v2_stacking_probe_with_sim.csv,v2_stacking_probe,v2_stacking_probe,v2_stacking_probe::state_000_t0::place_block1_on_block5,153.37471,80.39999999999999,87.27471,1.0,0.9936945728938191,0.0,,0.4484236432234548,0.0,0.0,0.0,0.0,0.0,0.4484236432234548,153.37471,66.1,-6
place_block1_on_block5,state_000_t0,0,missing_precondition_bt,missing_precondition_bt,experiments/bt_selection_benchmark/bt_candidates/place_block1_on_block5/missing_precondition_bt.json,place block_1 on block_5,"supported_by(block_1, block_5)",block_1,block_5,1,1,1.0,1,1,0,0,5,3,0.5,0.000988,0.498276,1,1,155.493568,good,success,0,fallback_symbolic_effects,done,experiments/bt_selection_benchmark/results/bt_candidate_evaluations_v2_stacking_probe_with_sim.csv,v2_stacking_probe,v2_stacking_probe,v2_stacking_probe::state_000_t0::place_block1_on_block5,154.09874,73.39999999999999,87.49874,0.9326923076923077,0.9957697814417182,0.8999999999999999,feature_only:0.30;symbolic_only:0.10;transformer_fused:0.35;transformer_only:0.15,0.9304809068988911,1.0,1.0,1.0,1.0,0.0,0.9304809068988911,154.09874,66.6,-5
place_block1_on_block5,state_000_t0,0,wrong_object_bt,wrong_object_bt,experiments/bt_selection_benchmark/bt_candidates/place_block1_on_block5/wrong_object_bt.json,place block_1 on block_5,"supported_by(block_1, block_5)",block_1,block_5,0,0,0.0,1,1,0,0,6,3,0.0,0.617422,0.500604,0,1,-31.175428,bad,success,0,fallback_symbolic_effects,done,experiments/bt_selection_benchmark/results/bt_candidate_evaluations_v2_stacking_probe_with_sim.csv,v2_stacking_probe,v2_stacking_probe,v2_stacking_probe::state_000_t0::place_block1_on_block5,-22.57724,-4.6,-18.67724,0.1826923076923077,0.012252836043472194,0.0,,0.03960167054932959,0.0,0.0,0.0,0.0,0.0,0.03960167054932959,-22.57724,-3.9,-6
place_block1_on_block5,state_000_t0,0,wrong_support_bt,wrong_support_bt,experiments/bt_selection_benchmark/bt_candidates/place_block1_on_block5/wrong_support_bt.json,place block_1 on block_5,"supported_by(block_1, block_5)",block_1,block_5,0,0,0.0,1,1,0,0,6,3,0.5,0.456636,0.502378,0,1,-19.571116,bad,success,0,fallback_symbolic_effects,done,experiments/bt_selection_benchmark/results/bt_candidate_evaluations_v2_stacking_probe_with_sim.csv,v2_stacking_probe,v2_stacking_probe,v2_stacking_probe::state_000_t0::place_block1_on_block5,-20.97825,2.9,-17.07825,0.2548076923076923,0.027064413582218172,0.0,,0.057727641857093004,0.0,0.0,0.0,0.0,0.0,0.057727641857093004,-20.97825,-3.9,-6
place_block1_on_block5,state_000_t0,0,redundant_bt,redundant_bt,experiments/bt_selection_benchmark/bt_candidates/place_block1_on_block5/redundant_bt.json,place block_1 on block_5,"supported_by(block_1, block_5)",block_1,block_5,1,1,1.0,1,1,0,0,8,3,1.0,0.01027,0.388377,1,1,164.120546,good,success,0,fallback_symbolic_effects,done,experiments/bt_selection_benchmark/results/bt_candidate_evaluations_v2_stacking_probe_with_sim.csv,v2_stacking_probe,v2_stacking_probe,v2_stacking_probe::state_000_t0::place_block1_on_block5,153.05541499999998,79.39999999999999,87.955415,0.9903846153846154,1.0,0.0,,0.4480769230769231,0.0,0.0,0.0,0.0,0.0,0.4480769230769231,153.05541499999998,65.1,-8
place_block1_on_block5,state_000_t0,0,unsafe_or_invalid_bt,unsafe_or_invalid_bt,experiments/bt_selection_benchmark/bt_candidates/place_block1_on_block5/unsafe_or_invalid_bt.json,place block_1 on block_5,"supported_by(block_1, block_5)",block_1,block_5,0,0,0.0,1,1,0,2,4,3,0.0,1.0,0.0,0,1,-33.0,bad,success,0,fallback_symbolic_effects,skipped,experiments/bt_selection_benchmark/results/bt_candidate_evaluations_v2_stacking_probe_with_sim.csv,v2_stacking_probe,v2_stacking_probe,v2_stacking_probe::state_000_t0::place_block1_on_block5,-22.9,-23.599999999999998,-20.0,0.0,0.0,0.05,shortest_tree:0.05,0.027500000000000004,0.0,0.0,0.0,0.0,1.0,0.027500000000000004,-22.9,-2.9,-4
place_block2_on_block6,state_000_t0,0,correct_bt,correct_bt,experiments/bt_selection_benchmark/bt_candidates/place_block2_on_block6/correct_bt.json,place block_2 on block_6,"supported_by(block_2, block_6)",block_2,block_6,1,1,1.0,1,1,0,0,6,3,1.0,0.002544,0.32657,1,1,165.32142,good,success,0,fallback_symbolic_effects,done,experiments/bt_selection_benchmark/results/bt_candidate_evaluations_v2_stacking_probe_with_sim.csv,v2_stacking_probe,v2_stacking_probe,v2_stacking_probe::state_000_t0::place_block2_on_block6,154.44171,80.39999999999999,88.34170999999999,1.0,0.9954576747714375,0.0,,0.4488644186928594,0.0,0.0,0.0,0.0,0.0,0.4488644186928594,154.44171,66.1,-6
place_block2_on_block6,state_000_t0,0,missing_precondition_bt,missing_precondition_bt,experiments/bt_selection_benchmark/bt_candidates/place_block2_on_block6/missing_precondition_bt.json,place block_2 on block_6,"supported_by(block_2, block_6)",block_2,block_6,1,1,1.0,1,1,0,0,5,3,0.5,0.004556,0.296972,1,1,155.860496,good,success,0,fallback_symbolic_effects,done,experiments/bt_selection_benchmark/results/bt_candidate_evaluations_v2_stacking_probe_with_sim.csv,v2_stacking_probe,v2_stacking_probe,v2_stacking_probe::state_000_t0::place_block2_on_block6,155.06958,73.39999999999999,88.46958000000001,0.9326923076923077,0.9965965849883585,0.8999999999999999,feature_only:0.30;symbolic_only:0.10;transformer_fused:0.35;transformer_only:0.15,0.9306876077855512,1.0,1.0,1.0,1.0,0.0,0.9306876077855512,155.06958,66.6,-5
place_block2_on_block6,state_000_t0,0,wrong_object_bt,wrong_object_bt,experiments/bt_selection_benchmark/bt_candidates/place_block2_on_block6/wrong_object_bt.json,place block_2 on block_6,"supported_by(block_2, block_6)",block_2,block_6,0,0,0.0,1,1,0,0,6,3,0.0,0.900955,0.88255,0,1,-34.77465,bad,success,0,fallback_symbolic_effects,done,experiments/bt_selection_benchmark/results/bt_candidate_evaluations_v2_stacking_probe_with_sim.csv,v2_stacking_probe,v2_stacking_probe,v2_stacking_probe::state_000_t0::place_block2_on_block6,-27.3223,-4.6,-23.4223,0.1826923076923077,0.0,0.0,,0.03653846153846154,0.0,0.0,0.0,0.0,0.0,0.03653846153846154,-27.3223,-3.9,-6
place_block2_on_block6,state_000_t0,0,wrong_support_bt,wrong_support_bt,experiments/bt_selection_benchmark/bt_candidates/place_block2_on_block6/wrong_support_bt.json,place block_2 on block_6,"supported_by(block_2, block_6)",block_2,block_6,0,0,0.0,1,1,0,0,6,3,0.5,0.454189,0.433326,0,1,-19.408542,bad,success,0,fallback_symbolic_effects,done,experiments/bt_selection_benchmark/results/bt_candidate_evaluations_v2_stacking_probe_with_sim.csv,v2_stacking_probe,v2_stacking_probe,v2_stacking_probe::state_000_t0::place_block2_on_block6,-20.60852,2.9,-16.70852,0.2548076923076923,0.05979817499145729,0.0,,0.06591108220940278,0.0,0.0,0.0,0.0,0.0,0.06591108220940278,-20.60852,-3.9,-6
place_block2_on_block6,state_000_t0,0,redundant_bt,redundant_bt,experiments/bt_selection_benchmark/bt_candidates/place_block2_on_block6/redundant_bt.json,place block_2 on block_6,"supported_by(block_2, block_6)",block_2,block_6,1,1,1.0,1,1,0,0,8,3,1.0,0.005531,0.218599,1,1,164.507492,good,success,0,fallback_symbolic_effects,done,experiments/bt_selection_benchmark/results/bt_candidate_evaluations_v2_stacking_probe_with_sim.csv,v2_stacking_probe,v2_stacking_probe,v2_stacking_probe::state_000_t0::place_block2_on_block6,153.951695,79.39999999999999,88.85169499999999,0.9903846153846154,1.0,0.0,,0.4480769230769231,0.0,0.0,0.0,0.0,0.0,0.4480769230769231,153.951695,65.1,-8
place_block2_on_block6,state_000_t0,0,unsafe_or_invalid_bt,unsafe_or_invalid_bt,experiments/bt_selection_benchmark/bt_candidates/place_block2_on_block6/unsafe_or_invalid_bt.json,place block_2 on block_6,"supported_by(block_2, block_6)",block_2,block_6,0,0,0.0,1,1,0,2,4,3,0.0,1.0,0.0,0,1,-33.0,bad,success,0,fallback_symbolic_effects,skipped,experiments/bt_selection_benchmark/results/bt_candidate_evaluations_v2_stacking_probe_with_sim.csv,v2_stacking_probe,v2_stacking_probe,v2_stacking_probe::state_000_t0::place_block2_on_block6,-22.9,-23.599999999999998,-20.0,0.0,0.030481680107668746,0.05,shortest_tree:0.05,0.03512042002691719,0.0,0.0,0.0,0.0,1.0,0.03512042002691719,-22.9,-2.9,-4
stack_block3_on_block1,state_000_t0,0,correct_bt,correct_bt,experiments/bt_selection_benchmark/bt_candidates/stack_block3_on_block1/correct_bt.json,stack block_3 on block_1,"supported_by(block_3, block_1)",block_3,block_1,1,0,1.0,1,1,0,0,6,3,1.0,0.005613,0.491167,0,1,64.961536,medium,success,0,fallback_symbolic_effects,done,experiments/bt_selection_benchmark/results/bt_candidate_evaluations_v2_stacking_probe_with_sim.csv,v2_stacking_probe,v2_stacking_probe,v2_stacking_probe::state_000_t0::stack_block3_on_block1,53.58803500000001,80.39999999999999,-12.511965,1.0,1.0,0.0,,0.45,0.0,0.0,0.0,0.0,0.0,0.45,53.58803500000001,66.1,-6
stack_block3_on_block1,state_000_t0,0,missing_precondition_bt,missing_precondition_bt,experiments/bt_selection_benchmark/bt_candidates/stack_block3_on_block1/missing_precondition_bt.json,stack block_3 on block_1,"supported_by(block_3, block_1)",block_3,block_1,1,0,1.0,1,1,0,0,5,3,0.5,0.080106,0.516321,0,1,54.666298,bad,success,0,fallback_symbolic_effects,done,experiments/bt_selection_benchmark/results/bt_candidate_evaluations_v2_stacking_probe_with_sim.csv,v2_stacking_probe,v2_stacking_probe,v2_stacking_probe::state_000_t0::stack_block3_on_block1,53.217335,73.39999999999999,-13.382665,0.9326923076923077,0.8837211631622983,0.8999999999999999,feature_only:0.30;symbolic_only:0.10;transformer_fused:0.35;transformer_only:0.15,0.9024687523290361,1.0,1.0,1.0,1.0,0.0,0.9024687523290361,53.217335,66.6,-5
stack_block3_on_block1,state_000_t0,0,wrong_object_bt,wrong_object_bt,experiments/bt_selection_benchmark/bt_candidates/stack_block3_on_block1/wrong_object_bt.json,stack block_3 on block_1,"supported_by(block_3, block_1)",block_3,block_1,0,0,0.0,1,1,0,0,6,3,0.0,0.3133,0.440533,0,1,-28.014066,bad,success,0,fallback_symbolic_effects,done,experiments/bt_selection_benchmark/results/bt_candidate_evaluations_v2_stacking_probe_with_sim.csv,v2_stacking_probe,v2_stacking_probe,v2_stacking_probe::state_000_t0::stack_block3_on_block1,-19.235664999999997,-4.6,-15.335665,0.1826923076923077,0.6229050745622849,0.0,,0.19226473017903278,0.0,0.0,0.0,0.0,0.0,0.19226473017903278,-19.235664999999997,-3.9,-6
stack_block3_on_block1,state_000_t0,0,wrong_support_bt,wrong_support_bt,experiments/bt_selection_benchmark/bt_candidates/stack_block3_on_block1/wrong_support_bt.json,stack block_3 on block_1,"supported_by(block_3, block_1)",block_3,block_1,0,0,0.0,1,1,0,0,6,3,0.5,0.797558,0.253198,0,1,-22.481976,bad,success,0,fallback_symbolic_effects,done,experiments/bt_selection_benchmark/results/bt_candidate_evaluations_v2_stacking_probe_with_sim.csv,v2_stacking_probe,v2_stacking_probe,v2_stacking_probe::state_000_t0::stack_block3_on_block1,-23.141569999999998,2.9,-19.24157,0.2548076923076923,0.1012855842687702,0.0,,0.07628293452873101,0.0,0.0,0.0,0.0,0.0,0.07628293452873101,-23.141569999999998,-3.9,-6
stack_block3_on_block1,state_000_t0,0,redundant_bt,redundant_bt,experiments/bt_selection_benchmark/bt_candidates/stack_block3_on_block1/redundant_bt.json,stack block_3 on block_1,"supported_by(block_3, block_1)",block_3,block_1,1,0,1.0,1,1,0,0,8,3,1.0,0.078112,0.387515,0,1,63.44385,medium,success,0,fallback_symbolic_effects,done,experiments/bt_selection_benchmark/results/bt_candidate_evaluations_v2_stacking_probe_with_sim.csv,v2_stacking_probe,v2_stacking_probe,v2_stacking_probe::state_000_t0::stack_block3_on_block1,52.381305000000005,79.39999999999999,-12.718695,0.9903846153846154,0.9723919559670862,0.0,,0.44117491206869464,0.0,0.0,0.0,0.0,0.0,0.44117491206869464,52.381305000000005,65.1,-8
stack_block3_on_block1,state_000_t0,0,unsafe_or_invalid_bt,unsafe_or_invalid_bt,experiments/bt_selection_benchmark/bt_candidates/stack_block3_on_block1/unsafe_or_invalid_bt.json,stack block_3 on block_1,"supported_by(block_3, block_1)",block_3,block_1,0,0,0.0,1,1,0,2,4,3,0.0,1.0,0.0,0,1,-33.0,bad,success,0,fallback_symbolic_effects,skipped,experiments/bt_selection_benchmark/results/bt_candidate_evaluations_v2_stacking_probe_with_sim.csv,v2_stacking_probe,v2_stacking_probe,v2_stacking_probe::state_000_t0::stack_block3_on_block1,-22.9,-23.599999999999998,-20.0,0.0,0.0,0.05,shortest_tree:0.05,0.027500000000000004,0.0,0.0,0.0,0.0,1.0,0.027500000000000004,-22.9,-2.9,-4
stack_block1_on_block3,state_000_t0,0,correct_bt,correct_bt,experiments/bt_selection_benchmark/bt_candidates/stack_block1_on_block3/correct_bt.json,stack block_1 on block_3,"supported_by(block_1, block_3)",block_1,block_3,1,0,1.0,1,1,0,0,6,3,1.0,0.082502,0.440581,0,1,64.293818,medium,success,0,fallback_symbolic_effects,done,experiments/bt_selection_benchmark/results/bt_candidate_evaluations_v2_stacking_probe_with_sim.csv,v2_stacking_probe,v2_stacking_probe,v2_stacking_probe::state_000_t0::stack_block1_on_block3,53.072075000000005,80.39999999999999,-13.027925,1.0,0.9336154822596654,0.35,transformer_fused:0.35,0.6259038705649164,0.0,1.0,0.0,0.0,0.0,0.6259038705649164,53.072075000000005,66.1,-6
stack_block1_on_block3,state_000_t0,0,missing_precondition_bt,missing_precondition_bt,experiments/bt_selection_benchmark/bt_candidates/stack_block1_on_block3/missing_precondition_bt.json,stack block_1 on block_3,"supported_by(block_1, block_3)",block_1,block_3,1,0,1.0,1,1,0,0,5,3,0.5,0.075796,0.498458,0,1,54.745124,bad,success,0,fallback_symbolic_effects,done,experiments/bt_selection_benchmark/results/bt_candidate_evaluations_v2_stacking_probe_with_sim.csv,v2_stacking_probe,v2_stacking_probe,v2_stacking_probe::state_000_t0::stack_block1_on_block3,53.34975000000001,73.39999999999999,-13.250250000000001,0.9326923076923077,0.9074239331795945,0.5499999999999999,feature_only:0.30;symbolic_only:0.10;transformer_only:0.15,0.7158944448333602,1.0,0.0,1.0,1.0,0.0,0.7158944448333602,53.34975000000001,66.6,-5
stack_block1_on_block3,state_000_t0,0,wrong_object_bt,wrong_object_bt,experiments/bt_selection_benchmark/bt_candidates/stack_block1_on_block3/wrong_object_bt.json,stack block_1 on block_3,"supported_by(block_1, block_3)",block_1,block_3,0,0,0.0,1,1,0,0,6,3,0.0,0.160662,0.474323,0,1,-26.555266,bad,success,0,fallback_symbolic_effects,done,experiments/bt_selection_benchmark/results/bt_candidate_evaluations_v2_stacking_probe_with_sim.csv,v2_stacking_probe,v2_stacking_probe,v2_stacking_probe::state_000_t0::stack_block1_on_block3,-17.878234999999997,-4.6,-13.978235,0.1826923076923077,0.8216618512857214,0.0,,0.2419539243598919,0.0,0.0,0.0,0.0,0.0,0.2419539243598919,-17.878234999999997,-3.9,-6
stack_block1_on_block3,state_000_t0,0,wrong_support_bt,wrong_support_bt,experiments/bt_selection_benchmark/bt_candidates/stack_block1_on_block3/wrong_support_bt.json,stack block_1 on block_3,"supported_by(block_1, block_3)",block_1,block_3,0,0,0.0,1,1,0,0,6,3,0.5,0.896296,0.397978,0,1,-23.758916,bad,success,0,fallback_symbolic_effects,done,experiments/bt_selection_benchmark/results/bt_candidate_evaluations_v2_stacking_probe_with_sim.csv,v2_stacking_probe,v2_stacking_probe,v2_stacking_probe::state_000_t0::stack_block1_on_block3,-24.852849999999997,2.9,-20.952849999999998,0.2548076923076923,0.0,0.0,,0.05096153846153846,0.0,0.0,0.0,0.0,0.0,0.05096153846153846,-24.852849999999997,-3.9,-6
stack_block1_on_block3,state_000_t0,0,redundant_bt,redundant_bt,experiments/bt_selection_benchmark/bt_candidates/stack_block1_on_block3/redundant_bt.json,stack block_1 on block_3,"supported_by(block_1, block_3)",block_1,block_3,1,0,1.0,1,1,0,0,8,3,1.0,0.072191,0.348503,0,1,63.581084,medium,success,0,fallback_symbolic_effects,done,experiments/bt_selection_benchmark/results/bt_candidate_evaluations_v2_stacking_probe_with_sim.csv,v2_stacking_probe,v2_stacking_probe,v2_stacking_probe::state_000_t0::stack_block1_on_block3,52.63557500000001,79.39999999999999,-12.464425,0.9903846153846154,1.0,0.0,,0.4480769230769231,0.0,0.0,0.0,0.0,0.0,0.4480769230769231,52.63557500000001,65.1,-8
stack_block1_on_block3,state_000_t0,0,unsafe_or_invalid_bt,unsafe_or_invalid_bt,experiments/bt_selection_benchmark/bt_candidates/stack_block1_on_block3/unsafe_or_invalid_bt.json,stack block_1 on block_3,"supported_by(block_1, block_3)",block_1,block_3,0,0,0.0,1,1,0,2,4,3,0.0,1.0,0.0,0,1,-33.0,bad,success,0,fallback_symbolic_effects,skipped,experiments/bt_selection_benchmark/results/bt_candidate_evaluations_v2_stacking_probe_with_sim.csv,v2_stacking_probe,v2_stacking_probe,v2_stacking_probe::state_000_t0::stack_block1_on_block3,-22.9,-23.599999999999998,-20.0,0.0,0.11225286198558605,0.05,shortest_tree:0.05,0.05556321549639652,0.0,0.0,0.0,0.0,1.0,0.05556321549639652,-22.9,-2.9,-4
stack_block2_on_block1,state_000_t0,0,correct_bt,correct_bt,experiments/bt_selection_benchmark/bt_candidates/stack_block2_on_block1/correct_bt.json,stack block_2 on block_1,"supported_by(block_2, block_1)",block_2,block_1,1,0,1.0,1,1,0,0,6,3,1.0,0.091207,0.23403,0,1,64.61987,medium,success,0,fallback_symbolic_effects,done,experiments/bt_selection_benchmark/results/bt_candidate_evaluations_v2_stacking_probe_with_sim.csv,v2_stacking_probe,v2_stacking_probe,v2_stacking_probe::state_000_t0::stack_block2_on_block1,54.017779999999995,80.39999999999999,-12.08222,1.0,0.9807504720875342,0.0,,0.44518761802188356,0.0,0.0,0.0,0.0,0.0,0.44518761802188356,54.017779999999995,66.1,-6
stack_block2_on_block1,state_000_t0,0,missing_precondition_bt,missing_precondition_bt,experiments/bt_selection_benchmark/bt_candidates/stack_block2_on_block1/missing_precondition_bt.json,stack block_2 on block_1,"supported_by(block_2, block_1)",block_2,block_1,1,0,1.0,1,1,0,0,5,3,0.5,0.089746,0.205871,0,1,55.190798,bad,success,0,fallback_symbolic_effects,done,experiments/bt_selection_benchmark/results/bt_candidate_evaluations_v2_stacking_probe_with_sim.csv,v2_stacking_probe,v2_stacking_probe,v2_stacking_probe::state_000_t0::stack_block2_on_block1,54.67318500000001,73.39999999999999,-11.926815,0.9326923076923077,1.0,0.8999999999999999,feature_only:0.30;symbolic_only:0.10;transformer_fused:0.35;transformer_only:0.15,0.9315384615384615,1.0,1.0,1.0,1.0,0.0,0.9315384615384615,54.67318500000001,66.6,-5
stack_block2_on_block1,state_000_t0,0,wrong_object_bt,wrong_object_bt,experiments/bt_selection_benchmark/bt_candidates/stack_block2_on_block1/wrong_object_bt.json,stack block_2 on block_1,"supported_by(block_2, block_1)",block_2,block_1,0,0,0.0,1,1,0,0,6,3,0.0,0.138172,0.409706,0,1,-26.201132,bad,success,0,fallback_symbolic_effects,done,experiments/bt_selection_benchmark/results/bt_candidate_evaluations_v2_stacking_probe_with_sim.csv,v2_stacking_probe,v2_stacking_probe,v2_stacking_probe::state_000_t0::stack_block2_on_block1,-17.33025,-4.6,-13.430250000000001,0.1826923076923077,0.8137742415168238,0.0,,0.2399820219176675,0.0,0.0,0.0,0.0,0.0,0.2399820219176675,-17.33025,-3.9,-6
stack_block2_on_block1,state_000_t0,0,wrong_support_bt,wrong_support_bt,experiments/bt_selection_benchmark/bt_candidates/stack_block2_on_block1/wrong_support_bt.json,stack block_2 on block_1,"supported_by(block_2, block_1)",block_2,block_1,0,0,0.0,1,1,0,0,6,3,0.5,0.801478,0.271492,0,1,-22.557764,bad,success,0,fallback_symbolic_effects,done,experiments/bt_selection_benchmark/results/bt_candidate_evaluations_v2_stacking_probe_with_sim.csv,v2_stacking_probe,v2_stacking_probe,v2_stacking_probe::state_000_t0::stack_block2_on_block1,-23.272239999999996,2.9,-19.372239999999998,0.2548076923076923,0.07775865411234872,0.0,,0.07040120198962564,0.0,0.0,0.0,0.0,0.0,0.07040120198962564,-23.272239999999996,-3.9,-6
stack_block2_on_block1,state_000_t0,0,redundant_bt,redundant_bt,experiments/bt_selection_benchmark/bt_candidates/stack_block2_on_block1/redundant_bt.json,stack block_2 on block_1,"supported_by(block_2, block_1)",block_2,block_1,1,0,1.0,1,1,0,0,8,3,1.0,0.086807,0.245389,0,1,63.641152,medium,success,0,fallback_symbolic_effects,done,experiments/bt_selection_benchmark/results/bt_candidate_evaluations_v2_stacking_probe_with_sim.csv,v2_stacking_probe,v2_stacking_probe,v2_stacking_probe::state_000_t0::stack_block2_on_block1,53.004985,79.39999999999999,-12.095015,0.9903846153846154,0.9791655957345211,0.0,,0.4428683220105534,0.0,0.0,0.0,0.0,0.0,0.4428683220105534,53.004985,65.1,-8
stack_block2_on_block1,state_000_t0,0,unsafe_or_invalid_bt,unsafe_or_invalid_bt,experiments/bt_selection_benchmark/bt_candidates/stack_block2_on_block1/unsafe_or_invalid_bt.json,stack block_2 on block_1,"supported_by(block_2, block_1)",block_2,block_1,0,0,0.0,1,1,0,2,4,3,0.0,1.0,0.0,0,1,-33.0,bad,success,0,fallback_symbolic_effects,skipped,experiments/bt_selection_benchmark/results/bt_candidate_evaluations_v2_stacking_probe_with_sim.csv,v2_stacking_probe,v2_stacking_probe,v2_stacking_probe::state_000_t0::stack_block2_on_block1,-22.9,-23.599999999999998,-20.0,0.0,0.0,0.05,shortest_tree:0.05,0.027500000000000004,0.0,0.0,0.0,0.0,1.0,0.027500000000000004,-22.9,-2.9,-4
stack_block4_on_block1,state_000_t0,0,correct_bt,correct_bt,experiments/bt_selection_benchmark/bt_candidates/stack_block4_on_block1/correct_bt.json,stack block_4 on block_1,"supported_by(block_4, block_1)",block_4,block_1,1,0,1.0,1,1,0,0,6,3,1.0,0.000291,0.250547,0,1,65.495996,medium,success,0,fallback_symbolic_effects,done,experiments/bt_selection_benchmark/results/bt_candidate_evaluations_v2_stacking_probe_with_sim.csv,v2_stacking_probe,v2_stacking_probe,v2_stacking_probe::state_000_t0::stack_block4_on_block1,54.844355,80.39999999999999,-11.255645,1.0,1.0,0.35,transformer_fused:0.35,0.6425000000000001,0.0,1.0,0.0,0.0,0.0,0.6425000000000001,54.844355,66.1,-6
stack_block4_on_block1,state_000_t0,0,missing_precondition_bt,missing_precondition_bt,experiments/bt_selection_benchmark/bt_candidates/stack_block4_on_block1/missing_precondition_bt.json,stack block_4 on block_1,"supported_by(block_4, block_1)",block_4,block_1,1,0,1.0,1,1,0,0,5,3,0.5,0.090586,0.484924,0,1,54.624292,bad,success,0,fallback_symbolic_effects,done,experiments/bt_selection_benchmark/results/bt_candidate_evaluations_v2_stacking_probe_with_sim.csv,v2_stacking_probe,v2_stacking_probe,v2_stacking_probe::state_000_t0::stack_block4_on_block1,53.26951999999999,73.39999999999999,-13.33048,0.9326923076923077,0.762722922388215,0.5499999999999999,feature_only:0.30;symbolic_only:0.10;transformer_only:0.15,0.6797191921355152,1.0,0.0,1.0,1.0,0.0,0.6797191921355152,53.26951999999999,66.6,-5
stack_block4_on_block1,state_000_t0,0,wrong_object_bt,wrong_object_bt,experiments/bt_selection_benchmark/bt_candidates/stack_block4_on_block1/wrong_object_bt.json,stack block_4 on block_1,"supported_by(block_4, block_1)",block_4,block_1,0,0,0.0,1,1,0,0,6,3,0.0,0.284662,0.245058,0,1,-27.336736,bad,success,0,fallback_symbolic_effects,done,experiments/bt_selection_benchmark/results/bt_candidate_evaluations_v2_stacking_probe_with_sim.csv,v2_stacking_probe,v2_stacking_probe,v2_stacking_probe::state_000_t0::stack_block4_on_block1,-17.971909999999998,-4.6,-14.071909999999999,0.1826923076923077,0.677933363867318,0.0,,0.20602180250529104,0.0,0.0,0.0,0.0,0.0,0.20602180250529104,-17.971909999999998,-3.9,-6
stack_block4_on_block1,state_000_t0,0,wrong_support_bt,wrong_support_bt,experiments/bt_selection_benchmark/bt_candidates/stack_block4_on_block1/wrong_support_bt.json,stack block_4 on block_1,"supported_by(block_4, block_1)",block_4,block_1,0,0,0.0,1,1,0,0,6,3,0.5,0.800347,0.299016,0,1,-22.601502,bad,success,0,fallback_symbolic_effects,done,experiments/bt_selection_benchmark/results/bt_candidate_evaluations_v2_stacking_probe_with_sim.csv,v2_stacking_probe,v2_stacking_probe,v2_stacking_probe::state_000_t0::stack_block4_on_block1,-23.39855,2.9,-19.49855,0.2548076923076923,0.057345567511840306,0.0,,0.06529793033949854,0.0,0.0,0.0,0.0,0.0,0.06529793033949854,-23.39855,-3.9,-6
stack_block4_on_block1,state_000_t0,0,redundant_bt,redundant_bt,experiments/bt_selection_benchmark/bt_candidates/stack_block4_on_block1/redundant_bt.json,stack block_4 on block_1,"supported_by(block_4, block_1)",block_4,block_1,1,0,1.0,1,1,0,0,8,3,1.0,0.02015,0.304577,0,1,64.189346,medium,success,0,fallback_symbolic_effects,done,experiments/bt_selection_benchmark/results/bt_candidate_evaluations_v2_stacking_probe_with_sim.csv,v2_stacking_probe,v2_stacking_probe,v2_stacking_probe::state_000_t0::stack_block4_on_block1,53.375615,79.39999999999999,-11.724385,0.9903846153846154,0.9463951314876854,0.0,,0.4346757059488444,0.0,0.0,0.0,0.0,0.0,0.4346757059488444,53.375615,65.1,-8
stack_block4_on_block1,state_000_t0,0,unsafe_or_invalid_bt,unsafe_or_invalid_bt,experiments/bt_selection_benchmark/bt_candidates/stack_block4_on_block1/unsafe_or_invalid_bt.json,stack block_4 on block_1,"supported_by(block_4, block_1)",block_4,block_1,0,0,0.0,1,1,0,2,4,3,0.0,1.0,0.0,0,1,-33.0,bad,success,0,fallback_symbolic_effects,skipped,experiments/bt_selection_benchmark/results/bt_candidate_evaluations_v2_stacking_probe_with_sim.csv,v2_stacking_probe,v2_stacking_probe,v2_stacking_probe::state_000_t0::stack_block4_on_block1,-22.9,-23.599999999999998,-20.0,0.0,0.0,0.05,shortest_tree:0.05,0.027500000000000004,0.0,0.0,0.0,0.0,1.0,0.027500000000000004,-22.9,-2.9,-4
stack_block3_on_block2,state_000_t0,0,correct_bt,correct_bt,experiments/bt_selection_benchmark/bt_candidates/stack_block3_on_block2/correct_bt.json,stack block_3 on block_2,"supported_by(block_3, block_2)",block_3,block_2,1,0,1.0,1,1,0,0,6,3,1.0,0.077675,0.387247,0,1,64.448756,medium,success,0,fallback_symbolic_effects,done,experiments/bt_selection_benchmark/results/bt_candidate_evaluations_v2_stacking_probe_with_sim.csv,v2_stacking_probe,v2_stacking_probe,v2_stacking_probe::state_000_t0::stack_block3_on_block2,53.387015,80.39999999999999,-12.712985,1.0,0.913225041074621,0.0,,0.42830626026865526,0.0,0.0,0.0,0.0,0.0,0.42830626026865526,53.387015,66.1,-6
stack_block3_on_block2,state_000_t0,0,missing_precondition_bt,missing_precondition_bt,experiments/bt_selection_benchmark/bt_candidates/stack_block3_on_block2/missing_precondition_bt.json,stack block_3 on block_2,"supported_by(block_3, block_2)",block_3,block_2,1,0,1.0,1,1,0,0,5,3,0.5,0.082205,0.350817,0,1,54.976316,bad,success,0,fallback_symbolic_effects,done,experiments/bt_selection_benchmark/results/bt_candidate_evaluations_v2_stacking_probe_with_sim.csv,v2_stacking_probe,v2_stacking_probe,v2_stacking_probe::state_000_t0::stack_block3_on_block2,54.023864999999994,73.39999999999999,-12.576135,0.9326923076923077,0.9295950792992881,0.8999999999999999,feature_only:0.30;symbolic_only:0.10;transformer_fused:0.35;transformer_only:0.15,0.9139372313632835,1.0,1.0,1.0,1.0,0.0,0.9139372313632835,54.023864999999994,66.6,-5
stack_block3_on_block2,state_000_t0,0,wrong_object_bt,wrong_object_bt,experiments/bt_selection_benchmark/bt_candidates/stack_block3_on_block2/wrong_object_bt.json,stack block_3 on block_2,"supported_by(block_3, block_2)",block_3,block_2,0,0,0.0,1,1,0,0,6,3,0.0,0.48169,0.266756,0,1,-29.350412,bad,success,0,fallback_symbolic_effects,done,experiments/bt_selection_benchmark/results/bt_candidate_evaluations_v2_stacking_probe_with_sim.csv,v2_stacking_probe,v2_stacking_probe,v2_stacking_probe::state_000_t0::stack_block3_on_block2,-20.05068,-4.6,-16.15068,0.1826923076923077,0.5020069296040506,0.0,,0.1620401939394742,0.0,0.0,0.0,0.0,0.0,0.1620401939394742,-20.05068,-3.9,-6
stack_block3_on_block2,state_000_t0,0,wrong_support_bt,wrong_support_bt,experiments/bt_selection_benchmark/bt_candidates/stack_block3_on_block2/wrong_support_bt.json,stack block_3 on block_2,"supported_by(block_3, block_2)",block_3,block_2,0,0,0.0,1,1,0,0,6,3,0.5,0.831519,0.406432,0,1,-23.128054,bad,success,0,fallback_symbolic_effects,done,experiments/bt_selection_benchmark/results/bt_candidate_evaluations_v2_stacking_probe_with_sim.csv,v2_stacking_probe,v2_stacking_probe,v2_stacking_probe::state_000_t0::stack_block3_on_block2,-24.247349999999997,2.9,-20.34735,0.2548076923076923,0.0,0.0,,0.05096153846153846,0.0,0.0,0.0,0.0,0.0,0.05096153846153846,-24.247349999999997,-3.9,-6
stack_block3_on_block2,state_000_t0,0,redundant_bt,redundant_bt,experiments/bt_selection_benchmark/bt_candidates/stack_block3_on_block2/redundant_bt.json,stack block_3 on block_2,"supported_by(block_3, block_2)",block_3,block_2,1,0,1.0,1,1,0,0,8,3,1.0,0.072208,0.253097,0,1,63.771726,medium,success,0,fallback_symbolic_effects,done,experiments/bt_selection_benchmark/results/bt_candidate_evaluations_v2_stacking_probe_with_sim.csv,v2_stacking_probe,v2_stacking_probe,v2_stacking_probe::state_000_t0::stack_block3_on_block2,53.112435,79.39999999999999,-11.987565,0.9903846153846154,1.0,0.0,,0.4480769230769231,0.0,0.0,0.0,0.0,0.0,0.4480769230769231,53.112435,65.1,-8
stack_block3_on_block2,state_000_t0,0,unsafe_or_invalid_bt,unsafe_or_invalid_bt,experiments/bt_selection_benchmark/bt_candidates/stack_block3_on_block2/unsafe_or_invalid_bt.json,stack block_3 on block_2,"supported_by(block_3, block_2)",block_3,block_2,0,0,0.0,1,1,0,2,4,3,0.0,1.0,0.0,0,1,-33.0,bad,success,0,fallback_symbolic_effects,skipped,experiments/bt_selection_benchmark/results/bt_candidate_evaluations_v2_stacking_probe_with_sim.csv,v2_stacking_probe,v2_stacking_probe,v2_stacking_probe::state_000_t0::stack_block3_on_block2,-22.9,-23.599999999999998,-20.0,0.0,0.04155011163564599,0.05,shortest_tree:0.05,0.0378875279089115,0.0,0.0,0.0,0.0,1.0,0.0378875279089115,-22.9,-2.9,-4
place_block3_on_block5,state_001_t1,1,correct_bt,correct_bt,experiments/bt_selection_benchmark/bt_candidates/place_block3_on_block5/correct_bt.json,place block_3 on block_5,"supported_by(block_3, block_5)",block_3,block_5,1,1,1.0,1,1,0,0,6,3,1.0,0.005003,0.625217,1,1,164.699536,good,success,0,fallback_symbolic_effects,done,experiments/bt_selection_benchmark/results/bt_candidate_evaluations_v2_stacking_probe_with_sim.csv,v2_stacking_probe,v2_stacking_probe,v2_stacking_probe::state_001_t1::place_block3_on_block5,152.923885,80.39999999999999,86.82388499999999,1.0,0.9971028876709052,0.0,,0.4492757219177263,0.0,0.0,0.0,0.0,0.0,0.4492757219177263,152.923885,66.1,-6
place_block3_on_block5,state_001_t1,1,missing_precondition_bt,missing_precondition_bt,experiments/bt_selection_benchmark/bt_candidates/place_block3_on_block5/missing_precondition_bt.json,place block_3 on block_5,"supported_by(block_3, block_5)",block_3,block_5,1,1,1.0,1,1,0,0,5,3,0.5,0.000112,0.592225,1,1,155.31443,good,success,0,fallback_symbolic_effects,done,experiments/bt_selection_benchmark/results/bt_candidate_evaluations_v2_stacking_probe_with_sim.csv,v2_stacking_probe,v2_stacking_probe,v2_stacking_probe::state_001_t1::place_block3_on_block5,153.637755,73.39999999999999,87.037755,0.9326923076923077,0.9990991677592599,0.8999999999999999,feature_only:0.30;symbolic_only:0.10;transformer_fused:0.35;transformer_only:0.15,0.9313132534782765,1.0,1.0,1.0,1.0,0.0,0.9313132534782765,153.637755,66.6,-5
place_block3_on_block5,state_001_t1,1,wrong_object_bt,wrong_object_bt,experiments/bt_selection_benchmark/bt_candidates/place_block3_on_block5/wrong_object_bt.json,place block_3 on block_5,"supported_by(block_3, block_5)",block_3,block_5,0,0,0.0,1,1,0,0,6,3,0.0,0.516986,0.676006,0,1,-30.521872,bad,success,0,fallback_symbolic_effects,done,experiments/bt_selection_benchmark/results/bt_candidate_evaluations_v2_stacking_probe_with_sim.csv,v2_stacking_probe,v2_stacking_probe,v2_stacking_probe::state_001_t1::place_block3_on_block5,-22.449889999999996,-4.6,-18.549889999999998,0.1826923076923077,0.013535445452489008,0.0,,0.03992232290158379,0.0,0.0,0.0,0.0,0.0,0.03992232290158379,-22.449889999999996,-3.9,-6
place_block3_on_block5,state_001_t1,1,wrong_support_bt,wrong_support_bt,experiments/bt_selection_benchmark/bt_candidates/place_block3_on_block5/wrong_support_bt.json,place block_3 on block_5,"supported_by(block_3, block_5)",block_3,block_5,0,0,0.0,1,1,0,0,6,3,0.5,0.4545,0.65041,0,1,-19.84582,bad,success,0,fallback_symbolic_effects,done,experiments/bt_selection_benchmark/results/bt_candidate_evaluations_v2_stacking_probe_with_sim.csv,v2_stacking_probe,v2_stacking_probe,v2_stacking_probe::state_001_t1::place_block3_on_block5,-21.697049999999997,2.9,-17.79705,0.2548076923076923,0.020562515643337838,0.0,,0.05610216737237292,0.0,0.0,0.0,0.0,0.0,0.05610216737237292,-21.697049999999997,-3.9,-6
place_block3_on_block5,state_001_t1,1,redundant_bt,redundant_bt,experiments/bt_selection_benchmark/bt_candidates/place_block3_on_block5/redundant_bt.json,place block_3 on block_5,"supported_by(block_3, block_5)",block_3,block_5,1,1,1.0,1,1,0,0,8,3,1.0,0.007733,0.557681,1,1,163.807308,good,success,0,fallback_symbolic_effects,done,experiments/bt_selection_benchmark/results/bt_candidate_evaluations_v2_stacking_probe_with_sim.csv,v2_stacking_probe,v2_stacking_probe,v2_stacking_probe::state_001_t1::place_block3_on_block5,152.234265,79.39999999999999,87.134265,0.9903846153846154,1.0,0.0,,0.4480769230769231,0.0,0.0,0.0,0.0,0.0,0.4480769230769231,152.234265,65.1,-8
place_block3_on_block5,state_001_t1,1,unsafe_or_invalid_bt,unsafe_or_invalid_bt,experiments/bt_selection_benchmark/bt_candidates/place_block3_on_block5/unsafe_or_invalid_bt.json,place block_3 on block_5,"supported_by(block_3, block_5)",block_3,block_5,0,0,0.0,1,1,0,2,4,3,0.0,1.0,0.0,0,1,-33.0,bad,success,0,fallback_symbolic_effects,skipped,experiments/bt_selection_benchmark/results/bt_candidate_evaluations_v2_stacking_probe_with_sim.csv,v2_stacking_probe,v2_stacking_probe,v2_stacking_probe::state_001_t1::place_block3_on_block5,-22.9,-23.599999999999998,-20.0,0.0,0.0,0.05,shortest_tree:0.05,0.027500000000000004,0.0,0.0,0.0,0.0,1.0,0.027500000000000004,-22.9,-2.9,-4
place_block1_on_block5,state_001_t1,1,correct_bt,correct_bt,experiments/bt_selection_benchmark/bt_candidates/place_block1_on_block5/correct_bt.json,place block_1 on block_5,"supported_by(block_1, block_5)",block_1,block_5,1,1,1.0,1,1,0,0,6,3,1.0,0.011336,0.566492,1,1,164.753656,good,success,0,fallback_symbolic_effects,done,experiments/bt_selection_benchmark/results/bt_candidate_evaluations_v2_stacking_probe_with_sim.csv,v2_stacking_probe,v2_stacking_probe,v2_stacking_probe::state_001_t1::place_block1_on_block5,153.15418,80.39999999999999,87.05418,1.0,1.0,0.0,,0.45,0.0,0.0,0.0,0.0,0.0,0.45,153.15418,66.1,-6
place_block1_on_block5,state_001_t1,1,missing_precondition_bt,missing_precondition_bt,experiments/bt_selection_benchmark/bt_candidates/place_block1_on_block5/missing_precondition_bt.json,place block_1 on block_5,"supported_by(block_1, block_5)",block_1,block_5,1,1,1.0,1,1,0,0,5,3,0.5,0.012598,0.672955,1,1,155.02811,good,success,0,fallback_symbolic_effects,done,experiments/bt_selection_benchmark/results/bt_candidate_evaluations_v2_stacking_probe_with_sim.csv,v2_stacking_probe,v2_stacking_probe,v2_stacking_probe::state_001_t1::place_block1_on_block5,153.109245,73.39999999999999,86.509245,0.9326923076923077,0.9949097270185994,0.8999999999999999,feature_only:0.30;symbolic_only:0.10;transformer_fused:0.35;transformer_only:0.15,0.9302658932931114,1.0,1.0,1.0,1.0,0.0,0.9302658932931114,153.109245,66.6,-5
place_block1_on_block5,state_001_t1,1,wrong_object_bt,wrong_object_bt,experiments/bt_selection_benchmark/bt_candidates/place_block1_on_block5/wrong_object_bt.json,place block_1 on block_5,"supported_by(block_1, block_5)",block_1,block_5,0,0,0.0,1,1,0,0,6,3,0.0,0.499019,0.339659,0,1,-29.669508,bad,success,0,fallback_symbolic_effects,done,experiments/bt_selection_benchmark/results/bt_candidate_evaluations_v2_stacking_probe_with_sim.csv,v2_stacking_probe,v2_stacking_probe,v2_stacking_probe::state_001_t1::place_block1_on_block5,-20.588485,-4.6,-16.688485,0.1826923076923077,0.03093307519612966,0.0,,0.04427173033749396,0.0,0.0,0.0,0.0,0.0,0.04427173033749396,-20.588485,-3.9,-6
place_block1_on_block5,state_001_t1,1,wrong_support_bt,wrong_support_bt,experiments/bt_selection_benchmark/bt_candidates/place_block1_on_block5/wrong_support_bt.json,place block_1 on block_5,"supported_by(block_1, block_5)",block_1,block_5,0,0,0.0,1,1,0,0,6,3,0.5,0.457014,0.650262,0,1,-19.870664,bad,success,0,fallback_symbolic_effects,done,experiments/bt_selection_benchmark/results/bt_candidate_evaluations_v2_stacking_probe_with_sim.csv,v2_stacking_probe,v2_stacking_probe,v2_stacking_probe::state_001_t1::place_block1_on_block5,-21.721449999999997,2.9,-17.82145,0.2548076923076923,0.020349976058851707,0.0,,0.056049032476251384,0.0,0.0,0.0,0.0,0.0,0.056049032476251384,-21.721449999999997,-3.9,-6
place_block1_on_block5,state_001_t1,1,redundant_bt,redundant_bt,experiments/bt_selection_benchmark/bt_candidates/place_block1_on_block5/redundant_bt.json,place block_1 on block_5,"supported_by(block_1, block_5)",block_1,block_5,1,1,1.0,1,1,0,0,8,3,1.0,0.009332,0.718087,1,1,163.470506,good,success,0,fallback_symbolic_effects,done,experiments/bt_selection_benchmark/results/bt_candidate_evaluations_v2_stacking_probe_with_sim.csv,v2_stacking_probe,v2_stacking_probe,v2_stacking_probe::state_001_t1::place_block1_on_block5,151.41624499999998,79.39999999999999,86.316245,0.9903846153846154,0.9931069015707746,0.0,,0.4463536484696168,0.0,0.0,0.0,0.0,0.0,0.4463536484696168,151.41624499999998,65.1,-8
place_block1_on_block5,state_001_t1,1,unsafe_or_invalid_bt,unsafe_or_invalid_bt,experiments/bt_selection_benchmark/bt_candidates/place_block1_on_block5/unsafe_or_invalid_bt.json,place block_1 on block_5,"supported_by(block_1, block_5)",block_1,block_5,0,0,0.0,1,1,0,2,4,3,0.0,1.0,0.0,0,1,-33.0,bad,success,0,fallback_symbolic_effects,skipped,experiments/bt_selection_benchmark/results/bt_candidate_evaluations_v2_stacking_probe_with_sim.csv,v2_stacking_probe,v2_stacking_probe,v2_stacking_probe::state_001_t1::place_block1_on_block5,-22.9,-23.599999999999998,-20.0,0.0,0.0,0.05,shortest_tree:0.05,0.027500000000000004,0.0,0.0,0.0,0.0,1.0,0.027500000000000004,-22.9,-2.9,-4
place_block2_on_block6,state_001_t1,1,correct_bt,correct_bt,experiments/bt_selection_benchmark/bt_candidates/place_block2_on_block6/correct_bt.json,place block_2 on block_6,"supported_by(block_2, block_6)",block_2,block_6,1,1,1.0,1,1,0,0,6,3,1.0,0.001545,0.364227,1,1,165.256096,good,success,0,fallback_symbolic_effects,done,experiments/bt_selection_benchmark/results/bt_candidate_evaluations_v2_stacking_probe_with_sim.csv,v2_stacking_probe,v2_stacking_probe,v2_stacking_probe::state_001_t1::place_block2_on_block6,154.263415,80.39999999999999,88.163415,1.0,1.0,0.0,,0.45,0.0,0.0,0.0,0.0,0.0,0.45,154.263415,66.1,-6
place_block2_on_block6,state_001_t1,1,missing_precondition_bt,missing_precondition_bt,experiments/bt_selection_benchmark/bt_candidates/place_block2_on_block6/missing_precondition_bt.json,place block_2 on block_6,"supported_by(block_2, block_6)",block_2,block_6,1,1,1.0,1,1,0,0,5,3,0.5,0.005318,0.539426,1,1,155.367968,good,success,0,fallback_symbolic_effects,done,experiments/bt_selection_benchmark/results/bt_candidate_evaluations_v2_stacking_probe_with_sim.csv,v2_stacking_probe,v2_stacking_probe,v2_stacking_probe::state_001_t1::place_block2_on_block6,153.84969,73.39999999999999,87.24969,0.9326923076923077,0.9918538824232775,0.8999999999999999,feature_only:0.30;symbolic_only:0.10;transformer_fused:0.35;transformer_only:0.15,0.9295019321442809,1.0,1.0,1.0,1.0,0.0,0.9295019321442809,153.84969,66.6,-5
place_block2_on_block6,state_001_t1,1,wrong_object_bt,wrong_object_bt,experiments/bt_selection_benchmark/bt_candidates/place_block2_on_block6/wrong_object_bt.json,place block_2 on block_6,"supported_by(block_2, block_6)",block_2,block_6,0,0,0.0,1,1,0,0,6,3,0.0,0.964462,0.871779,0,1,-35.388178,bad,success,0,fallback_symbolic_effects,done,experiments/bt_selection_benchmark/results/bt_candidate_evaluations_v2_stacking_probe_with_sim.csv,v2_stacking_probe,v2_stacking_probe,v2_stacking_probe::state_001_t1::place_block2_on_block6,-27.903515,-4.6,-24.003515,0.1826923076923077,0.0,0.0,,0.03653846153846154,0.0,0.0,0.0,0.0,0.0,0.03653846153846154,-27.903515,-3.9,-6
place_block2_on_block6,state_001_t1,1,wrong_support_bt,wrong_support_bt,experiments/bt_selection_benchmark/bt_candidates/place_block2_on_block6/wrong_support_bt.json,place block_2 on block_6,"supported_by(block_2, block_6)",block_2,block_6,0,0,0.0,1,1,0,0,6,3,0.5,0.461773,0.229048,0,1,-19.075826,bad,success,0,fallback_symbolic_effects,done,experiments/bt_selection_benchmark/results/bt_candidate_evaluations_v2_stacking_probe_with_sim.csv,v2_stacking_probe,v2_stacking_probe,v2_stacking_probe::state_001_t1::place_block2_on_block6,-19.662969999999998,2.9,-15.76297,0.2548076923076923,0.0734667963186654,0.0,,0.06932823754120482,0.0,0.0,0.0,0.0,0.0,0.06932823754120482,-19.662969999999998,-3.9,-6
place_block2_on_block6,state_001_t1,1,redundant_bt,redundant_bt,experiments/bt_selection_benchmark/bt_candidates/place_block2_on_block6/redundant_bt.json,place block_2 on block_6,"supported_by(block_2, block_6)",block_2,block_6,1,1,1.0,1,1,0,0,8,3,1.0,0.00439,0.49866,1,1,163.95878,good,success,0,fallback_symbolic_effects,done,experiments/bt_selection_benchmark/results/bt_candidate_evaluations_v2_stacking_probe_with_sim.csv,v2_stacking_probe,v2_stacking_probe,v2_stacking_probe::state_001_t1::place_block2_on_block6,152.56279999999998,79.39999999999999,87.4628,0.9903846153846154,0.9937538185274394,0.0,,0.4465153777087829,0.0,0.0,0.0,0.0,0.0,0.4465153777087829,152.56279999999998,65.1,-8
place_block2_on_block6,state_001_t1,1,unsafe_or_invalid_bt,unsafe_or_invalid_bt,experiments/bt_selection_benchmark/bt_candidates/place_block2_on_block6/unsafe_or_invalid_bt.json,place block_2 on block_6,"supported_by(block_2, block_6)",block_2,block_6,0,0,0.0,1,1,0,2,4,3,0.0,1.0,0.0,0,1,-33.0,bad,success,0,fallback_symbolic_effects,skipped,experiments/bt_selection_benchmark/results/bt_candidate_evaluations_v2_stacking_probe_with_sim.csv,v2_stacking_probe,v2_stacking_probe,v2_stacking_probe::state_001_t1::place_block2_on_block6,-22.9,-23.599999999999998,-20.0,0.0,0.03569247192554882,0.05,shortest_tree:0.05,0.03642311798138721,0.0,0.0,0.0,0.0,1.0,0.03642311798138721,-22.9,-2.9,-4
stack_block3_on_block1,state_001_t1,1,correct_bt,correct_bt,experiments/bt_selection_benchmark/bt_candidates/stack_block3_on_block1/correct_bt.json,stack block_3 on block_1,"supported_by(block_3, block_1)",block_3,block_1,1,0,1.0,1,1,0,0,6,3,1.0,0.087455,0.765036,0,1,63.595378,medium,success,0,fallback_symbolic_effects,done,experiments/bt_selection_benchmark/results/bt_candidate_evaluations_v2_stacking_probe_with_sim.csv,v2_stacking_probe,v2_stacking_probe,v2_stacking_probe::state_001_t1::stack_block3_on_block1,51.40027,80.39999999999999,-14.69973,1.0,0.9221282549745545,0.0,,0.4305320637436386,0.0,0.0,0.0,0.0,0.0,0.4305320637436386,51.40027,66.1,-6
stack_block3_on_block1,state_001_t1,1,missing_precondition_bt,missing_precondition_bt,experiments/bt_selection_benchmark/bt_candidates/stack_block3_on_block1/missing_precondition_bt.json,stack block_3 on block_1,"supported_by(block_3, block_1)",block_3,block_1,1,0,1.0,1,1,0,0,5,3,0.5,0.101847,0.683503,0,1,54.114524,bad,success,0,fallback_symbolic_effects,done,experiments/bt_selection_benchmark/results/bt_candidate_evaluations_v2_stacking_probe_with_sim.csv,v2_stacking_probe,v2_stacking_probe,v2_stacking_probe::state_001_t1::stack_block3_on_block1,52.16401500000001,73.39999999999999,-14.435984999999999,0.9326923076923077,0.9584143336511437,0.8999999999999999,feature_only:0.30;symbolic_only:0.10;transformer_fused:0.35;transformer_only:0.15,0.9211420449512475,1.0,1.0,1.0,1.0,0.0,0.9211420449512475,52.16401500000001,66.6,-5
stack_block3_on_block1,state_001_t1,1,wrong_object_bt,wrong_object_bt,experiments/bt_selection_benchmark/bt_candidates/stack_block3_on_block1/wrong_object_bt.json,stack block_3 on block_1,"supported_by(block_3, block_1)",block_3,block_1,0,0,0.0,1,1,0,0,6,3,0.0,0.191457,0.612509,0,1,-27.139588,bad,success,0,fallback_symbolic_effects,done,experiments/bt_selection_benchmark/results/bt_candidate_evaluations_v2_stacking_probe_with_sim.csv,v2_stacking_probe,v2_stacking_probe,v2_stacking_probe::state_001_t1::stack_block3_on_block1,-18.877114999999996,-4.6,-14.977115,0.1826923076923077,0.8839655829477651,0.0,,0.2575298572754028,0.0,0.0,0.0,0.0,0.0,0.2575298572754028,-18.877114999999996,-3.9,-6
stack_block3_on_block1,state_001_t1,1,wrong_support_bt,wrong_support_bt,experiments/bt_selection_benchmark/bt_candidates/stack_block3_on_block1/wrong_support_bt.json,stack block_3 on block_1,"supported_by(block_3, block_1)",block_3,block_1,0,0,0.0,1,1,0,0,6,3,0.5,0.809546,0.66135,0,1,-23.41816,bad,success,0,fallback_symbolic_effects,done,experiments/bt_selection_benchmark/results/bt_candidate_evaluations_v2_stacking_probe_with_sim.csv,v2_stacking_probe,v2_stacking_probe,v2_stacking_probe::state_001_t1::stack_block3_on_block1,-25.30221,2.9,-21.40221,0.2548076923076923,0.0,0.0,,0.05096153846153846,0.0,0.0,0.0,0.0,0.0,0.05096153846153846,-25.30221,-3.9,-6
stack_block3_on_block1,state_001_t1,1,redundant_bt,redundant_bt,experiments/bt_selection_benchmark/bt_candidates/stack_block3_on_block1/redundant_bt.json,stack block_3 on block_1,"supported_by(block_3, block_1)",block_3,block_1,1,0,1.0,1,1,0,0,8,3,1.0,0.102898,0.620948,0,1,62.729124,medium,success,0,fallback_symbolic_effects,done,experiments/bt_selection_benchmark/results/bt_candidate_evaluations_v2_stacking_probe_with_sim.csv,v2_stacking_probe,v2_stacking_probe,v2_stacking_probe::state_001_t1::stack_block3_on_block1,50.96627999999999,79.39999999999999,-14.13372,0.9903846153846154,1.0,0.0,,0.4480769230769231,0.0,0.0,0.0,0.0,0.0,0.4480769230769231,50.96627999999999,65.1,-8
stack_block3_on_block1,state_001_t1,1,unsafe_or_invalid_bt,unsafe_or_invalid_bt,experiments/bt_selection_benchmark/bt_candidates/stack_block3_on_block1/unsafe_or_invalid_bt.json,stack block_3 on block_1,"supported_by(block_3, block_1)",block_3,block_1,0,0,0.0,1,1,0,2,4,3,0.0,1.0,0.0,0,1,-33.0,bad,success,0,fallback_symbolic_effects,skipped,experiments/bt_selection_benchmark/results/bt_candidate_evaluations_v2_stacking_probe_with_sim.csv,v2_stacking_probe,v2_stacking_probe,v2_stacking_probe::state_001_t1::stack_block3_on_block1,-22.9,-23.599999999999998,-20.0,0.0,0.19291627284346546,0.05,shortest_tree:0.05,0.07572906821086636,0.0,0.0,0.0,0.0,1.0,0.07572906821086636,-22.9,-2.9,-4
stack_block1_on_block3,state_001_t1,1,correct_bt,correct_bt,experiments/bt_selection_benchmark/bt_candidates/stack_block1_on_block3/correct_bt.json,stack block_1 on block_3,"supported_by(block_1, block_3)",block_1,block_3,1,0,1.0,1,1,0,0,6,3,1.0,0.085161,0.575993,0,1,63.996404,medium,success,0,fallback_symbolic_effects,done,experiments/bt_selection_benchmark/results/bt_candidate_evaluations_v2_stacking_probe_with_sim.csv,v2_stacking_probe,v2_stacking_probe,v2_stacking_probe::state_001_t1::stack_block1_on_block3,52.36842500000001,80.39999999999999,-13.731575,1.0,0.9746262755706585,0.0,,0.44365656889266464,0.0,0.0,0.0,0.0,0.0,0.44365656889266464,52.36842500000001,66.1,-6
stack_block1_on_block3,state_001_t1,1,missing_precondition_bt,missing_precondition_bt,experiments/bt_selection_benchmark/bt_candidates/stack_block1_on_block3/missing_precondition_bt.json,stack block_1 on block_3,"supported_by(block_1, block_3)",block_1,block_3,1,0,1.0,1,1,0,0,5,3,0.5,0.087709,0.679605,0,1,54.2637,bad,success,0,fallback_symbolic_effects,done,experiments/bt_selection_benchmark/results/bt_candidate_evaluations_v2_stacking_probe_with_sim.csv,v2_stacking_probe,v2_stacking_probe,v2_stacking_probe::state_001_t1::stack_block1_on_block3,52.324885,73.39999999999999,-14.275115,0.9326923076923077,0.9094068105228994,0.8999999999999999,feature_only:0.30;symbolic_only:0.10;transformer_fused:0.35;transformer_only:0.15,0.9088901641691864,1.0,1.0,1.0,1.0,0.0,0.9088901641691864,52.324885,66.6,-5
stack_block1_on_block3,state_001_t1,1,wrong_object_bt,wrong_object_bt,experiments/bt_selection_benchmark/bt_candidates/stack_block1_on_block3/wrong_object_bt.json,stack block_1 on block_3,"supported_by(block_1, block_3)",block_1,block_3,0,0,0.0,1,1,0,0,6,3,0.0,0.298479,0.72494,0,1,-28.43467,bad,success,0,fallback_symbolic_effects,done,experiments/bt_selection_benchmark/results/bt_candidate_evaluations_v2_stacking_probe_with_sim.csv,v2_stacking_probe,v2_stacking_probe,v2_stacking_probe::state_001_t1::stack_block1_on_block3,-20.50949,-4.6,-16.60949,0.1826923076923077,0.6293047228736689,0.0,,0.19386464225687877,0.0,0.0,0.0,0.0,0.0,0.19386464225687877,-20.50949,-3.9,-6
stack_block1_on_block3,state_001_t1,1,wrong_support_bt,wrong_support_bt,experiments/bt_selection_benchmark/bt_candidates/stack_block1_on_block3/wrong_support_bt.json,stack block_1 on block_3,"supported_by(block_1, block_3)",block_1,block_3,0,0,0.0,1,1,0,0,6,3,0.5,0.893012,0.584801,0,1,-24.099722,bad,success,0,fallback_symbolic_effects,done,experiments/bt_selection_benchmark/results/bt_candidate_evaluations_v2_stacking_probe_with_sim.csv,v2_stacking_probe,v2_stacking_probe,v2_stacking_probe::state_001_t1::stack_block1_on_block3,-25.754125,2.9,-21.854125,0.2548076923076923,0.0,0.0,,0.05096153846153846,0.0,0.0,0.0,0.0,0.0,0.05096153846153846,-25.754125,-3.9,-6
stack_block1_on_block3,state_001_t1,1,redundant_bt,redundant_bt,experiments/bt_selection_benchmark/bt_candidates/stack_block1_on_block3/redundant_bt.json,stack block_1 on block_3,"supported_by(block_1, block_3)",block_1,block_3,1,0,1.0,1,1,0,0,8,3,1.0,0.073728,0.556566,0,1,63.149588,medium,success,0,fallback_symbolic_effects,done,experiments/bt_selection_benchmark/results/bt_candidate_evaluations_v2_stacking_probe_with_sim.csv,v2_stacking_probe,v2_stacking_probe,v2_stacking_probe::state_001_t1::stack_block1_on_block3,51.57989,79.39999999999999,-13.52011,0.9903846153846154,1.0,0.0,,0.4480769230769231,0.0,0.0,0.0,0.0,0.0,0.4480769230769231,51.57989,65.1,-8
stack_block1_on_block3,state_001_t1,1,unsafe_or_invalid_bt,unsafe_or_invalid_bt,experiments/bt_selection_benchmark/bt_candidates/stack_block1_on_block3/unsafe_or_invalid_bt.json,stack block_1 on block_3,"supported_by(block_1, block_3)",block_1,block_3,0,0,0.0,1,1,0,2,4,3,0.0,1.0,0.0,0,1,-33.0,bad,success,0,fallback_symbolic_effects,skipped,experiments/bt_selection_benchmark/results/bt_candidate_evaluations_v2_stacking_probe_with_sim.csv,v2_stacking_probe,v2_stacking_probe,v2_stacking_probe::state_001_t1::stack_block1_on_block3,-22.9,-23.599999999999998,-20.0,0.0,0.22247680139764567,0.05,shortest_tree:0.05,0.08311920034941142,0.0,0.0,0.0,0.0,1.0,0.08311920034941142,-22.9,-2.9,-4
stack_block2_on_block1,state_001_t1,1,correct_bt,correct_bt,experiments/bt_selection_benchmark/bt_candidates/stack_block2_on_block1/correct_bt.json,stack block_2 on block_1,"supported_by(block_2, block_1)",block_2,block_1,1,0,1.0,1,1,0,0,6,3,1.0,0.024282,0.47003,0,1,64.81712,medium,success,0,fallback_symbolic_effects,done,experiments/bt_selection_benchmark/results/bt_candidate_evaluations_v2_stacking_probe_with_sim.csv,v2_stacking_probe,v2_stacking_probe,v2_stacking_probe::state_001_t1::stack_block2_on_block1,53.50703000000001,80.39999999999999,-12.592970000000001,1.0,0.9578989160150946,0.0,,0.43947472900377366,0.0,0.0,0.0,0.0,0.0,0.43947472900377366,53.50703000000001,66.1,-6
stack_block2_on_block1,state_001_t1,1,missing_precondition_bt,missing_precondition_bt,experiments/bt_selection_benchmark/bt_candidates/stack_block2_on_block1/missing_precondition_bt.json,stack block_2 on block_1,"supported_by(block_2, block_1)",block_2,block_1,1,0,1.0,1,1,0,0,5,3,0.5,0.090717,0.27205,0,1,55.04873,bad,success,0,fallback_symbolic_effects,done,experiments/bt_selection_benchmark/results/bt_candidate_evaluations_v2_stacking_probe_with_sim.csv,v2_stacking_probe,v2_stacking_probe,v2_stacking_probe::state_001_t1::stack_block2_on_block1,54.332580000000014,73.39999999999999,-12.267420000000001,0.9326923076923077,1.0,0.8999999999999999,feature_only:0.30;symbolic_only:0.10;transformer_fused:0.35;transformer_only:0.15,0.9315384615384615,1.0,1.0,1.0,1.0,0.0,0.9315384615384615,54.332580000000014,66.6,-5
stack_block2_on_block1,state_001_t1,1,wrong_object_bt,wrong_object_bt,experiments/bt_selection_benchmark/bt_candidates/stack_block2_on_block1/wrong_object_bt.json,stack block_2 on block_1,"supported_by(block_2, block_1)",block_2,block_1,0,0,0.0,1,1,0,0,6,3,0.0,0.206678,0.323557,0,1,-26.713894,bad,success,0,fallback_symbolic_effects,done,experiments/bt_selection_benchmark/results/bt_candidate_evaluations_v2_stacking_probe_with_sim.csv,v2_stacking_probe,v2_stacking_probe,v2_stacking_probe::state_001_t1::stack_block2_on_block1,-17.584564999999998,-4.6,-13.684565,0.1826923076923077,0.816730638415639,0.0,,0.2407211211423713,0.0,0.0,0.0,0.0,0.0,0.2407211211423713,-17.584564999999998,-3.9,-6
stack_block2_on_block1,state_001_t1,1,wrong_support_bt,wrong_support_bt,experiments/bt_selection_benchmark/bt_candidates/stack_block2_on_block1/wrong_support_bt.json,stack block_2 on block_1,"supported_by(block_2, block_1)",block_2,block_1,0,0,0.0,1,1,0,0,6,3,0.5,0.799203,0.34515,0,1,-22.68233,bad,success,0,fallback_symbolic_effects,done,experiments/bt_selection_benchmark/results/bt_candidate_evaluations_v2_stacking_probe_with_sim.csv,v2_stacking_probe,v2_stacking_probe,v2_stacking_probe::state_001_t1::stack_block2_on_block1,-23.617779999999996,2.9,-19.717779999999998,0.2548076923076923,0.03649752087918941,0.0,,0.06008591868133581,0.0,0.0,0.0,0.0,0.0,0.06008591868133581,-23.617779999999996,-3.9,-6
stack_block2_on_block1,state_001_t1,1,redundant_bt,redundant_bt,experiments/bt_selection_benchmark/bt_candidates/stack_block2_on_block1/redundant_bt.json,stack block_2 on block_1,"supported_by(block_2, block_1)",block_2,block_1,1,0,1.0,1,1,0,0,8,3,1.0,0.091416,0.41846,0,1,63.24892,medium,success,0,fallback_symbolic_effects,done,experiments/bt_selection_benchmark/results/bt_candidate_evaluations_v2_stacking_probe_with_sim.csv,v2_stacking_probe,v2_stacking_probe,v2_stacking_probe::state_001_t1::stack_block2_on_block1,52.09354000000001,79.39999999999999,-13.00646,0.9903846153846154,0.9044251724521442,0.0,,0.42418321618995913,0.0,0.0,0.0,0.0,0.0,0.42418321618995913,52.09354000000001,65.1,-8
stack_block2_on_block1,state_001_t1,1,unsafe_or_invalid_bt,unsafe_or_invalid_bt,experiments/bt_selection_benchmark/bt_candidates/stack_block2_on_block1/unsafe_or_invalid_bt.json,stack block_2 on block_1,"supported_by(block_2, block_1)",block_2,block_1,0,0,0.0,1,1,0,2,4,3,0.0,1.0,0.0,0,1,-33.0,bad,success,0,fallback_symbolic_effects,skipped,experiments/bt_selection_benchmark/results/bt_candidate_evaluations_v2_stacking_probe_with_sim.csv,v2_stacking_probe,v2_stacking_probe,v2_stacking_probe::state_001_t1::stack_block2_on_block1,-22.9,-23.599999999999998,-20.0,0.0,0.0,0.05,shortest_tree:0.05,0.027500000000000004,0.0,0.0,0.0,0.0,1.0,0.027500000000000004,-22.9,-2.9,-4
stack_block4_on_block1,state_001_t1,1,correct_bt,correct_bt,experiments/bt_selection_benchmark/bt_candidates/stack_block4_on_block1/correct_bt.json,stack block_4 on block_1,"supported_by(block_4, block_1)",block_4,block_1,1,0,1.0,1,1,0,0,6,3,1.0,0.083826,0.588172,0,1,63.985396,medium,success,0,fallback_symbolic_effects,done,experiments/bt_selection_benchmark/results/bt_candidate_evaluations_v2_stacking_probe_with_sim.csv,v2_stacking_probe,v2_stacking_probe,v2_stacking_probe::state_001_t1::stack_block4_on_block1,52.320879999999995,80.39999999999999,-13.77912,1.0,1.0,0.35,transformer_fused:0.35,0.6425000000000001,0.0,1.0,0.0,0.0,0.0,0.6425000000000001,52.320879999999995,66.1,-6
stack_block4_on_block1,state_001_t1,1,missing_precondition_bt,missing_precondition_bt,experiments/bt_selection_benchmark/bt_candidates/stack_block4_on_block1/missing_precondition_bt.json,stack block_4 on block_1,"supported_by(block_4, block_1)",block_4,block_1,1,0,1.0,1,1,0,0,5,3,0.5,0.092196,0.71801,0,1,54.14202,bad,success,0,fallback_symbolic_effects,done,experiments/bt_selection_benchmark/results/bt_candidate_evaluations_v2_stacking_probe_with_sim.csv,v2_stacking_probe,v2_stacking_probe,v2_stacking_probe::state_001_t1::stack_block4_on_block1,52.08799,73.39999999999999,-14.51201,0.9326923076923077,0.900938388081086,0.5499999999999999,feature_only:0.30;symbolic_only:0.10;transformer_only:0.15,0.714273058558733,1.0,0.0,1.0,1.0,0.0,0.714273058558733,52.08799,66.6,-5
stack_block4_on_block1,state_001_t1,1,wrong_object_bt,wrong_object_bt,experiments/bt_selection_benchmark/bt_candidates/stack_block4_on_block1/wrong_object_bt.json,stack block_4 on block_1,"supported_by(block_4, block_1)",block_4,block_1,0,0,0.0,1,1,0,0,6,3,0.0,0.141013,0.674776,0,1,-26.759682,bad,success,0,fallback_symbolic_effects,done,experiments/bt_selection_benchmark/results/bt_candidate_evaluations_v2_stacking_probe_with_sim.csv,v2_stacking_probe,v2_stacking_probe,v2_stacking_probe::state_001_t1::stack_block4_on_block1,-18.68401,-4.6,-14.78401,0.1826923076923077,0.8641733094991096,0.0,,0.25258178891323896,0.0,0.0,0.0,0.0,0.0,0.25258178891323896,-18.68401,-3.9,-6
stack_block4_on_block1,state_001_t1,1,wrong_support_bt,wrong_support_bt,experiments/bt_selection_benchmark/bt_candidates/stack_block4_on_block1/wrong_support_bt.json,stack block_4 on block_1,"supported_by(block_4, block_1)",block_4,block_1,0,0,0.0,1,1,0,0,6,3,0.5,0.806385,0.622719,0,1,-23.309288,bad,success,0,fallback_symbolic_effects,done,experiments/bt_selection_benchmark/results/bt_candidate_evaluations_v2_stacking_probe_with_sim.csv,v2_stacking_probe,v2_stacking_probe,v2_stacking_probe::state_001_t1::stack_block4_on_block1,-25.077444999999997,2.9,-21.177445,0.2548076923076923,0.0,0.0,,0.05096153846153846,0.0,0.0,0.0,0.0,0.0,0.05096153846153846,-25.077444999999997,-3.9,-6
stack_block4_on_block1,state_001_t1,1,redundant_bt,redundant_bt,experiments/bt_selection_benchmark/bt_candidates/stack_block4_on_block1/redundant_bt.json,stack block_4 on block_1,"supported_by(block_4, block_1)",block_4,block_1,1,0,1.0,1,1,0,0,8,3,1.0,0.109873,0.542984,0,1,62.815302,medium,success,0,fallback_symbolic_effects,done,experiments/bt_selection_benchmark/results/bt_candidate_evaluations_v2_stacking_probe_with_sim.csv,v2_stacking_probe,v2_stacking_probe,v2_stacking_probe::state_001_t1::stack_block4_on_block1,51.28634999999999,79.39999999999999,-13.813649999999999,0.9903846153846154,0.9953327273403103,0.0,,0.44691010491200067,0.0,0.0,0.0,0.0,0.0,0.44691010491200067,51.28634999999999,65.1,-8
stack_block4_on_block1,state_001_t1,1,unsafe_or_invalid_bt,unsafe_or_invalid_bt,experiments/bt_selection_benchmark/bt_candidates/stack_block4_on_block1/unsafe_or_invalid_bt.json,stack block_4 on block_1,"supported_by(block_4, block_1)",block_4,block_1,0,0,0.0,1,1,0,2,4,3,0.0,1.0,0.0,0,1,-33.0,bad,success,0,fallback_symbolic_effects,skipped,experiments/bt_selection_benchmark/results/bt_candidate_evaluations_v2_stacking_probe_with_sim.csv,v2_stacking_probe,v2_stacking_probe,v2_stacking_probe::state_001_t1::stack_block4_on_block1,-22.9,-23.599999999999998,-20.0,0.0,0.15915021305498192,0.05,shortest_tree:0.05,0.06728755326374548,0.0,0.0,0.0,0.0,1.0,0.06728755326374548,-22.9,-2.9,-4
stack_block3_on_block2,state_001_t1,1,correct_bt,correct_bt,experiments/bt_selection_benchmark/bt_candidates/stack_block3_on_block2/correct_bt.json,stack block_3 on block_2,"supported_by(block_3, block_2)",block_3,block_2,1,0,1.0,1,1,0,0,6,3,1.0,0.07813,0.588577,0,1,64.041546,medium,success,0,fallback_symbolic_effects,done,experiments/bt_selection_benchmark/results/bt_candidate_evaluations_v2_stacking_probe_with_sim.csv,v2_stacking_probe,v2_stacking_probe,v2_stacking_probe::state_001_t1::stack_block3_on_block2,52.375814999999996,80.39999999999999,-13.724185,1.0,1.0,0.0,,0.45,0.0,0.0,0.0,0.0,0.0,0.45,52.375814999999996,66.1,-6
stack_block3_on_block2,state_001_t1,1,missing_precondition_bt,missing_precondition_bt,experiments/bt_selection_benchmark/bt_candidates/stack_block3_on_block2/missing_precondition_bt.json,stack block_3 on block_2,"supported_by(block_3, block_2)",block_3,block_2,1,0,1.0,1,1,0,0,5,3,0.5,0.080305,0.634363,0,1,54.428224,bad,success,0,fallback_symbolic_effects,done,experiments/bt_selection_benchmark/results/bt_candidate_evaluations_v2_stacking_probe_with_sim.csv,v2_stacking_probe,v2_stacking_probe,v2_stacking_probe::state_001_t1::stack_block3_on_block2,52.62513500000001,73.39999999999999,-13.974865000000001,0.9326923076923077,0.9608321679960624,0.8999999999999999,feature_only:0.30;symbolic_only:0.10;transformer_fused:0.35;transformer_only:0.15,0.9217465035374771,1.0,1.0,1.0,1.0,0.0,0.9217465035374771,52.62513500000001,66.6,-5
stack_block3_on_block2,state_001_t1,1,wrong_object_bt,wrong_object_bt,experiments/bt_selection_benchmark/bt_candidates/stack_block3_on_block2/wrong_object_bt.json,stack block_3 on block_2,"supported_by(block_3, block_2)",block_3,block_2,0,0,0.0,1,1,0,0,6,3,0.0,0.63995,0.744967,0,1,-31.889434,bad,success,0,fallback_symbolic_effects,done,experiments/bt_selection_benchmark/results/bt_candidate_evaluations_v2_stacking_probe_with_sim.csv,v2_stacking_probe,v2_stacking_probe,v2_stacking_probe::state_001_t1::stack_block3_on_block2,-24.024335,-4.6,-20.124335000000002,0.1826923076923077,0.0,0.0,,0.03653846153846154,0.0,0.0,0.0,0.0,0.0,0.03653846153846154,-24.024335,-3.9,-6
stack_block3_on_block2,state_001_t1,1,wrong_support_bt,wrong_support_bt,experiments/bt_selection_benchmark/bt_candidates/stack_block3_on_block2/wrong_support_bt.json,stack block_3 on block_2,"supported_by(block_3, block_2)",block_3,block_2,0,0,0.0,1,1,0,0,6,3,0.5,0.414072,0.719324,0,1,-19.579368,bad,success,0,fallback_symbolic_effects,done,experiments/bt_selection_benchmark/results/bt_candidate_evaluations_v2_stacking_probe_with_sim.csv,v2_stacking_probe,v2_stacking_probe,v2_stacking_probe::state_001_t1::stack_block3_on_block2,-21.63734,2.9,-17.73734,0.2548076923076923,0.37295922751810534,0.0,,0.1442013453410648,0.0,0.0,0.0,0.0,0.0,0.1442013453410648,-21.63734,-3.9,-6
stack_block3_on_block2,state_001_t1,1,redundant_bt,redundant_bt,experiments/bt_selection_benchmark/bt_candidates/stack_block3_on_block2/redundant_bt.json,stack block_3 on block_2,"supported_by(block_3, block_2)",block_3,block_2,1,0,1.0,1,1,0,0,8,3,1.0,0.07517,0.731664,0,1,62.784972,medium,success,0,fallback_symbolic_effects,done,experiments/bt_selection_benchmark/results/bt_candidate_evaluations_v2_stacking_probe_with_sim.csv,v2_stacking_probe,v2_stacking_probe,v2_stacking_probe::state_001_t1::stack_block3_on_block2,50.68998,79.39999999999999,-14.41002,0.9903846153846154,0.892840792793919,0.0,,0.42128712127540285,0.0,0.0,0.0,0.0,0.0,0.42128712127540285,50.68998,65.1,-8
stack_block3_on_block2,state_001_t1,1,unsafe_or_invalid_bt,unsafe_or_invalid_bt,experiments/bt_selection_benchmark/bt_candidates/stack_block3_on_block2/unsafe_or_invalid_bt.json,stack block_3 on block_2,"supported_by(block_3, block_2)",block_3,block_2,0,0,0.0,1,1,0,2,4,3,0.0,1.0,0.0,0,1,-33.0,bad,success,0,fallback_symbolic_effects,skipped,experiments/bt_selection_benchmark/results/bt_candidate_evaluations_v2_stacking_probe_with_sim.csv,v2_stacking_probe,v2_stacking_probe,v2_stacking_probe::state_001_t1::stack_block3_on_block2,-22.9,-23.599999999999998,-20.0,0.0,0.019426888432302686,0.05,shortest_tree:0.05,0.03235672210807568,0.0,0.0,0.0,0.0,1.0,0.03235672210807568,-22.9,-2.9,-4
place_block3_on_block5,state_002_t2,2,correct_bt,correct_bt,experiments/bt_selection_benchmark/bt_candidates/place_block3_on_block5/correct_bt.json,place block_3 on block_5,"supported_by(block_3, block_5)",block_3,block_5,1,1,1.0,1,1,0,0,6,3,1.0,0.005005,0.597865,1,1,164.75422,good,success,0,fallback_symbolic_effects,done,experiments/bt_selection_benchmark/results/bt_candidate_evaluations_v2_stacking_probe_with_sim.csv,v2_stacking_probe,v2_stacking_probe,v2_stacking_probe::state_002_t2::place_block3_on_block5,153.060625,80.39999999999999,86.96062500000001,1.0,0.9989922808310043,0.0,,0.4497480702077511,0.0,0.0,0.0,0.0,0.0,0.4497480702077511,153.060625,66.1,-6
place_block3_on_block5,state_002_t2,2,missing_precondition_bt,missing_precondition_bt,experiments/bt_selection_benchmark/bt_candidates/place_block3_on_block5/missing_precondition_bt.json,place block_3 on block_5,"supported_by(block_3, block_5)",block_3,block_5,1,1,1.0,1,1,0,0,5,3,0.5,0.003432,0.579432,1,1,155.306816,good,success,0,fallback_symbolic_effects,done,experiments/bt_selection_benchmark/results/bt_candidate_evaluations_v2_stacking_probe_with_sim.csv,v2_stacking_probe,v2_stacking_probe,v2_stacking_probe::state_002_t2::place_block3_on_block5,153.66851999999997,73.39999999999999,87.06852,0.9326923076923077,1.0,0.8999999999999999,feature_only:0.30;symbolic_only:0.10;transformer_fused:0.35;transformer_only:0.15,0.9315384615384615,1.0,1.0,1.0,1.0,0.0,0.9315384615384615,153.66851999999997,66.6,-5
place_block3_on_block5,state_002_t2,2,wrong_object_bt,wrong_object_bt,experiments/bt_selection_benchmark/bt_candidates/place_block3_on_block5/wrong_object_bt.json,place block_3 on block_5,"supported_by(block_3, block_5)",block_3,block_5,0,0,0.0,1,1,0,0,6,3,0.0,0.477063,0.676004,0,1,-30.122638,bad,success,0,fallback_symbolic_effects,done,experiments/bt_selection_benchmark/results/bt_candidate_evaluations_v2_stacking_probe_with_sim.csv,v2_stacking_probe,v2_stacking_probe,v2_stacking_probe::state_002_t2::place_block3_on_block5,-22.050649999999997,-4.6,-18.15065,0.1826923076923077,0.017272583949044976,0.0,,0.04085660752572279,0.0,0.0,0.0,0.0,0.0,0.04085660752572279,-22.050649999999997,-3.9,-6
place_block3_on_block5,state_002_t2,2,wrong_support_bt,wrong_support_bt,experiments/bt_selection_benchmark/bt_candidates/place_block3_on_block5/wrong_support_bt.json,place block_3 on block_5,"supported_by(block_3, block_5)",block_3,block_5,0,0,0.0,1,1,0,0,6,3,0.5,0.46278,0.672291,0,1,-19.972382,bad,success,0,fallback_symbolic_effects,done,experiments/bt_selection_benchmark/results/bt_candidate_evaluations_v2_stacking_probe_with_sim.csv,v2_stacking_probe,v2_stacking_probe,v2_stacking_probe::state_002_t2::place_block3_on_block5,-21.889255,2.9,-17.989255,0.2548076923076923,0.018779983136032886,0.0,,0.05565653424554668,0.0,0.0,0.0,0.0,0.0,0.05565653424554668,-21.889255,-3.9,-6
place_block3_on_block5,state_002_t2,2,redundant_bt,redundant_bt,experiments/bt_selection_benchmark/bt_candidates/place_block3_on_block5/redundant_bt.json,place block_3 on block_5,"supported_by(block_3, block_5)",block_3,block_5,1,1,1.0,1,1,0,0,8,3,1.0,0.00086,0.630461,1,1,163.730478,good,success,0,fallback_symbolic_effects,done,experiments/bt_selection_benchmark/results/bt_candidate_evaluations_v2_stacking_probe_with_sim.csv,v2_stacking_probe,v2_stacking_probe,v2_stacking_probe::state_002_t2::place_block3_on_block5,151.93909499999998,79.39999999999999,86.839095,0.9903846153846154,0.9978572133060212,0.0,,0.4475412264034284,0.0,0.0,0.0,0.0,0.0,0.4475412264034284,151.93909499999998,65.1,-8
place_block3_on_block5,state_002_t2,2,unsafe_or_invalid_bt,unsafe_or_invalid_bt,experiments/bt_selection_benchmark/bt_candidates/place_block3_on_block5/unsafe_or_invalid_bt.json,place block_3 on block_5,"supported_by(block_3, block_5)",block_3,block_5,0,0,0.0,1,1,0,2,4,3,0.0,1.0,0.0,0,1,-33.0,bad,success,0,fallback_symbolic_effects,skipped,experiments/bt_selection_benchmark/results/bt_candidate_evaluations_v2_stacking_probe_with_sim.csv,v2_stacking_probe,v2_stacking_probe,v2_stacking_probe::state_002_t2::place_block3_on_block5,-22.9,-23.599999999999998,-20.0,0.0,0.0,0.05,shortest_tree:0.05,0.027500000000000004,0.0,0.0,0.0,0.0,1.0,0.027500000000000004,-22.9,-2.9,-4
place_block1_on_block5,state_002_t2,2,correct_bt,correct_bt,experiments/bt_selection_benchmark/bt_candidates/place_block1_on_block5/correct_bt.json,place block_1 on block_5,"supported_by(block_1, block_5)",block_1,block_5,1,1,1.0,1,1,0,0,6,3,1.0,0.003515,0.607099,1,1,164.750652,good,success,0,fallback_symbolic_effects,done,experiments/bt_selection_benchmark/results/bt_candidate_evaluations_v2_stacking_probe_with_sim.csv,v2_stacking_probe,v2_stacking_probe,v2_stacking_probe::state_002_t2::place_block1_on_block5,153.029355,80.39999999999999,86.929355,1.0,1.0,0.0,,0.45,0.0,0.0,0.0,0.0,0.0,0.45,153.029355,66.1,-6
place_block1_on_block5,state_002_t2,2,missing_precondition_bt,missing_precondition_bt,experiments/bt_selection_benchmark/bt_candidates/place_block1_on_block5/missing_precondition_bt.json,place block_1 on block_5,"supported_by(block_1, block_5)",block_1,block_5,1,1,1.0,1,1,0,0,5,3,0.5,0.001847,0.616487,1,1,155.248556,good,success,0,fallback_symbolic_effects,done,experiments/bt_selection_benchmark/results/bt_candidate_evaluations_v2_stacking_probe_with_sim.csv,v2_stacking_probe,v2_stacking_probe,v2_stacking_probe::state_002_t2::place_block1_on_block5,153.49909499999998,73.39999999999999,86.899095,0.7941176470588235,0.99971122260438,0.7999999999999999,feature_only:0.30;transformer_fused:0.35;transformer_only:0.15,0.8487513350628597,1.0,1.0,1.0,0.0,0.0,0.8487513350628597,153.49909499999998,66.6,-5
place_block1_on_block5,state_002_t2,2,wrong_object_bt,wrong_object_bt,experiments/bt_selection_benchmark/bt_candidates/place_block1_on_block5/wrong_object_bt.json,place block_1 on block_5,"supported_by(block_1, block_5)",block_1,block_5,1,0,1.0,1,1,0,0,6,3,0.0,0.481832,0.373138,0,1,40.435404,bad,success,0,fallback_symbolic_effects,done,experiments/bt_selection_benchmark/results/bt_candidate_evaluations_v2_stacking_probe_with_sim.csv,v2_stacking_probe,v2_stacking_probe,v2_stacking_probe::state_002_t2::place_block1_on_block5,49.41599,65.39999999999999,-16.68401,0.5588235294117646,0.011196374879821223,0.0,,0.11456379960230824,0.0,0.0,0.0,0.0,0.0,0.11456379960230824,49.41599,66.1,-6
place_block1_on_block5,state_002_t2,2,wrong_support_bt,wrong_support_bt,experiments/bt_selection_benchmark/bt_candidates/place_block1_on_block5/wrong_support_bt.json,place block_1 on block_5,"supported_by(block_1, block_5)",block_1,block_5,1,0,1.0,1,1,0,0,6,3,0.5,0.448807,0.673834,0,1,50.164262,bad,success,0,fallback_symbolic_effects,done,experiments/bt_selection_benchmark/results/bt_candidate_evaluations_v2_stacking_probe_with_sim.csv,v2_stacking_probe,v2_stacking_probe,v2_stacking_probe::state_002_t2::place_block1_on_block5,48.24276000000001,72.89999999999999,-17.85724,0.7794117647058824,0.0,0.0,,0.15588235294117647,0.0,0.0,0.0,0.0,0.0,0.15588235294117647,48.24276000000001,66.1,-6
place_block1_on_block5,state_002_t2,2,redundant_bt,redundant_bt,experiments/bt_selection_benchmark/bt_candidates/place_block1_on_block5/redundant_bt.json,place block_1 on block_5,"supported_by(block_1, block_5)",block_1,block_5,1,1,1.0,1,1,0,0,8,3,1.0,0.006556,0.667174,1,1,163.600092,good,success,0,fallback_symbolic_effects,done,experiments/bt_selection_benchmark/results/bt_candidate_evaluations_v2_stacking_probe_with_sim.csv,v2_stacking_probe,v2_stacking_probe,v2_stacking_probe::state_002_t2::place_block1_on_block5,151.69857,79.39999999999999,86.59857,0.9705882352941176,0.9968432507993985,0.0,,0.4433284597586732,0.0,0.0,0.0,0.0,0.0,0.4433284597586732,151.69857,65.1,-8
place_block1_on_block5,state_002_t2,2,unsafe_or_invalid_bt,unsafe_or_invalid_bt,experiments/bt_selection_benchmark/bt_candidates/place_block1_on_block5/unsafe_or_invalid_bt.json,place block_1 on block_5,"supported_by(block_1, block_5)",block_1,block_5,1,0,1.0,1,1,0,2,4,3,0.0,0.0,0.0,0,1,47.0,bad,success,0,fallback_symbolic_effects,skipped,experiments/bt_selection_benchmark/results/bt_candidate_evaluations_v2_stacking_probe_with_sim.csv,v2_stacking_probe,v2_stacking_probe,v2_stacking_probe::state_002_t2::place_block1_on_block5,57.1,46.4,-10.0,0.0,0.07498325525321249,0.15000000000000002,shortest_tree:0.05;symbolic_only:0.10,0.10124581381330314,0.0,0.0,0.0,1.0,1.0,0.10124581381330314,57.1,67.1,-4
place_block2_on_block6,state_002_t2,2,correct_bt,correct_bt,experiments/bt_selection_benchmark/bt_candidates/place_block2_on_block6/correct_bt.json,place block_2 on block_6,"supported_by(block_2, block_6)",block_2,block_6,1,1,1.0,1,1,0,0,6,3,1.0,0.003082,0.47253,1,1,165.02412,good,success,0,fallback_symbolic_effects,done,experiments/bt_selection_benchmark/results/bt_candidate_evaluations_v2_stacking_probe_with_sim.csv,v2_stacking_probe,v2_stacking_probe,v2_stacking_probe::state_002_t2::place_block2_on_block6,153.70653,80.39999999999999,87.60652999999999,1.0,0.9982195683965948,0.0,,0.4495548920991487,0.0,0.0,0.0,0.0,0.0,0.4495548920991487,153.70653,66.1,-6
place_block2_on_block6,state_002_t2,2,missing_precondition_bt,missing_precondition_bt,experiments/bt_selection_benchmark/bt_candidates/place_block2_on_block6/missing_precondition_bt.json,place block_2 on block_6,"supported_by(block_2, block_6)",block_2,block_6,1,1,1.0,1,1,0,0,5,3,0.5,0.006912,0.425997,1,1,155.578886,good,success,0,fallback_symbolic_effects,done,experiments/bt_selection_benchmark/results/bt_candidate_evaluations_v2_stacking_probe_with_sim.csv,v2_stacking_probe,v2_stacking_probe,v2_stacking_probe::state_002_t2::place_block2_on_block6,154.400895,73.39999999999999,87.800895,0.9326923076923077,1.0,0.8999999999999999,feature_only:0.30;symbolic_only:0.10;transformer_fused:0.35;transformer_only:0.15,0.9315384615384615,1.0,1.0,1.0,1.0,0.0,0.9315384615384615,154.400895,66.6,-5
place_block2_on_block6,state_002_t2,2,wrong_object_bt,wrong_object_bt,experiments/bt_selection_benchmark/bt_candidates/place_block2_on_block6/wrong_object_bt.json,place block_2 on block_6,"supported_by(block_2, block_6)",block_2,block_6,0,0,0.0,1,1,0,0,6,3,0.0,0.897484,0.478323,0,1,-33.931486,bad,success,0,fallback_symbolic_effects,done,experiments/bt_selection_benchmark/results/bt_candidate_evaluations_v2_stacking_probe_with_sim.csv,v2_stacking_probe,v2_stacking_probe,v2_stacking_probe::state_002_t2::place_block2_on_block6,-25.266455,-4.6,-21.366455000000002,0.1826923076923077,0.0,0.0,,0.03653846153846154,0.0,0.0,0.0,0.0,0.0,0.03653846153846154,-25.266455,-3.9,-6
place_block2_on_block6,state_002_t2,2,wrong_support_bt,wrong_support_bt,experiments/bt_selection_benchmark/bt_candidates/place_block2_on_block6/wrong_support_bt.json,place block_2 on block_6,"supported_by(block_2, block_6)",block_2,block_6,0,0,0.0,1,1,0,0,6,3,0.5,0.45748,0.498018,0,1,-19.570836,bad,success,0,fallback_symbolic_effects,done,experiments/bt_selection_benchmark/results/bt_candidate_evaluations_v2_stacking_probe_with_sim.csv,v2_stacking_probe,v2_stacking_probe,v2_stacking_probe::state_002_t2::place_block2_on_block6,-20.964889999999997,2.9,-17.06489,0.2548076923076923,0.03940340220771141,0.0,,0.06081238901346631,0.0,0.0,0.0,0.0,0.0,0.06081238901346631,-20.964889999999997,-3.9,-6
place_block2_on_block6,state_002_t2,2,redundant_bt,redundant_bt,experiments/bt_selection_benchmark/bt_candidates/place_block2_on_block6/redundant_bt.json,place block_2 on block_6,"supported_by(block_2, block_6)",block_2,block_6,1,1,1.0,1,1,0,0,8,3,1.0,0.002847,0.535539,1,1,163.900452,good,success,0,fallback_symbolic_effects,done,experiments/bt_selection_benchmark/results/bt_candidate_evaluations_v2_stacking_probe_with_sim.csv,v2_stacking_probe,v2_stacking_probe,v2_stacking_probe::state_002_t2::place_block2_on_block6,152.393835,79.39999999999999,87.293835,0.9903846153846154,0.9953552046468106,0.0,,0.44691572423862574,0.0,0.0,0.0,0.0,0.0,0.44691572423862574,152.393835,65.1,-8
place_block2_on_block6,state_002_t2,2,unsafe_or_invalid_bt,unsafe_or_invalid_bt,experiments/bt_selection_benchmark/bt_candidates/place_block2_on_block6/unsafe_or_invalid_bt.json,place block_2 on block_6,"supported_by(block_2, block_6)",block_2,block_6,0,0,0.0,1,1,0,2,4,3,0.0,1.0,0.0,0,1,-33.0,bad,success,0,fallback_symbolic_effects,skipped,experiments/bt_selection_benchmark/results/bt_candidate_evaluations_v2_stacking_probe_with_sim.csv,v2_stacking_probe,v2_stacking_probe,v2_stacking_probe::state_002_t2::place_block2_on_block6,-22.9,-23.599999999999998,-20.0,0.0,0.012517066687063504,0.05,shortest_tree:0.05,0.03062926667176588,0.0,0.0,0.0,0.0,1.0,0.03062926667176588,-22.9,-2.9,-4
stack_block3_on_block1,state_002_t2,2,correct_bt,correct_bt,experiments/bt_selection_benchmark/bt_candidates/stack_block3_on_block1/correct_bt.json,stack block_3 on block_1,"supported_by(block_3, block_1)",block_3,block_1,1,0,1.0,1,1,0,0,6,3,1.0,0.077669,0.637212,0,1,63.948886,medium,success,0,fallback_symbolic_effects,done,experiments/bt_selection_benchmark/results/bt_candidate_evaluations_v2_stacking_probe_with_sim.csv,v2_stacking_probe,v2_stacking_probe,v2_stacking_probe::state_002_t2::stack_block3_on_block1,52.13725,80.39999999999999,-13.96275,1.0,1.0,0.0,,0.45,0.0,0.0,0.0,0.0,0.0,0.45,52.13725,66.1,-6
stack_block3_on_block1,state_002_t2,2,missing_precondition_bt,missing_precondition_bt,experiments/bt_selection_benchmark/bt_candidates/stack_block3_on_block1/missing_precondition_bt.json,stack block_3 on block_1,"supported_by(block_3, block_1)",block_3,block_1,1,0,1.0,1,1,0,0,5,3,0.5,0.083609,0.719188,0,1,54.225534,bad,success,0,fallback_symbolic_effects,done,experiments/bt_selection_benchmark/results/bt_candidate_evaluations_v2_stacking_probe_with_sim.csv,v2_stacking_probe,v2_stacking_probe,v2_stacking_probe::state_002_t2::stack_block3_on_block1,52.167970000000004,73.39999999999999,-14.432030000000001,0.9326923076923077,0.9222692451033166,0.8999999999999999,feature_only:0.30;symbolic_only:0.10;transformer_fused:0.35;transformer_only:0.15,0.9121057728142907,1.0,1.0,1.0,1.0,0.0,0.9121057728142907,52.167970000000004,66.6,-5
stack_block3_on_block1,state_002_t2,2,wrong_object_bt,wrong_object_bt,experiments/bt_selection_benchmark/bt_candidates/stack_block3_on_block1/wrong_object_bt.json,stack block_3 on block_1,"supported_by(block_3, block_1)",block_3,block_1,0,0,0.0,1,1,0,0,6,3,0.0,0.578258,0.587185,0,1,-30.95695,bad,success,0,fallback_symbolic_effects,done,experiments/bt_selection_benchmark/results/bt_candidate_evaluations_v2_stacking_probe_with_sim.csv,v2_stacking_probe,v2_stacking_probe,v2_stacking_probe::state_002_t2::stack_block3_on_block1,-22.618505,-4.6,-18.718505,0.1826923076923077,0.21226469004927734,0.0,,0.08960463405078087,0.0,0.0,0.0,0.0,0.0,0.08960463405078087,-22.618505,-3.9,-6
stack_block3_on_block1,state_002_t2,2,wrong_support_bt,wrong_support_bt,experiments/bt_selection_benchmark/bt_candidates/stack_block3_on_block1/wrong_support_bt.json,stack block_3 on block_1,"supported_by(block_3, block_1)",block_3,block_1,0,0,0.0,1,1,0,0,6,3,0.5,0.388132,0.60152,0,1,-19.08436,bad,success,0,fallback_symbolic_effects,done,experiments/bt_selection_benchmark/results/bt_candidate_evaluations_v2_stacking_probe_with_sim.csv,v2_stacking_probe,v2_stacking_probe,v2_stacking_probe::state_002_t2::stack_block3_on_block1,-20.788919999999997,2.9,-16.88892,0.2548076923076923,0.5153140916808151,0.0,,0.17979006138174225,0.0,0.0,0.0,0.0,0.0,0.17979006138174225,-20.788919999999997,-3.9,-6
stack_block3_on_block1,state_002_t2,2,redundant_bt,redundant_bt,experiments/bt_selection_benchmark/bt_candidates/stack_block3_on_block1/redundant_bt.json,stack block_3 on block_1,"supported_by(block_3, block_1)",block_3,block_1,1,0,1.0,1,1,0,0,8,3,1.0,0.089332,0.629397,0,1,62.847886,medium,success,0,fallback_symbolic_effects,done,experiments/bt_selection_benchmark/results/bt_candidate_evaluations_v2_stacking_probe_with_sim.csv,v2_stacking_probe,v2_stacking_probe,v2_stacking_probe::state_002_t2::stack_block3_on_block1,51.059695,79.39999999999999,-14.040305,0.9903846153846154,0.9871539194169531,0.0,,0.4448654029311614,0.0,0.0,0.0,0.0,0.0,0.4448654029311614,51.059695,65.1,-8
stack_block3_on_block1,state_002_t2,2,unsafe_or_invalid_bt,unsafe_or_invalid_bt,experiments/bt_selection_benchmark/bt_candidates/stack_block3_on_block1/unsafe_or_invalid_bt.json,stack block_3 on block_1,"supported_by(block_3, block_1)",block_3,block_1,0,0,0.0,1,1,0,2,4,3,0.0,1.0,0.0,0,1,-33.0,bad,success,0,fallback_symbolic_effects,skipped,experiments/bt_selection_benchmark/results/bt_candidate_evaluations_v2_stacking_probe_with_sim.csv,v2_stacking_probe,v2_stacking_probe,v2_stacking_probe::state_002_t2::stack_block3_on_block1,-22.9,-23.599999999999998,-20.0,0.0,0.0,0.05,shortest_tree:0.05,0.027500000000000004,0.0,0.0,0.0,0.0,1.0,0.027500000000000004,-22.9,-2.9,-4
stack_block1_on_block3,state_002_t2,2,correct_bt,correct_bt,experiments/bt_selection_benchmark/bt_candidates/stack_block1_on_block3/correct_bt.json,stack block_1 on block_3,"supported_by(block_1, block_3)",block_1,block_3,1,1,1.0,1,1,0,0,6,3,1.0,0.009803,0.699722,1,1,164.502526,good,success,0,fallback_symbolic_effects,done,experiments/bt_selection_benchmark/results/bt_candidate_evaluations_v2_stacking_probe_with_sim.csv,v2_stacking_probe,v2_stacking_probe,v2_stacking_probe::state_002_t2::stack_block1_on_block3,152.50336,80.39999999999999,86.40336,1.0,1.0,0.6499999999999999,feature_only:0.30;transformer_fused:0.35,0.8075,1.0,1.0,0.0,0.0,0.0,0.8075,152.50336,66.1,-6
stack_block1_on_block3,state_002_t2,2,missing_precondition_bt,missing_precondition_bt,experiments/bt_selection_benchmark/bt_candidates/stack_block1_on_block3/missing_precondition_bt.json,stack block_1 on block_3,"supported_by(block_1, block_3)",block_1,block_3,1,0,1.0,1,1,0,0,5,3,0.5,0.011356,0.599506,0,1,55.187428,bad,success,0,fallback_symbolic_effects,done,experiments/bt_selection_benchmark/results/bt_candidate_evaluations_v2_stacking_probe_with_sim.csv,v2_stacking_probe,v2_stacking_probe,v2_stacking_probe::state_002_t2::stack_block1_on_block3,53.48891,73.39999999999999,-13.11109,0.9326923076923077,0.08700429697061553,0.25,symbolic_only:0.10;transformer_only:0.15,0.34578953578111543,0.0,0.0,1.0,1.0,0.0,0.34578953578111543,53.48891,66.6,-5
stack_block1_on_block3,state_002_t2,2,wrong_object_bt,wrong_object_bt,experiments/bt_selection_benchmark/bt_candidates/stack_block1_on_block3/wrong_object_bt.json,stack block_1 on block_3,"supported_by(block_1, block_3)",block_1,block_3,0,0,0.0,1,1,0,0,6,3,0.0,0.136079,0.724076,0,1,-26.808942,bad,success,0,fallback_symbolic_effects,done,experiments/bt_selection_benchmark/results/bt_candidate_evaluations_v2_stacking_probe_with_sim.csv,v2_stacking_probe,v2_stacking_probe,v2_stacking_probe::state_002_t2::stack_block1_on_block3,-18.881169999999997,-4.6,-14.98117,0.1826923076923077,0.06984724084136806,0.0,,0.054000271748803556,0.0,0.0,0.0,0.0,0.0,0.054000271748803556,-18.881169999999997,-3.9,-6
stack_block1_on_block3,state_002_t2,2,wrong_support_bt,wrong_support_bt,experiments/bt_selection_benchmark/bt_candidates/stack_block1_on_block3/wrong_support_bt.json,stack block_1 on block_3,"supported_by(block_1, block_3)",block_1,block_3,0,0,0.0,1,1,0,0,6,3,0.5,0.893251,0.73237,0,1,-24.39725,bad,success,0,fallback_symbolic_effects,done,experiments/bt_selection_benchmark/results/bt_candidate_evaluations_v2_stacking_probe_with_sim.csv,v2_stacking_probe,v2_stacking_probe,v2_stacking_probe::state_002_t2::stack_block1_on_block3,-26.49436,2.9,-22.59436,0.2548076923076923,0.0,0.0,,0.05096153846153846,0.0,0.0,0.0,0.0,0.0,0.05096153846153846,-26.49436,-3.9,-6
stack_block1_on_block3,state_002_t2,2,redundant_bt,redundant_bt,experiments/bt_selection_benchmark/bt_candidates/stack_block1_on_block3/redundant_bt.json,stack block_1 on block_3,"supported_by(block_1, block_3)",block_1,block_3,1,0,1.0,1,1,0,0,8,3,1.0,0.0761,0.696437,0,1,62.846126,medium,success,0,fallback_symbolic_effects,done,experiments/bt_selection_benchmark/results/bt_candidate_evaluations_v2_stacking_probe_with_sim.csv,v2_stacking_probe,v2_stacking_probe,v2_stacking_probe::state_002_t2::stack_block1_on_block3,50.856815000000005,79.39999999999999,-14.243185,0.9903846153846154,0.07661788705305028,0.0,,0.21723139484018567,0.0,0.0,0.0,0.0,0.0,0.21723139484018567,50.856815000000005,65.1,-8
stack_block1_on_block3,state_002_t2,2,unsafe_or_invalid_bt,unsafe_or_invalid_bt,experiments/bt_selection_benchmark/bt_candidates/stack_block1_on_block3/unsafe_or_invalid_bt.json,stack block_1 on block_3,"supported_by(block_1, block_3)",block_1,block_3,0,0,0.0,1,1,0,2,4,3,0.0,1.0,0.0,0,1,-33.0,bad,success,0,fallback_symbolic_effects,skipped,experiments/bt_selection_benchmark/results/bt_candidate_evaluations_v2_stacking_probe_with_sim.csv,v2_stacking_probe,v2_stacking_probe,v2_stacking_probe::state_002_t2::stack_block1_on_block3,-22.9,-23.599999999999998,-20.0,0.0,0.02380196576588943,0.05,shortest_tree:0.05,0.03345049144147236,0.0,0.0,0.0,0.0,1.0,0.03345049144147236,-22.9,-2.9,-4
stack_block2_on_block1,state_002_t2,2,correct_bt,correct_bt,experiments/bt_selection_benchmark/bt_candidates/stack_block2_on_block1/correct_bt.json,stack block_2 on block_1,"supported_by(block_2, block_1)",block_2,block_1,1,0,1.0,1,1,0,0,6,3,1.0,0.084675,0.529979,0,1,64.093292,medium,success,0,fallback_symbolic_effects,done,experiments/bt_selection_benchmark/results/bt_candidate_evaluations_v2_stacking_probe_with_sim.csv,v2_stacking_probe,v2_stacking_probe,v2_stacking_probe::state_002_t2::stack_block2_on_block1,52.603355,80.39999999999999,-13.496645000000001,1.0,0.955756601789576,0.0,,0.438939150447394,0.0,0.0,0.0,0.0,0.0,0.438939150447394,52.603355,66.1,-6
stack_block2_on_block1,state_002_t2,2,missing_precondition_bt,missing_precondition_bt,experiments/bt_selection_benchmark/bt_candidates/stack_block2_on_block1/missing_precondition_bt.json,stack block_2 on block_1,"supported_by(block_2, block_1)",block_2,block_1,1,0,1.0,1,1,0,0,5,3,0.5,0.093441,0.51938,0,1,54.52683,bad,success,0,fallback_symbolic_effects,done,experiments/bt_selection_benchmark/results/bt_candidate_evaluations_v2_stacking_probe_with_sim.csv,v2_stacking_probe,v2_stacking_probe,v2_stacking_probe::state_002_t2::stack_block2_on_block1,53.06869,73.39999999999999,-13.53131,0.9326923076923077,0.9506621078551323,0.8999999999999999,feature_only:0.30;symbolic_only:0.10;transformer_fused:0.35;transformer_only:0.15,0.9192039885022446,1.0,1.0,1.0,1.0,0.0,0.9192039885022446,53.06869,66.6,-5
stack_block2_on_block1,state_002_t2,2,wrong_object_bt,wrong_object_bt,experiments/bt_selection_benchmark/bt_candidates/stack_block2_on_block1/wrong_object_bt.json,stack block_2 on block_1,"supported_by(block_2, block_1)",block_2,block_1,0,0,0.0,1,1,0,0,6,3,0.0,0.612893,0.399658,0,1,-30.928246,bad,success,0,fallback_symbolic_effects,done,experiments/bt_selection_benchmark/results/bt_candidate_evaluations_v2_stacking_probe_with_sim.csv,v2_stacking_probe,v2_stacking_probe,v2_stacking_probe::state_002_t2::stack_block2_on_block1,-22.02722,-4.6,-18.12722,0.1826923076923077,0.27523053081055565,0.0,,0.10534609424110045,0.0,0.0,0.0,0.0,0.0,0.10534609424110045,-22.02722,-3.9,-6
stack_block2_on_block1,state_002_t2,2,wrong_support_bt,wrong_support_bt,experiments/bt_selection_benchmark/bt_candidates/stack_block2_on_block1/wrong_support_bt.json,stack block_2 on block_1,"supported_by(block_2, block_1)",block_2,block_1,0,0,0.0,1,1,0,0,6,3,0.5,0.399569,0.50448,0,1,-19.00465,bad,success,0,fallback_symbolic_effects,done,experiments/bt_selection_benchmark/results/bt_candidate_evaluations_v2_stacking_probe_with_sim.csv,v2_stacking_probe,v2_stacking_probe,v2_stacking_probe::state_002_t2::stack_block2_on_block1,-20.41809,2.9,-16.51809,0.2548076923076923,0.5117141028495511,0.0,,0.17889006417392622,0.0,0.0,0.0,0.0,0.0,0.17889006417392622,-20.41809,-3.9,-6
stack_block2_on_block1,state_002_t2,2,redundant_bt,redundant_bt,experiments/bt_selection_benchmark/bt_candidates/stack_block2_on_block1/redundant_bt.json,stack block_2 on block_1,"supported_by(block_2, block_1)",block_2,block_1,1,0,1.0,1,1,0,0,8,3,1.0,0.081113,0.476893,0,1,63.235084,medium,success,0,fallback_symbolic_effects,done,experiments/bt_selection_benchmark/results/bt_candidate_evaluations_v2_stacking_probe_with_sim.csv,v2_stacking_probe,v2_stacking_probe,v2_stacking_probe::state_002_t2::stack_block2_on_block1,51.90440499999999,79.39999999999999,-13.195595,0.9903846153846154,1.0,0.0,,0.4480769230769231,0.0,0.0,0.0,0.0,0.0,0.4480769230769231,51.90440499999999,65.1,-8
stack_block2_on_block1,state_002_t2,2,unsafe_or_invalid_bt,unsafe_or_invalid_bt,experiments/bt_selection_benchmark/bt_candidates/stack_block2_on_block1/unsafe_or_invalid_bt.json,stack block_2 on block_1,"supported_by(block_2, block_1)",block_2,block_1,0,0,0.0,1,1,0,2,4,3,0.0,1.0,0.0,0,1,-33.0,bad,success,0,fallback_symbolic_effects,skipped,experiments/bt_selection_benchmark/results/bt_candidate_evaluations_v2_stacking_probe_with_sim.csv,v2_stacking_probe,v2_stacking_probe,v2_stacking_probe::state_002_t2::stack_block2_on_block1,-22.9,-23.599999999999998,-20.0,0.0,0.0,0.05,shortest_tree:0.05,0.027500000000000004,0.0,0.0,0.0,0.0,1.0,0.027500000000000004,-22.9,-2.9,-4
stack_block4_on_block1,state_002_t2,2,correct_bt,correct_bt,experiments/bt_selection_benchmark/bt_candidates/stack_block4_on_block1/correct_bt.json,stack block_4 on block_1,"supported_by(block_4, block_1)",block_4,block_1,1,0,1.0,1,1,0,0,6,3,1.0,0.092037,0.596741,0,1,63.886148,medium,success,0,fallback_symbolic_effects,done,experiments/bt_selection_benchmark/results/bt_candidate_evaluations_v2_stacking_probe_with_sim.csv,v2_stacking_probe,v2_stacking_probe,v2_stacking_probe::state_002_t2::stack_block4_on_block1,52.195924999999995,80.39999999999999,-13.904074999999999,1.0,1.0,0.0,,0.45,0.0,0.0,0.0,0.0,0.0,0.45,52.195924999999995,66.1,-6
stack_block4_on_block1,state_002_t2,2,missing_precondition_bt,missing_precondition_bt,experiments/bt_selection_benchmark/bt_candidates/stack_block4_on_block1/missing_precondition_bt.json,stack block_4 on block_1,"supported_by(block_4, block_1)",block_4,block_1,1,0,1.0,1,1,0,0,5,3,0.5,0.085522,0.716488,0,1,54.211804,bad,success,0,fallback_symbolic_effects,done,experiments/bt_selection_benchmark/results/bt_candidate_evaluations_v2_stacking_probe_with_sim.csv,v2_stacking_probe,v2_stacking_probe,v2_stacking_probe::state_002_t2::stack_block4_on_block1,52.16233999999999,73.39999999999999,-14.437660000000001,0.9326923076923077,0.9124685753187577,0.8999999999999999,feature_only:0.30;symbolic_only:0.10;transformer_fused:0.35;transformer_only:0.15,0.9096556053681509,1.0,1.0,1.0,1.0,0.0,0.9096556053681509,52.16233999999999,66.6,-5
stack_block4_on_block1,state_002_t2,2,wrong_object_bt,wrong_object_bt,experiments/bt_selection_benchmark/bt_candidates/stack_block4_on_block1/wrong_object_bt.json,stack block_4 on block_1,"supported_by(block_4, block_1)",block_4,block_1,0,0,0.0,1,1,0,0,6,3,0.0,0.640623,0.673843,0,1,-31.753916,bad,success,0,fallback_symbolic_effects,done,experiments/bt_selection_benchmark/results/bt_candidate_evaluations_v2_stacking_probe_with_sim.csv,v2_stacking_probe,v2_stacking_probe,v2_stacking_probe::state_002_t2::stack_block4_on_block1,-23.675445,-4.6,-19.775445,0.1826923076923077,0.03683690334116622,0.0,,0.04574768737375309,0.0,0.0,0.0,0.0,0.0,0.04574768737375309,-23.675445,-3.9,-6
stack_block4_on_block1,state_002_t2,2,wrong_support_bt,wrong_support_bt,experiments/bt_selection_benchmark/bt_candidates/stack_block4_on_block1/wrong_support_bt.json,stack block_4 on block_1,"supported_by(block_4, block_1)",block_4,block_1,0,0,0.0,1,1,0,0,6,3,0.5,0.3938,0.744604,0,1,-19.427208,bad,success,0,fallback_symbolic_effects,done,experiments/bt_selection_benchmark/results/bt_candidate_evaluations_v2_stacking_probe_with_sim.csv,v2_stacking_probe,v2_stacking_probe,v2_stacking_probe::state_002_t2::stack_block4_on_block1,-21.56102,2.9,-17.66102,0.2548076923076923,0.38369566554706613,0.0,,0.146885454848305,0.0,0.0,0.0,0.0,0.0,0.146885454848305,-21.56102,-3.9,-6
stack_block4_on_block1,state_002_t2,2,redundant_bt,redundant_bt,experiments/bt_selection_benchmark/bt_candidates/stack_block4_on_block1/redundant_bt.json,stack block_4 on block_1,"supported_by(block_4, block_1)",block_4,block_1,1,0,1.0,1,1,0,0,8,3,1.0,0.083471,0.651095,0,1,62.8631,medium,success,0,fallback_symbolic_effects,done,experiments/bt_selection_benchmark/results/bt_candidate_evaluations_v2_stacking_probe_with_sim.csv,v2_stacking_probe,v2_stacking_probe,v2_stacking_probe::state_002_t2::stack_block4_on_block1,51.009814999999996,79.39999999999999,-14.090185,0.9903846153846154,0.9694697687389525,0.0,,0.4404443652616612,0.0,0.0,0.0,0.0,0.0,0.4404443652616612,51.009814999999996,65.1,-8
stack_block4_on_block1,state_002_t2,2,unsafe_or_invalid_bt,unsafe_or_invalid_bt,experiments/bt_selection_benchmark/bt_candidates/stack_block4_on_block1/unsafe_or_invalid_bt.json,stack block_4 on block_1,"supported_by(block_4, block_1)",block_4,block_1,0,0,0.0,1,1,0,2,4,3,0.0,1.0,0.0,0,1,-33.0,bad,success,0,fallback_symbolic_effects,skipped,experiments/bt_selection_benchmark/results/bt_candidate_evaluations_v2_stacking_probe_with_sim.csv,v2_stacking_probe,v2_stacking_probe,v2_stacking_probe::state_002_t2::stack_block4_on_block1,-22.9,-23.599999999999998,-20.0,0.0,0.0,0.05,shortest_tree:0.05,0.027500000000000004,0.0,0.0,0.0,0.0,1.0,0.027500000000000004,-22.9,-2.9,-4
stack_block3_on_block2,state_002_t2,2,correct_bt,correct_bt,experiments/bt_selection_benchmark/bt_candidates/stack_block3_on_block2/correct_bt.json,stack block_3 on block_2,"supported_by(block_3, block_2)",block_3,block_2,1,0,1.0,1,1,0,0,6,3,1.0,0.082588,0.751412,0,1,63.671296,medium,success,0,fallback_symbolic_effects,done,experiments/bt_selection_benchmark/results/bt_candidate_evaluations_v2_stacking_probe_with_sim.csv,v2_stacking_probe,v2_stacking_probe,v2_stacking_probe::state_002_t2::stack_block3_on_block2,51.51706000000001,80.39999999999999,-14.58294,1.0,0.8867057620917844,0.0,,0.4216764405229461,0.0,0.0,0.0,0.0,0.0,0.4216764405229461,51.51706000000001,66.1,-6
stack_block3_on_block2,state_002_t2,2,missing_precondition_bt,missing_precondition_bt,experiments/bt_selection_benchmark/bt_candidates/stack_block3_on_block2/missing_precondition_bt.json,stack block_3 on block_2,"supported_by(block_3, block_2)",block_3,block_2,1,0,1.0,1,1,0,0,5,3,0.5,0.07868,0.611822,0,1,54.489556,bad,success,0,fallback_symbolic_effects,done,experiments/bt_selection_benchmark/results/bt_candidate_evaluations_v2_stacking_probe_with_sim.csv,v2_stacking_probe,v2_stacking_probe,v2_stacking_probe::state_002_t2::stack_block3_on_block2,52.75409,73.39999999999999,-13.84591,0.9326923076923077,1.0,0.8999999999999999,feature_only:0.30;symbolic_only:0.10;transformer_fused:0.35;transformer_only:0.15,0.9315384615384615,1.0,1.0,1.0,1.0,0.0,0.9315384615384615,52.75409,66.6,-5
stack_block3_on_block2,state_002_t2,2,wrong_object_bt,wrong_object_bt,experiments/bt_selection_benchmark/bt_candidates/stack_block3_on_block2/wrong_object_bt.json,stack block_3 on block_2,"supported_by(block_3, block_2)",block_3,block_2,0,0,0.0,1,1,0,0,6,3,0.0,0.706242,0.657788,0,1,-32.377996,bad,success,0,fallback_symbolic_effects,done,experiments/bt_selection_benchmark/results/bt_candidate_evaluations_v2_stacking_probe_with_sim.csv,v2_stacking_probe,v2_stacking_probe,v2_stacking_probe::state_002_t2::stack_block3_on_block2,-24.25136,-4.6,-20.35136,0.1826923076923077,0.0,0.0,,0.03653846153846154,0.0,0.0,0.0,0.0,0.0,0.03653846153846154,-24.25136,-3.9,-6
stack_block3_on_block2,state_002_t2,2,wrong_support_bt,wrong_support_bt,experiments/bt_selection_benchmark/bt_candidates/stack_block3_on_block2/wrong_support_bt.json,stack block_3 on block_2,"supported_by(block_3, block_2)",block_3,block_2,0,0,0.0,1,1,0,0,6,3,0.5,0.417716,0.591305,0,1,-19.35977,bad,success,0,fallback_symbolic_effects,done,experiments/bt_selection_benchmark/results/bt_candidate_evaluations_v2_stacking_probe_with_sim.csv,v2_stacking_probe,v2_stacking_probe,v2_stacking_probe::state_002_t2::stack_block3_on_block2,-21.033685,2.9,-17.133685,0.2548076923076923,0.4946122097625837,0.0,,0.1746145909021844,0.0,0.0,0.0,0.0,0.0,0.1746145909021844,-21.033685,-3.9,-6
stack_block3_on_block2,state_002_t2,2,redundant_bt,redundant_bt,experiments/bt_selection_benchmark/bt_candidates/stack_block3_on_block2/redundant_bt.json,stack block_3 on block_2,"supported_by(block_3, block_2)",block_3,block_2,1,0,1.0,1,1,0,0,8,3,1.0,0.080206,0.657812,0,1,62.882316,medium,success,0,fallback_symbolic_effects,done,experiments/bt_selection_benchmark/results/bt_candidate_evaluations_v2_stacking_probe_with_sim.csv,v2_stacking_probe,v2_stacking_probe,v2_stacking_probe::state_002_t2::stack_block3_on_block2,51.00888,79.39999999999999,-14.09112,0.9903846153846154,0.9623069887555818,0.0,,0.4386536702658186,0.0,0.0,0.0,0.0,0.0,0.4386536702658186,51.00888,65.1,-8
stack_block3_on_block2,state_002_t2,2,unsafe_or_invalid_bt,unsafe_or_invalid_bt,experiments/bt_selection_benchmark/bt_candidates/stack_block3_on_block2/unsafe_or_invalid_bt.json,stack block_3 on block_2,"supported_by(block_3, block_2)",block_3,block_2,0,0,0.0,1,1,0,2,4,3,0.0,1.0,0.0,0,1,-33.0,bad,success,0,fallback_symbolic_effects,skipped,experiments/bt_selection_benchmark/results/bt_candidate_evaluations_v2_stacking_probe_with_sim.csv,v2_stacking_probe,v2_stacking_probe,v2_stacking_probe::state_002_t2::stack_block3_on_block2,-22.9,-23.599999999999998,-20.0,0.0,0.05401009922449634,0.05,shortest_tree:0.05,0.04100252480612409,0.0,0.0,0.0,0.0,1.0,0.04100252480612409,-22.9,-2.9,-4
place_block3_on_block5,state_003_t3,3,correct_bt,correct_bt,experiments/bt_selection_benchmark/bt_candidates/place_block3_on_block5/correct_bt.json,place block_3 on block_5,"supported_by(block_3, block_5)",block_3,block_5,1,1,1.0,1,1,0,0,6,3,1.0,0.003195,0.617118,1,1,164.733814,good,success,0,fallback_symbolic_effects,done,experiments/bt_selection_benchmark/results/bt_candidate_evaluations_v2_stacking_probe_with_sim.csv,v2_stacking_probe,v2_stacking_probe,v2_stacking_probe::state_003_t3::place_block3_on_block5,152.98246,80.39999999999999,86.88246000000001,1.0,1.0,0.0,,0.45,0.0,0.0,0.0,0.0,0.0,0.45,152.98246,66.1,-6
place_block3_on_block5,state_003_t3,3,missing_precondition_bt,missing_precondition_bt,experiments/bt_selection_benchmark/bt_candidates/place_block3_on_block5/missing_precondition_bt.json,place block_3 on block_5,"supported_by(block_3, block_5)",block_3,block_5,1,1,1.0,1,1,0,0,5,3,0.5,0.007139,0.71454,1,1,154.99953,good,success,0,fallback_symbolic_effects,done,experiments/bt_selection_benchmark/results/bt_candidate_evaluations_v2_stacking_probe_with_sim.csv,v2_stacking_probe,v2_stacking_probe,v2_stacking_probe::state_003_t3::place_block3_on_block5,152.95591,73.39999999999999,86.35591000000001,0.7941176470588235,0.9950597161675351,0.7999999999999999,feature_only:0.30;transformer_fused:0.35;transformer_only:0.15,0.8475884584536485,1.0,1.0,1.0,0.0,0.0,0.8475884584536485,152.95591,66.6,-5
place_block3_on_block5,state_003_t3,3,wrong_object_bt,wrong_object_bt,experiments/bt_selection_benchmark/bt_candidates/place_block3_on_block5/wrong_object_bt.json,place block_3 on block_5,"supported_by(block_3, block_5)",block_3,block_5,1,0,1.0,1,1,0,0,6,3,0.0,0.602062,0.735973,0,1,38.507434,bad,success,0,fallback_symbolic_effects,done,experiments/bt_selection_benchmark/results/bt_candidate_evaluations_v2_stacking_probe_with_sim.csv,v2_stacking_probe,v2_stacking_probe,v2_stacking_probe::state_003_t3::place_block3_on_block5,46.399515,65.39999999999999,-19.700485,0.5588235294117646,0.0,0.0,,0.11176470588235293,0.0,0.0,0.0,0.0,0.0,0.11176470588235293,46.399515,66.1,-6
place_block3_on_block5,state_003_t3,3,wrong_support_bt,wrong_support_bt,experiments/bt_selection_benchmark/bt_candidates/place_block3_on_block5/wrong_support_bt.json,place block_3 on block_5,"supported_by(block_3, block_5)",block_3,block_5,1,0,1.0,1,1,0,0,6,3,0.5,0.467412,0.550468,0,1,50.224944,bad,success,0,fallback_symbolic_effects,done,experiments/bt_selection_benchmark/results/bt_candidate_evaluations_v2_stacking_probe_with_sim.csv,v2_stacking_probe,v2_stacking_probe,v2_stacking_probe::state_003_t3::place_block3_on_block5,48.67354,72.89999999999999,-17.42646,0.7794117647058824,0.021335730589917567,0.0,,0.16121628558865586,0.0,0.0,0.0,0.0,0.0,0.16121628558865586,48.67354,66.1,-6
place_block3_on_block5,state_003_t3,3,redundant_bt,redundant_bt,experiments/bt_selection_benchmark/bt_candidates/place_block3_on_block5/redundant_bt.json,place block_3 on block_5,"supported_by(block_3, block_5)",block_3,block_5,1,1,1.0,1,1,0,0,8,3,1.0,0.002641,0.689953,1,1,163.593684,good,success,0,fallback_symbolic_effects,done,experiments/bt_selection_benchmark/results/bt_candidate_evaluations_v2_stacking_probe_with_sim.csv,v2_stacking_probe,v2_stacking_probe,v2_stacking_probe::state_003_t3::place_block3_on_block5,151.62382499999998,79.39999999999999,86.523825,0.9705882352941176,0.9966351558403644,0.0,,0.44327643601891464,0.0,0.0,0.0,0.0,0.0,0.44327643601891464,151.62382499999998,65.1,-8
place_block3_on_block5,state_003_t3,3,unsafe_or_invalid_bt,unsafe_or_invalid_bt,experiments/bt_selection_benchmark/bt_candidates/place_block3_on_block5/unsafe_or_invalid_bt.json,place block_3 on block_5,"supported_by(block_3, block_5)",block_3,block_5,1,0,1.0,1,1,0,2,4,3,0.0,0.0,0.0,0,1,47.0,bad,success,0,fallback_symbolic_effects,skipped,experiments/bt_selection_benchmark/results/bt_candidate_evaluations_v2_stacking_probe_with_sim.csv,v2_stacking_probe,v2_stacking_probe,v2_stacking_probe::state_003_t3::place_block3_on_block5,57.1,46.4,-10.0,0.0,0.09101348250416612,0.15000000000000002,shortest_tree:0.05;symbolic_only:0.10,0.10525337062604155,0.0,0.0,0.0,1.0,1.0,0.10525337062604155,57.1,67.1,-4
place_block1_on_block5,state_003_t3,3,correct_bt,correct_bt,experiments/bt_selection_benchmark/bt_candidates/place_block1_on_block5/correct_bt.json,place block_1 on block_5,"supported_by(block_1, block_5)",block_1,block_5,1,1,1.0,1,1,0,0,6,3,1.0,0.000263,0.718231,1,1,164.560908,good,success,0,fallback_symbolic_effects,done,experiments/bt_selection_benchmark/results/bt_candidate_evaluations_v2_stacking_probe_with_sim.csv,v2_stacking_probe,v2_stacking_probe,v2_stacking_probe::state_003_t3::place_block1_on_block5,152.506215,80.39999999999999,86.406215,1.0,0.9955971566745511,0.0,,0.44889928916863775,0.0,0.0,0.0,0.0,0.0,0.44889928916863775,152.506215,66.1,-6
place_block1_on_block5,state_003_t3,3,missing_precondition_bt,missing_precondition_bt,experiments/bt_selection_benchmark/bt_candidates/place_block1_on_block5/missing_precondition_bt.json,place block_1 on block_5,"supported_by(block_1, block_5)",block_1,block_5,1,1,1.0,1,1,0,0,5,3,0.5,0.000876,0.728028,1,1,155.035184,good,success,0,fallback_symbolic_effects,done,experiments/bt_selection_benchmark/results/bt_candidate_evaluations_v2_stacking_probe_with_sim.csv,v2_stacking_probe,v2_stacking_probe,v2_stacking_probe::state_003_t3::place_block1_on_block5,152.9511,73.39999999999999,86.3511,0.7941176470588235,0.9950735616979468,0.7999999999999999,feature_only:0.30;transformer_fused:0.35;transformer_only:0.15,0.8475919198362515,1.0,1.0,1.0,0.0,0.0,0.8475919198362515,152.9511,66.6,-5
place_block1_on_block5,state_003_t3,3,wrong_object_bt,wrong_object_bt,experiments/bt_selection_benchmark/bt_candidates/place_block1_on_block5/wrong_object_bt.json,place block_1 on block_5,"supported_by(block_1, block_5)",block_1,block_5,1,0,1.0,1,1,0,0,6,3,0.0,0.531634,0.61533,0,1,39.453,bad,success,0,fallback_symbolic_effects,done,experiments/bt_selection_benchmark/results/bt_candidate_evaluations_v2_stacking_probe_with_sim.csv,v2_stacking_probe,v2_stacking_probe,v2_stacking_probe::state_003_t3::place_block1_on_block5,47.707010000000004,65.39999999999999,-18.39299,0.5588235294117646,0.0,0.0,,0.11176470588235293,0.0,0.0,0.0,0.0,0.0,0.11176470588235293,47.707010000000004,66.1,-6
place_block1_on_block5,state_003_t3,3,wrong_support_bt,wrong_support_bt,experiments/bt_selection_benchmark/bt_candidates/place_block1_on_block5/wrong_support_bt.json,place block_1 on block_5,"supported_by(block_1, block_5)",block_1,block_5,1,0,1.0,1,1,0,0,6,3,0.5,0.451239,0.712466,0,1,50.062678,bad,success,0,fallback_symbolic_effects,done,experiments/bt_selection_benchmark/results/bt_candidate_evaluations_v2_stacking_probe_with_sim.csv,v2_stacking_probe,v2_stacking_probe,v2_stacking_probe::state_003_t3::place_block1_on_block5,48.02528,72.89999999999999,-18.07472,0.7794117647058824,0.0030235793015301136,0.0,,0.156638247766559,0.0,0.0,0.0,0.0,0.0,0.156638247766559,48.02528,66.1,-6
place_block1_on_block5,state_003_t3,3,redundant_bt,redundant_bt,experiments/bt_selection_benchmark/bt_candidates/place_block1_on_block5/redundant_bt.json,place block_1 on block_5,"supported_by(block_1, block_5)",block_1,block_5,1,1,1.0,1,1,0,0,8,3,1.0,0.002703,0.62066,1,1,163.73165,good,success,0,fallback_symbolic_effects,done,experiments/bt_selection_benchmark/results/bt_candidate_evaluations_v2_stacking_probe_with_sim.csv,v2_stacking_probe,v2_stacking_probe,v2_stacking_probe::state_003_t3::place_block1_on_block5,151.96967,79.39999999999999,86.86967,0.9705882352941176,1.0,0.0,,0.4441176470588235,0.0,0.0,0.0,0.0,0.0,0.4441176470588235,151.96967,65.1,-8
place_block1_on_block5,state_003_t3,3,unsafe_or_invalid_bt,unsafe_or_invalid_bt,experiments/bt_selection_benchmark/bt_candidates/place_block1_on_block5/unsafe_or_invalid_bt.json,place block_1 on block_5,"supported_by(block_1, block_5)",block_1,block_5,1,0,1.0,1,1,0,2,4,3,0.0,0.0,0.0,0,1,47.0,bad,success,0,fallback_symbolic_effects,skipped,experiments/bt_selection_benchmark/results/bt_candidate_evaluations_v2_stacking_probe_with_sim.csv,v2_stacking_probe,v2_stacking_probe,v2_stacking_probe::state_003_t3::place_block1_on_block5,57.1,46.4,-10.0,0.0,0.07973378214078954,0.15000000000000002,shortest_tree:0.05;symbolic_only:0.10,0.1024334455351974,0.0,0.0,0.0,1.0,1.0,0.1024334455351974,57.1,67.1,-4
place_block2_on_block6,state_003_t3,3,correct_bt,correct_bt,experiments/bt_selection_benchmark/bt_candidates/place_block2_on_block6/correct_bt.json,place block_2 on block_6,"supported_by(block_2, block_6)",block_2,block_6,1,1,1.0,1,1,0,0,6,3,1.0,0.000156,0.478744,1,1,165.040952,good,success,0,fallback_symbolic_effects,done,experiments/bt_selection_benchmark/results/bt_candidate_evaluations_v2_stacking_probe_with_sim.csv,v2_stacking_probe,v2_stacking_probe,v2_stacking_probe::state_003_t3::place_block2_on_block6,153.70471999999998,80.39999999999999,87.60472,1.0,0.9991493400673864,0.0,,0.44978733501684665,0.0,0.0,0.0,0.0,0.0,0.44978733501684665,153.70471999999998,66.1,-6
place_block2_on_block6,state_003_t3,3,missing_precondition_bt,missing_precondition_bt,experiments/bt_selection_benchmark/bt_candidates/place_block2_on_block6/missing_precondition_bt.json,place block_2 on block_6,"supported_by(block_2, block_6)",block_2,block_6,1,1,1.0,1,1,0,0,5,3,0.5,0.004751,0.450891,1,1,155.550708,good,success,0,fallback_symbolic_effects,done,experiments/bt_selection_benchmark/results/bt_candidate_evaluations_v2_stacking_probe_with_sim.csv,v2_stacking_probe,v2_stacking_probe,v2_stacking_probe::state_003_t3::place_block2_on_block6,154.298035,73.39999999999999,87.698035,0.9326923076923077,1.0,0.8999999999999999,feature_only:0.30;symbolic_only:0.10;transformer_fused:0.35;transformer_only:0.15,0.9315384615384615,1.0,1.0,1.0,1.0,0.0,0.9315384615384615,154.298035,66.6,-5
place_block2_on_block6,state_003_t3,3,wrong_object_bt,wrong_object_bt,experiments/bt_selection_benchmark/bt_candidates/place_block2_on_block6/wrong_object_bt.json,place block_2 on block_6,"supported_by(block_2, block_6)",block_2,block_6,0,0,0.0,1,1,0,0,6,3,0.0,0.911251,0.577328,0,1,-34.267166,bad,success,0,fallback_symbolic_effects,done,experiments/bt_selection_benchmark/results/bt_candidate_evaluations_v2_stacking_probe_with_sim.csv,v2_stacking_probe,v2_stacking_probe,v2_stacking_probe::state_003_t3::place_block2_on_block6,-25.89915,-4.6,-21.99915,0.1826923076923077,0.0,0.0,,0.03653846153846154,0.0,0.0,0.0,0.0,0.0,0.03653846153846154,-25.89915,-3.9,-6
place_block2_on_block6,state_003_t3,3,wrong_support_bt,wrong_support_bt,experiments/bt_selection_benchmark/bt_candidates/place_block2_on_block6/wrong_support_bt.json,place block_2 on block_6,"supported_by(block_2, block_6)",block_2,block_6,0,0,0.0,1,1,0,0,6,3,0.5,0.462184,0.588053,0,1,-19.797946,bad,success,0,fallback_symbolic_effects,done,experiments/bt_selection_benchmark/results/bt_candidate_evaluations_v2_stacking_probe_with_sim.csv,v2_stacking_probe,v2_stacking_probe,v2_stacking_probe::state_003_t3::place_block2_on_block6,-21.462104999999998,2.9,-17.562105,0.2548076923076923,0.040448120888425726,0.0,,0.06107356868364489,0.0,0.0,0.0,0.0,0.0,0.06107356868364489,-21.462104999999998,-3.9,-6
place_block2_on_block6,state_003_t3,3,redundant_bt,redundant_bt,experiments/bt_selection_benchmark/bt_candidates/place_block2_on_block6/redundant_bt.json,place block_2 on block_6,"supported_by(block_2, block_6)",block_2,block_6,1,1,1.0,1,1,0,0,8,3,1.0,0.007419,0.465766,1,1,163.994278,good,success,0,fallback_symbolic_effects,done,experiments/bt_selection_benchmark/results/bt_candidate_evaluations_v2_stacking_probe_with_sim.csv,v2_stacking_probe,v2_stacking_probe,v2_stacking_probe::state_003_t3::place_block2_on_block6,152.69698,79.39999999999999,87.59698,0.9903846153846154,0.9990787821948212,0.0,,0.44784661862562836,0.0,0.0,0.0,0.0,0.0,0.44784661862562836,152.69698,65.1,-8
place_block2_on_block6,state_003_t3,3,unsafe_or_invalid_bt,unsafe_or_invalid_bt,experiments/bt_selection_benchmark/bt_candidates/place_block2_on_block6/unsafe_or_invalid_bt.json,place block_2 on block_6,"supported_by(block_2, block_6)",block_2,block_6,0,0,0.0,1,1,0,2,4,3,0.0,1.0,0.0,0,1,-33.0,bad,success,0,fallback_symbolic_effects,skipped,experiments/bt_selection_benchmark/results/bt_candidate_evaluations_v2_stacking_probe_with_sim.csv,v2_stacking_probe,v2_stacking_probe,v2_stacking_probe::state_003_t3::place_block2_on_block6,-22.9,-23.599999999999998,-20.0,0.0,0.018224259811224875,0.05,shortest_tree:0.05,0.032056064952806225,0.0,0.0,0.0,0.0,1.0,0.032056064952806225,-22.9,-2.9,-4
stack_block3_on_block1,state_003_t3,3,correct_bt,correct_bt,experiments/bt_selection_benchmark/bt_candidates/stack_block3_on_block1/correct_bt.json,stack block_3 on block_1,"supported_by(block_3, block_1)",block_3,block_1,1,0,1.0,1,1,0,0,6,3,1.0,0.079519,0.743227,0,1,63.718356,medium,success,0,fallback_symbolic_effects,done,experiments/bt_selection_benchmark/results/bt_candidate_evaluations_v2_stacking_probe_with_sim.csv,v2_stacking_probe,v2_stacking_probe,v2_stacking_probe::state_003_t3::stack_block3_on_block1,51.588675,80.39999999999999,-14.511325,1.0,0.8848298870642592,0.0,,0.4212074717660648,0.0,0.0,0.0,0.0,0.0,0.4212074717660648,51.588675,66.1,-6
stack_block3_on_block1,state_003_t3,3,missing_precondition_bt,missing_precondition_bt,experiments/bt_selection_benchmark/bt_candidates/stack_block3_on_block1/missing_precondition_bt.json,stack block_3 on block_1,"supported_by(block_3, block_1)",block_3,block_1,1,0,1.0,1,1,0,0,5,3,0.5,0.084284,0.627138,0,1,54.402884,bad,success,0,fallback_symbolic_effects,done,experiments/bt_selection_benchmark/results/bt_candidate_evaluations_v2_stacking_probe_with_sim.csv,v2_stacking_probe,v2_stacking_probe,v2_stacking_probe::state_003_t3::stack_block3_on_block1,52.62147000000001,73.39999999999999,-13.97853,0.9326923076923077,0.9707218263170666,0.8999999999999999,feature_only:0.30;symbolic_only:0.10;transformer_fused:0.35;transformer_only:0.15,0.9242189181177282,1.0,1.0,1.0,1.0,0.0,0.9242189181177282,52.62147000000001,66.6,-5
stack_block3_on_block1,state_003_t3,3,wrong_object_bt,wrong_object_bt,experiments/bt_selection_benchmark/bt_candidates/stack_block3_on_block1/wrong_object_bt.json,stack block_3 on block_1,"supported_by(block_3, block_1)",block_3,block_1,0,0,0.0,1,1,0,0,6,3,0.0,0.526196,0.711084,0,1,-30.684128,bad,success,0,fallback_symbolic_effects,done,experiments/bt_selection_benchmark/results/bt_candidate_evaluations_v2_stacking_probe_with_sim.csv,v2_stacking_probe,v2_stacking_probe,v2_stacking_probe::state_003_t3::stack_block3_on_block1,-22.71738,-4.6,-18.81738,0.1826923076923077,0.1906502973923459,0.0,,0.08420103588654801,0.0,0.0,0.0,0.0,0.0,0.08420103588654801,-22.71738,-3.9,-6
stack_block3_on_block1,state_003_t3,3,wrong_support_bt,wrong_support_bt,experiments/bt_selection_benchmark/bt_candidates/stack_block3_on_block1/wrong_support_bt.json,stack block_3 on block_1,"supported_by(block_3, block_1)",block_3,block_1,0,0,0.0,1,1,0,0,6,3,0.5,0.388433,0.655473,0,1,-19.195276,bad,success,0,fallback_symbolic_effects,done,experiments/bt_selection_benchmark/results/bt_candidate_evaluations_v2_stacking_probe_with_sim.csv,v2_stacking_probe,v2_stacking_probe,v2_stacking_probe::state_003_t3::stack_block3_on_block1,-21.061695,2.9,-17.161695,0.2548076923076923,0.4575634543134583,0.0,,0.16535240203990303,0.0,0.0,0.0,0.0,0.0,0.16535240203990303,-21.061695,-3.9,-6
stack_block3_on_block1,state_003_t3,3,redundant_bt,redundant_bt,experiments/bt_selection_benchmark/bt_candidates/stack_block3_on_block1/redundant_bt.json,stack block_3 on block_1,"supported_by(block_3, block_1)",block_3,block_1,1,0,1.0,1,1,0,0,8,3,1.0,0.090179,0.579025,0,1,62.94016,medium,success,0,fallback_symbolic_effects,done,experiments/bt_selection_benchmark/results/bt_candidate_evaluations_v2_stacking_probe_with_sim.csv,v2_stacking_probe,v2_stacking_probe,v2_stacking_probe::state_003_t3::stack_block3_on_block1,51.30308499999999,79.39999999999999,-13.796915,0.9903846153846154,1.0,0.0,,0.4480769230769231,0.0,0.0,0.0,0.0,0.0,0.4480769230769231,51.30308499999999,65.1,-8
stack_block3_on_block1,state_003_t3,3,unsafe_or_invalid_bt,unsafe_or_invalid_bt,experiments/bt_selection_benchmark/bt_candidates/stack_block3_on_block1/unsafe_or_invalid_bt.json,stack block_3 on block_1,"supported_by(block_3, block_1)",block_3,block_1,0,0,0.0,1,1,0,2,4,3,0.0,1.0,0.0,0,1,-33.0,bad,success,0,fallback_symbolic_effects,skipped,experiments/bt_selection_benchmark/results/bt_candidate_evaluations_v2_stacking_probe_with_sim.csv,v2_stacking_probe,v2_stacking_probe,v2_stacking_probe::state_003_t3::stack_block3_on_block1,-22.9,-23.599999999999998,-20.0,0.0,0.0,0.05,shortest_tree:0.05,0.027500000000000004,0.0,0.0,0.0,0.0,1.0,0.027500000000000004,-22.9,-2.9,-4
stack_block1_on_block3,state_003_t3,3,correct_bt,correct_bt,experiments/bt_selection_benchmark/bt_candidates/stack_block1_on_block3/correct_bt.json,stack block_1 on block_3,"supported_by(block_1, block_3)",block_1,block_3,1,0,1.0,1,1,0,0,6,3,1.0,0.076446,0.671656,0,1,63.892228,medium,success,0,fallback_symbolic_effects,done,experiments/bt_selection_benchmark/results/bt_candidate_evaluations_v2_stacking_probe_with_sim.csv,v2_stacking_probe,v2_stacking_probe,v2_stacking_probe::state_003_t3::stack_block1_on_block3,51.97726000000001,80.39999999999999,-14.12274,1.0,0.932979863321401,0.35,transformer_fused:0.35,0.6257449658303502,0.0,1.0,0.0,0.0,0.0,0.6257449658303502,51.97726000000001,66.1,-6
stack_block1_on_block3,state_003_t3,3,missing_precondition_bt,missing_precondition_bt,experiments/bt_selection_benchmark/bt_candidates/stack_block1_on_block3/missing_precondition_bt.json,stack block_1 on block_3,"supported_by(block_1, block_3)",block_1,block_3,1,0,1.0,1,1,0,0,5,3,0.5,0.079787,0.580536,0,1,54.541058,bad,success,0,fallback_symbolic_effects,done,experiments/bt_selection_benchmark/results/bt_candidate_evaluations_v2_stacking_probe_with_sim.csv,v2_stacking_probe,v2_stacking_probe,v2_stacking_probe::state_003_t3::stack_block1_on_block3,52.899449999999995,73.39999999999999,-13.70055,0.9326923076923077,1.0,0.5499999999999999,feature_only:0.30;symbolic_only:0.10;transformer_only:0.15,0.7390384615384615,1.0,0.0,1.0,1.0,0.0,0.7390384615384615,52.899449999999995,66.6,-5
stack_block1_on_block3,state_003_t3,3,wrong_object_bt,wrong_object_bt,experiments/bt_selection_benchmark/bt_candidates/stack_block1_on_block3/wrong_object_bt.json,stack block_1 on block_3,"supported_by(block_1, block_3)",block_1,block_3,0,0,0.0,1,1,0,0,6,3,0.0,0.560695,0.505145,0,1,-30.61724,bad,success,0,fallback_symbolic_effects,done,experiments/bt_selection_benchmark/results/bt_candidate_evaluations_v2_stacking_probe_with_sim.csv,v2_stacking_probe,v2_stacking_probe,v2_stacking_probe::state_003_t3::stack_block1_on_block3,-22.032674999999998,-4.6,-18.132675,0.1826923076923077,0.29642667216979274,0.0,,0.11064512958090972,0.0,0.0,0.0,0.0,0.0,0.11064512958090972,-22.032674999999998,-3.9,-6
stack_block1_on_block3,state_003_t3,3,wrong_support_bt,wrong_support_bt,experiments/bt_selection_benchmark/bt_candidates/stack_block1_on_block3/wrong_support_bt.json,stack block_1 on block_3,"supported_by(block_1, block_3)",block_1,block_3,0,0,0.0,1,1,0,0,6,3,0.5,0.417353,0.794577,0,1,-19.762684,bad,success,0,fallback_symbolic_effects,done,experiments/bt_selection_benchmark/results/bt_candidate_evaluations_v2_stacking_probe_with_sim.csv,v2_stacking_probe,v2_stacking_probe,v2_stacking_probe::state_003_t3::stack_block1_on_block3,-22.046414999999996,2.9,-18.146414999999998,0.2548076923076923,0.2942455293716122,0.0,,0.12452292080444151,0.0,0.0,0.0,0.0,0.0,0.12452292080444151,-22.046414999999996,-3.9,-6
stack_block1_on_block3,state_003_t3,3,redundant_bt,redundant_bt,experiments/bt_selection_benchmark/bt_candidates/stack_block1_on_block3/redundant_bt.json,stack block_1 on block_3,"supported_by(block_1, block_3)",block_1,block_3,1,0,1.0,1,1,0,0,8,3,1.0,0.083003,0.699876,0,1,62.770218,medium,success,0,fallback_symbolic_effects,done,experiments/bt_selection_benchmark/results/bt_candidate_evaluations_v2_stacking_probe_with_sim.csv,v2_stacking_probe,v2_stacking_probe,v2_stacking_probe::state_003_t3::stack_block1_on_block3,50.770590000000006,79.39999999999999,-14.32941,0.9903846153846154,0.9001722372588083,0.0,,0.4231199823916252,0.0,0.0,0.0,0.0,0.0,0.4231199823916252,50.770590000000006,65.1,-8
stack_block1_on_block3,state_003_t3,3,unsafe_or_invalid_bt,unsafe_or_invalid_bt,experiments/bt_selection_benchmark/bt_candidates/stack_block1_on_block3/unsafe_or_invalid_bt.json,stack block_1 on block_3,"supported_by(block_1, block_3)",block_1,block_3,0,0,0.0,1,1,0,2,4,3,0.0,1.0,0.0,0,1,-33.0,bad,success,0,fallback_symbolic_effects,skipped,experiments/bt_selection_benchmark/results/bt_candidate_evaluations_v2_stacking_probe_with_sim.csv,v2_stacking_probe,v2_stacking_probe,v2_stacking_probe::state_003_t3::stack_block1_on_block3,-22.9,-23.599999999999998,-20.0,0.0,0.0,0.05,shortest_tree:0.05,0.027500000000000004,0.0,0.0,0.0,0.0,1.0,0.027500000000000004,-22.9,-2.9,-4
stack_block2_on_block1,state_003_t3,3,correct_bt,correct_bt,experiments/bt_selection_benchmark/bt_candidates/stack_block2_on_block1/correct_bt.json,stack block_2 on block_1,"supported_by(block_2, block_1)",block_2,block_1,1,0,1.0,1,1,0,0,6,3,1.0,0.083774,0.581771,0,1,63.998718,medium,success,0,fallback_symbolic_effects,done,experiments/bt_selection_benchmark/results/bt_candidate_evaluations_v2_stacking_probe_with_sim.csv,v2_stacking_probe,v2_stacking_probe,v2_stacking_probe::state_003_t3::stack_block2_on_block1,52.353405,80.39999999999999,-13.746595,1.0,0.9141449395275203,0.0,,0.4285362348818801,0.0,0.0,0.0,0.0,0.0,0.4285362348818801,52.353405,66.1,-6
stack_block2_on_block1,state_003_t3,3,missing_precondition_bt,missing_precondition_bt,experiments/bt_selection_benchmark/bt_candidates/stack_block2_on_block1/missing_precondition_bt.json,stack block_2 on block_1,"supported_by(block_2, block_1)",block_2,block_1,1,0,1.0,1,1,0,0,5,3,0.5,0.083006,0.465845,0,1,54.73825,bad,success,0,fallback_symbolic_effects,done,experiments/bt_selection_benchmark/results/bt_candidate_evaluations_v2_stacking_probe_with_sim.csv,v2_stacking_probe,v2_stacking_probe,v2_stacking_probe::state_003_t3::stack_block2_on_block1,53.440715000000004,73.39999999999999,-13.159285,0.9326923076923077,1.0,0.8999999999999999,feature_only:0.30;symbolic_only:0.10;transformer_fused:0.35;transformer_only:0.15,0.9315384615384615,1.0,1.0,1.0,1.0,0.0,0.9315384615384615,53.440715000000004,66.6,-5
stack_block2_on_block1,state_003_t3,3,wrong_object_bt,wrong_object_bt,experiments/bt_selection_benchmark/bt_candidates/stack_block2_on_block1/wrong_object_bt.json,stack block_2 on block_1,"supported_by(block_2, block_1)",block_2,block_1,0,0,0.0,1,1,0,0,6,3,0.0,0.594083,0.471301,0,1,-30.883432,bad,success,0,fallback_symbolic_effects,done,experiments/bt_selection_benchmark/results/bt_candidate_evaluations_v2_stacking_probe_with_sim.csv,v2_stacking_probe,v2_stacking_probe,v2_stacking_probe::state_003_t3::stack_block2_on_block1,-22.197335,-4.6,-18.297335,0.1826923076923077,0.2489016133547443,0.0,,0.09876386487714761,0.0,0.0,0.0,0.0,0.0,0.09876386487714761,-22.197335,-3.9,-6
stack_block2_on_block1,state_003_t3,3,wrong_support_bt,wrong_support_bt,experiments/bt_selection_benchmark/bt_candidates/stack_block2_on_block1/wrong_support_bt.json,stack block_2 on block_1,"supported_by(block_2, block_1)",block_2,block_1,0,0,0.0,1,1,0,0,6,3,0.5,0.400671,0.49297,0,1,-18.99265,bad,success,0,fallback_symbolic_effects,done,experiments/bt_selection_benchmark/results/bt_candidate_evaluations_v2_stacking_probe_with_sim.csv,v2_stacking_probe,v2_stacking_probe,v2_stacking_probe::state_003_t3::stack_block2_on_block1,-20.37156,2.9,-16.47156,0.2548076923076923,0.515799883491711,0.0,,0.1799115093344662,0.0,0.0,0.0,0.0,0.0,0.1799115093344662,-20.37156,-3.9,-6
stack_block2_on_block1,state_003_t3,3,redundant_bt,redundant_bt,experiments/bt_selection_benchmark/bt_candidates/stack_block2_on_block1/redundant_bt.json,stack block_2 on block_1,"supported_by(block_2, block_1)",block_2,block_1,1,0,1.0,1,1,0,0,8,3,1.0,0.088254,0.521701,0,1,63.074058,medium,success,0,fallback_symbolic_effects,done,experiments/bt_selection_benchmark/results/bt_candidate_evaluations_v2_stacking_probe_with_sim.csv,v2_stacking_probe,v2_stacking_probe,v2_stacking_probe::state_003_t3::stack_block2_on_block1,51.608955,79.39999999999999,-13.491045,0.9903846153846154,0.9515021456090483,0.0,,0.43595245947918515,0.0,0.0,0.0,0.0,0.0,0.43595245947918515,51.608955,65.1,-8
stack_block2_on_block1,state_003_t3,3,unsafe_or_invalid_bt,unsafe_or_invalid_bt,experiments/bt_selection_benchmark/bt_candidates/stack_block2_on_block1/unsafe_or_invalid_bt.json,stack block_2 on block_1,"supported_by(block_2, block_1)",block_2,block_1,0,0,0.0,1,1,0,2,4,3,0.0,1.0,0.0,0,1,-33.0,bad,success,0,fallback_symbolic_effects,skipped,experiments/bt_selection_benchmark/results/bt_candidate_evaluations_v2_stacking_probe_with_sim.csv,v2_stacking_probe,v2_stacking_probe,v2_stacking_probe::state_003_t3::stack_block2_on_block1,-22.9,-23.599999999999998,-20.0,0.0,0.0,0.05,shortest_tree:0.05,0.027500000000000004,0.0,0.0,0.0,0.0,1.0,0.027500000000000004,-22.9,-2.9,-4
stack_block4_on_block1,state_003_t3,3,correct_bt,correct_bt,experiments/bt_selection_benchmark/bt_candidates/stack_block4_on_block1/correct_bt.json,stack block_4 on block_1,"supported_by(block_4, block_1)",block_4,block_1,1,0,1.0,1,1,0,0,6,3,1.0,0.092593,0.597909,0,1,63.878252,medium,success,0,fallback_symbolic_effects,done,experiments/bt_selection_benchmark/results/bt_candidate_evaluations_v2_stacking_probe_with_sim.csv,v2_stacking_probe,v2_stacking_probe,v2_stacking_probe::state_003_t3::stack_block4_on_block1,52.184525,80.39999999999999,-13.915475,1.0,1.0,0.0,,0.45,0.0,0.0,0.0,0.0,0.0,0.45,52.184525,66.1,-6
stack_block4_on_block1,state_003_t3,3,missing_precondition_bt,missing_precondition_bt,experiments/bt_selection_benchmark/bt_candidates/stack_block4_on_block1/missing_precondition_bt.json,stack block_4 on block_1,"supported_by(block_4, block_1)",block_4,block_1,1,0,1.0,1,1,0,0,5,3,0.5,0.094379,0.729794,0,1,54.096622,bad,success,0,fallback_symbolic_effects,done,experiments/bt_selection_benchmark/results/bt_candidate_evaluations_v2_stacking_probe_with_sim.csv,v2_stacking_probe,v2_stacking_probe,v2_stacking_probe::state_003_t3::stack_block4_on_block1,52.00723999999999,73.39999999999999,-14.59276,0.9326923076923077,0.8886872845456302,0.8999999999999999,feature_only:0.30;symbolic_only:0.10;transformer_fused:0.35;transformer_only:0.15,0.9037102826748691,1.0,1.0,1.0,1.0,0.0,0.9037102826748691,52.00723999999999,66.6,-5
stack_block4_on_block1,state_003_t3,3,wrong_object_bt,wrong_object_bt,experiments/bt_selection_benchmark/bt_candidates/stack_block4_on_block1/wrong_object_bt.json,stack block_4 on block_1,"supported_by(block_4, block_1)",block_4,block_1,0,0,0.0,1,1,0,0,6,3,0.0,0.516836,0.623605,0,1,-30.41557,bad,success,0,fallback_symbolic_effects,done,experiments/bt_selection_benchmark/results/bt_candidate_evaluations_v2_stacking_probe_with_sim.csv,v2_stacking_probe,v2_stacking_probe,v2_stacking_probe::state_003_t3::stack_block4_on_block1,-22.186384999999998,-4.6,-18.286385,0.1826923076923077,0.2816349673967978,0.0,,0.10694720338766098,0.0,0.0,0.0,0.0,0.0,0.10694720338766098,-22.186384999999998,-3.9,-6
stack_block4_on_block1,state_003_t3,3,wrong_support_bt,wrong_support_bt,experiments/bt_selection_benchmark/bt_candidates/stack_block4_on_block1/wrong_support_bt.json,stack block_4 on block_1,"supported_by(block_4, block_1)",block_4,block_1,0,0,0.0,1,1,0,0,6,3,0.5,0.386573,0.592926,0,1,-19.051582,bad,success,0,fallback_symbolic_effects,done,experiments/bt_selection_benchmark/results/bt_candidate_evaluations_v2_stacking_probe_with_sim.csv,v2_stacking_probe,v2_stacking_probe,v2_stacking_probe::state_003_t3::stack_block4_on_block1,-20.730359999999997,2.9,-16.83036,0.2548076923076923,0.5209346662229182,0.0,,0.181195205017268,0.0,0.0,0.0,0.0,0.0,0.181195205017268,-20.730359999999997,-3.9,-6
stack_block4_on_block1,state_003_t3,3,redundant_bt,redundant_bt,experiments/bt_selection_benchmark/bt_candidates/stack_block4_on_block1/redundant_bt.json,stack block_4 on block_1,"supported_by(block_4, block_1)",block_4,block_1,1,0,1.0,1,1,0,0,8,3,1.0,0.080087,0.640943,0,1,62.917244,medium,success,0,fallback_symbolic_effects,done,experiments/bt_selection_benchmark/results/bt_candidate_evaluations_v2_stacking_probe_with_sim.csv,v2_stacking_probe,v2_stacking_probe,v2_stacking_probe::state_003_t3::stack_block4_on_block1,51.094415000000005,79.39999999999999,-14.005585,0.9903846153846154,0.9851902983388187,0.0,,0.44437449766162773,0.0,0.0,0.0,0.0,0.0,0.44437449766162773,51.094415000000005,65.1,-8
stack_block4_on_block1,state_003_t3,3,unsafe_or_invalid_bt,unsafe_or_invalid_bt,experiments/bt_selection_benchmark/bt_candidates/stack_block4_on_block1/unsafe_or_invalid_bt.json,stack block_4 on block_1,"supported_by(block_4, block_1)",block_4,block_1,0,0,0.0,1,1,0,2,4,3,0.0,1.0,0.0,0,1,-33.0,bad,success,0,fallback_symbolic_effects,skipped,experiments/bt_selection_benchmark/results/bt_candidate_evaluations_v2_stacking_probe_with_sim.csv,v2_stacking_probe,v2_stacking_probe,v2_stacking_probe::state_003_t3::stack_block4_on_block1,-22.9,-23.599999999999998,-20.0,0.0,0.0,0.05,shortest_tree:0.05,0.027500000000000004,0.0,0.0,0.0,0.0,1.0,0.027500000000000004,-22.9,-2.9,-4
stack_block3_on_block2,state_003_t3,3,correct_bt,correct_bt,experiments/bt_selection_benchmark/bt_candidates/stack_block3_on_block2/correct_bt.json,stack block_3 on block_2,"supported_by(block_3, block_2)",block_3,block_2,1,0,1.0,1,1,0,0,6,3,1.0,0.07751,0.569608,0,1,64.085684,medium,success,0,fallback_symbolic_effects,done,experiments/bt_selection_benchmark/results/bt_candidate_evaluations_v2_stacking_probe_with_sim.csv,v2_stacking_probe,v2_stacking_probe,v2_stacking_probe::state_003_t3::stack_block3_on_block2,52.47686000000001,80.39999999999999,-13.62314,1.0,1.0,0.0,,0.45,0.0,0.0,0.0,0.0,0.0,0.45,52.47686000000001,66.1,-6
stack_block3_on_block2,state_003_t3,3,missing_precondition_bt,missing_precondition_bt,experiments/bt_selection_benchmark/bt_candidates/stack_block3_on_block2/missing_precondition_bt.json,stack block_3 on block_2,"supported_by(block_3, block_2)",block_3,block_2,1,0,1.0,1,1,0,0,5,3,0.5,0.069086,0.769281,0,1,54.270578,bad,success,0,fallback_symbolic_effects,done,experiments/bt_selection_benchmark/results/bt_candidate_evaluations_v2_stacking_probe_with_sim.csv,v2_stacking_probe,v2_stacking_probe,v2_stacking_probe::state_003_t3::stack_block3_on_block2,52.062734999999996,73.39999999999999,-14.537265,0.9326923076923077,0.8827748803223378,0.8999999999999999,feature_only:0.30;symbolic_only:0.10;transformer_fused:0.35;transformer_only:0.15,0.902232181619046,1.0,1.0,1.0,1.0,0.0,0.902232181619046,52.062734999999996,66.6,-5
stack_block3_on_block2,state_003_t3,3,wrong_object_bt,wrong_object_bt,experiments/bt_selection_benchmark/bt_candidates/stack_block3_on_block2/wrong_object_bt.json,stack block_3 on block_2,"supported_by(block_3, block_2)",block_3,block_2,0,0,0.0,1,1,0,0,6,3,0.0,0.862428,0.559378,0,1,-33.743036,bad,success,0,fallback_symbolic_effects,done,experiments/bt_selection_benchmark/results/bt_candidate_evaluations_v2_stacking_probe_with_sim.csv,v2_stacking_probe,v2_stacking_probe,v2_stacking_probe::state_003_t3::stack_block3_on_block2,-25.32117,-4.6,-21.42117,0.1826923076923077,0.0,0.0,,0.03653846153846154,0.0,0.0,0.0,0.0,0.0,0.03653846153846154,-25.32117,-3.9,-6
stack_block3_on_block2,state_003_t3,3,wrong_support_bt,wrong_support_bt,experiments/bt_selection_benchmark/bt_candidates/stack_block3_on_block2/wrong_support_bt.json,stack block_3 on block_2,"supported_by(block_3, block_2)",block_3,block_2,0,0,0.0,1,1,0,0,6,3,0.5,0.414349,0.614268,0,1,-19.372026,bad,success,0,fallback_symbolic_effects,done,experiments/bt_selection_benchmark/results/bt_candidate_evaluations_v2_stacking_probe_with_sim.csv,v2_stacking_probe,v2_stacking_probe,v2_stacking_probe::state_003_t3::stack_block3_on_block2,-21.114829999999998,2.9,-17.21483,0.2548076923076923,0.5394105947271298,0.0,,0.18581418714332093,0.0,0.0,0.0,0.0,0.0,0.18581418714332093,-21.114829999999998,-3.9,-6
stack_block3_on_block2,state_003_t3,3,redundant_bt,redundant_bt,experiments/bt_selection_benchmark/bt_candidates/stack_block3_on_block2/redundant_bt.json,stack block_3 on block_2,"supported_by(block_3, block_2)",block_3,block_2,1,0,1.0,1,1,0,0,8,3,1.0,0.082704,0.745304,0,1,62.682352,medium,success,0,fallback_symbolic_effects,done,experiments/bt_selection_benchmark/results/bt_candidate_evaluations_v2_stacking_probe_with_sim.csv,v2_stacking_probe,v2_stacking_probe,v2_stacking_probe::state_003_t3::stack_block3_on_block2,50.54644000000001,79.39999999999999,-14.553560000000001,0.9903846153846154,0.8806852499926261,0.0,,0.4182482355750796,0.0,0.0,0.0,0.0,0.0,0.4182482355750796,50.54644000000001,65.1,-8
stack_block3_on_block2,state_003_t3,3,unsafe_or_invalid_bt,unsafe_or_invalid_bt,experiments/bt_selection_benchmark/bt_candidates/stack_block3_on_block2/unsafe_or_invalid_bt.json,stack block_3 on block_2,"supported_by(block_3, block_2)",block_3,block_2,0,0,0.0,1,1,0,2,4,3,0.0,1.0,0.0,0,1,-33.0,bad,success,0,fallback_symbolic_effects,skipped,experiments/bt_selection_benchmark/results/bt_candidate_evaluations_v2_stacking_probe_with_sim.csv,v2_stacking_probe,v2_stacking_probe,v2_stacking_probe::state_003_t3::stack_block3_on_block2,-22.9,-23.599999999999998,-20.0,0.0,0.18224731117987492,0.05,shortest_tree:0.05,0.07306182779496873,0.0,0.0,0.0,0.0,1.0,0.07306182779496873,-22.9,-2.9,-4
place_block3_on_block5,state_004_t4,4,correct_bt,correct_bt,experiments/bt_selection_benchmark/bt_candidates/place_block3_on_block5/correct_bt.json,place block_3 on block_5,"supported_by(block_3, block_5)",block_3,block_5,1,1,1.0,1,1,0,0,6,3,1.0,0.001222,0.665408,1,1,164.656964,good,success,0,fallback_symbolic_effects,done,experiments/bt_selection_benchmark/results/bt_candidate_evaluations_v2_stacking_probe_with_sim.csv,v2_stacking_probe,v2_stacking_probe,v2_stacking_probe::state_004_t4::place_block3_on_block5,152.76073999999997,80.39999999999999,86.66074,1.0,1.0,0.0,,0.45,0.0,0.0,0.0,0.0,0.0,0.45,152.76073999999997,66.1,-6
place_block3_on_block5,state_004_t4,4,missing_precondition_bt,missing_precondition_bt,experiments/bt_selection_benchmark/bt_candidates/place_block3_on_block5/missing_precondition_bt.json,place block_3 on block_5,"supported_by(block_3, block_5)",block_3,block_5,1,1,1.0,1,1,0,0,5,3,0.5,0.002412,0.727636,1,1,155.020608,good,success,0,fallback_symbolic_effects,done,experiments/bt_selection_benchmark/results/bt_candidate_evaluations_v2_stacking_probe_with_sim.csv,v2_stacking_probe,v2_stacking_probe,v2_stacking_probe::state_004_t4::place_block3_on_block5,152.93769999999998,73.39999999999999,86.3377,0.7941176470588235,0.9969586302538335,0.7999999999999999,feature_only:0.30;transformer_fused:0.35;transformer_only:0.15,0.8480631869752231,1.0,1.0,1.0,0.0,0.0,0.8480631869752231,152.93769999999998,66.6,-5
place_block3_on_block5,state_004_t4,4,wrong_object_bt,wrong_object_bt,experiments/bt_selection_benchmark/bt_candidates/place_block3_on_block5/wrong_object_bt.json,place block_3 on block_5,"supported_by(block_3, block_5)",block_3,block_5,1,0,1.0,1,1,0,0,6,3,0.0,0.602339,0.706234,0,1,38.564142,bad,success,0,fallback_symbolic_effects,done,experiments/bt_selection_benchmark/results/bt_candidate_evaluations_v2_stacking_probe_with_sim.csv,v2_stacking_probe,v2_stacking_probe,v2_stacking_probe::state_004_t4::place_block3_on_block5,46.54544,65.39999999999999,-19.55456,0.5588235294117646,0.0,0.0,,0.11176470588235293,0.0,0.0,0.0,0.0,0.0,0.11176470588235293,46.54544,66.1,-6
place_block3_on_block5,state_004_t4,4,wrong_support_bt,wrong_support_bt,experiments/bt_selection_benchmark/bt_candidates/place_block3_on_block5/wrong_support_bt.json,place block_3 on block_5,"supported_by(block_3, block_5)",block_3,block_5,1,0,1.0,1,1,0,0,6,3,0.5,0.454268,0.552526,0,1,50.352268,bad,success,0,fallback_symbolic_effects,done,experiments/bt_selection_benchmark/results/bt_candidate_evaluations_v2_stacking_probe_with_sim.csv,v2_stacking_probe,v2_stacking_probe,v2_stacking_probe::state_004_t4::place_block3_on_block5,48.794689999999996,72.89999999999999,-17.30531,0.7794117647058824,0.021176327704200807,0.0,,0.1611764348672267,0.0,0.0,0.0,0.0,0.0,0.1611764348672267,48.794689999999996,66.1,-6
place_block3_on_block5,state_004_t4,4,redundant_bt,redundant_bt,experiments/bt_selection_benchmark/bt_candidates/place_block3_on_block5/redundant_bt.json,place block_3 on block_5,"supported_by(block_3, block_5)",block_3,block_5,1,1,1.0,1,1,0,0,8,3,1.0,2.1e-05,0.737757,1,1,163.524276,good,success,0,fallback_symbolic_effects,done,experiments/bt_selection_benchmark/results/bt_candidate_evaluations_v2_stacking_probe_with_sim.csv,v2_stacking_probe,v2_stacking_probe,v2_stacking_probe::state_004_t4::place_block3_on_block5,151.411005,79.39999999999999,86.31100500000001,0.9705882352941176,0.9967073011138697,0.0,,0.44329447233729097,0.0,0.0,0.0,0.0,0.0,0.44329447233729097,151.411005,65.1,-8
place_block3_on_block5,state_004_t4,4,unsafe_or_invalid_bt,unsafe_or_invalid_bt,experiments/bt_selection_benchmark/bt_candidates/place_block3_on_block5/unsafe_or_invalid_bt.json,place block_3 on block_5,"supported_by(block_3, block_5)",block_3,block_5,1,0,1.0,1,1,0,2,4,3,0.0,0.0,0.0,0,1,47.0,bad,success,0,fallback_symbolic_effects,skipped,experiments/bt_selection_benchmark/results/bt_candidate_evaluations_v2_stacking_probe_with_sim.csv,v2_stacking_probe,v2_stacking_probe,v2_stacking_probe::state_004_t4::place_block3_on_block5,57.1,46.4,-10.0,0.0,0.08995464871821666,0.15000000000000002,shortest_tree:0.05;symbolic_only:0.10,0.10498866217955419,0.0,0.0,0.0,1.0,1.0,0.10498866217955419,57.1,67.1,-4
place_block1_on_block5,state_004_t4,4,correct_bt,correct_bt,experiments/bt_selection_benchmark/bt_candidates/place_block1_on_block5/correct_bt.json,place block_1 on block_5,"supported_by(block_1, block_5)",block_1,block_5,1,1,1.0,1,1,0,0,6,3,1.0,0.00249,0.663793,1,1,164.647514,good,success,0,fallback_symbolic_effects,done,experiments/bt_selection_benchmark/results/bt_candidate_evaluations_v2_stacking_probe_with_sim.csv,v2_stacking_probe,v2_stacking_probe,v2_stacking_probe::state_004_t4::place_block1_on_block5,152.756135,80.39999999999999,86.65613499999999,1.0,0.9955320994849542,0.0,,0.44888302487123855,0.0,0.0,0.0,0.0,0.0,0.44888302487123855,152.756135,66.1,-6
place_block1_on_block5,state_004_t4,4,missing_precondition_bt,missing_precondition_bt,experiments/bt_selection_benchmark/bt_candidates/place_block1_on_block5/missing_precondition_bt.json,place block_1 on block_5,"supported_by(block_1, block_5)",block_1,block_5,1,1,1.0,1,1,0,0,5,3,0.5,0.001627,0.571318,1,1,155.341094,good,success,0,fallback_symbolic_effects,done,experiments/bt_selection_benchmark/results/bt_candidate_evaluations_v2_stacking_probe_with_sim.csv,v2_stacking_probe,v2_stacking_probe,v2_stacking_probe::state_004_t4::place_block1_on_block5,153.72714,73.39999999999999,87.12714,0.7941176470588235,1.0,0.7999999999999999,feature_only:0.30;transformer_fused:0.35;transformer_only:0.15,0.8488235294117648,1.0,1.0,1.0,0.0,0.0,0.8488235294117648,153.72714,66.6,-5
place_block1_on_block5,state_004_t4,4,wrong_object_bt,wrong_object_bt,experiments/bt_selection_benchmark/bt_candidates/place_block1_on_block5/wrong_object_bt.json,place block_1 on block_5,"supported_by(block_1, block_5)",block_1,block_5,1,0,1.0,1,1,0,0,6,3,0.0,0.563811,0.530902,0,1,39.300086,bad,success,0,fallback_symbolic_effects,done,experiments/bt_selection_benchmark/results/bt_candidate_evaluations_v2_stacking_probe_with_sim.csv,v2_stacking_probe,v2_stacking_probe,v2_stacking_probe::state_004_t4::place_block1_on_block5,47.80738,65.39999999999999,-18.29262,0.5588235294117646,0.0,0.0,,0.11176470588235293,0.0,0.0,0.0,0.0,0.0,0.11176470588235293,47.80738,66.1,-6
place_block1_on_block5,state_004_t4,4,wrong_support_bt,wrong_support_bt,experiments/bt_selection_benchmark/bt_candidates/place_block1_on_block5/wrong_support_bt.json,place block_1 on block_5,"supported_by(block_1, block_5)",block_1,block_5,1,0,1.0,1,1,0,0,6,3,0.5,0.453751,0.613557,0,1,50.235376,bad,success,0,fallback_symbolic_effects,done,experiments/bt_selection_benchmark/results/bt_candidate_evaluations_v2_stacking_probe_with_sim.csv,v2_stacking_probe,v2_stacking_probe,v2_stacking_probe::state_004_t4::place_block1_on_block5,48.494705,72.89999999999999,-17.605294999999998,0.7794117647058824,0.006519887732622435,0.0,,0.1575123248743321,0.0,0.0,0.0,0.0,0.0,0.1575123248743321,48.494705,66.1,-6
place_block1_on_block5,state_004_t4,4,redundant_bt,redundant_bt,experiments/bt_selection_benchmark/bt_candidates/place_block1_on_block5/redundant_bt.json,place block_1 on block_5,"supported_by(block_1, block_5)",block_1,block_5,1,1,1.0,1,1,0,0,8,3,1.0,0.003679,0.712529,1,1,163.538152,good,success,0,fallback_symbolic_effects,done,experiments/bt_selection_benchmark/results/bt_candidate_evaluations_v2_stacking_probe_with_sim.csv,v2_stacking_probe,v2_stacking_probe,v2_stacking_probe::state_004_t4::place_block1_on_block5,151.500565,79.39999999999999,86.400565,0.9705882352941176,0.9931077911769103,0.0,,0.4423945948530511,0.0,0.0,0.0,0.0,0.0,0.4423945948530511,151.500565,65.1,-8
place_block1_on_block5,state_004_t4,4,unsafe_or_invalid_bt,unsafe_or_invalid_bt,experiments/bt_selection_benchmark/bt_candidates/place_block1_on_block5/unsafe_or_invalid_bt.json,place block_1 on block_5,"supported_by(block_1, block_5)",block_1,block_5,1,0,1.0,1,1,0,2,4,3,0.0,0.0,0.0,0,1,47.0,bad,success,0,fallback_symbolic_effects,skipped,experiments/bt_selection_benchmark/results/bt_candidate_evaluations_v2_stacking_probe_with_sim.csv,v2_stacking_probe,v2_stacking_probe,v2_stacking_probe::state_004_t4::place_block1_on_block5,57.1,46.4,-10.0,0.0,0.07866286168741041,0.15000000000000002,shortest_tree:0.05;symbolic_only:0.10,0.10216571542185263,0.0,0.0,0.0,1.0,1.0,0.10216571542185263,57.1,67.1,-4
place_block2_on_block6,state_004_t4,4,correct_bt,correct_bt,experiments/bt_selection_benchmark/bt_candidates/place_block2_on_block6/correct_bt.json,place block_2 on block_6,"supported_by(block_2, block_6)",block_2,block_6,1,1,1.0,1,1,0,0,6,3,1.0,0.007626,0.50186,1,1,164.92002,good,success,0,fallback_symbolic_effects,done,experiments/bt_selection_benchmark/results/bt_candidate_evaluations_v2_stacking_probe_with_sim.csv,v2_stacking_probe,v2_stacking_probe,v2_stacking_probe::state_004_t4::place_block2_on_block6,153.51444,80.39999999999999,87.41444,1.0,1.0,0.35,transformer_fused:0.35,0.6425000000000001,0.0,1.0,0.0,0.0,0.0,0.6425000000000001,153.51444,66.1,-6
place_block2_on_block6,state_004_t4,4,missing_precondition_bt,missing_precondition_bt,experiments/bt_selection_benchmark/bt_candidates/place_block2_on_block6/missing_precondition_bt.json,place block_2 on block_6,"supported_by(block_2, block_6)",block_2,block_6,1,1,1.0,1,1,0,0,5,3,0.5,0.002066,0.604492,1,1,155.270356,good,success,0,fallback_symbolic_effects,done,experiments/bt_selection_benchmark/results/bt_candidate_evaluations_v2_stacking_probe_with_sim.csv,v2_stacking_probe,v2_stacking_probe,v2_stacking_probe::state_004_t4::place_block2_on_block6,153.55688,73.39999999999999,86.95688,0.9326923076923077,0.9958387861580253,0.5499999999999999,feature_only:0.30;symbolic_only:0.10;transformer_only:0.15,0.7379981580779679,1.0,0.0,1.0,1.0,0.0,0.7379981580779679,153.55688,66.6,-5
place_block2_on_block6,state_004_t4,4,wrong_object_bt,wrong_object_bt,experiments/bt_selection_benchmark/bt_candidates/place_block2_on_block6/wrong_object_bt.json,place block_2 on block_6,"supported_by(block_2, block_6)",block_2,block_6,0,0,0.0,1,1,0,0,6,3,0.0,0.910651,0.68747,0,1,-34.48145,bad,success,0,fallback_symbolic_effects,done,experiments/bt_selection_benchmark/results/bt_candidate_evaluations_v2_stacking_probe_with_sim.csv,v2_stacking_probe,v2_stacking_probe,v2_stacking_probe::state_004_t4::place_block2_on_block6,-26.44386,-4.6,-22.543860000000002,0.1826923076923077,0.0,0.0,,0.03653846153846154,0.0,0.0,0.0,0.0,0.0,0.03653846153846154,-26.44386,-3.9,-6
place_block2_on_block6,state_004_t4,4,wrong_support_bt,wrong_support_bt,experiments/bt_selection_benchmark/bt_candidates/place_block2_on_block6/wrong_support_bt.json,place block_2 on block_6,"supported_by(block_2, block_6)",block_2,block_6,0,0,0.0,1,1,0,0,6,3,0.5,0.465654,0.493802,0,1,-19.644144,bad,success,0,fallback_symbolic_effects,done,experiments/bt_selection_benchmark/results/bt_candidate_evaluations_v2_stacking_probe_with_sim.csv,v2_stacking_probe,v2_stacking_probe,v2_stacking_probe::state_004_t4::place_block2_on_block6,-21.02555,2.9,-17.12555,0.2548076923076923,0.04927604373658015,0.0,,0.0632805493956835,0.0,0.0,0.0,0.0,0.0,0.0632805493956835,-21.02555,-3.9,-6
place_block2_on_block6,state_004_t4,4,redundant_bt,redundant_bt,experiments/bt_selection_benchmark/bt_candidates/place_block2_on_block6/redundant_bt.json,place block_2 on block_6,"supported_by(block_2, block_6)",block_2,block_6,1,1,1.0,1,1,0,0,8,3,1.0,0.005099,0.681261,1,1,163.586488,good,success,0,fallback_symbolic_effects,done,experiments/bt_selection_benchmark/results/bt_candidate_evaluations_v2_stacking_probe_with_sim.csv,v2_stacking_probe,v2_stacking_probe,v2_stacking_probe::state_004_t4::place_block2_on_block6,151.64270499999998,79.39999999999999,86.542705,0.9903846153846154,0.9920721309805626,0.0,,0.4460949558220637,0.0,0.0,0.0,0.0,0.0,0.4460949558220637,151.64270499999998,65.1,-8
place_block2_on_block6,state_004_t4,4,unsafe_or_invalid_bt,unsafe_or_invalid_bt,experiments/bt_selection_benchmark/bt_candidates/place_block2_on_block6/unsafe_or_invalid_bt.json,place block_2 on block_6,"supported_by(block_2, block_6)",block_2,block_6,0,0,0.0,1,1,0,2,4,3,0.0,1.0,0.0,0,1,-33.0,bad,success,0,fallback_symbolic_effects,skipped,experiments/bt_selection_benchmark/results/bt_candidate_evaluations_v2_stacking_probe_with_sim.csv,v2_stacking_probe,v2_stacking_probe,v2_stacking_probe::state_004_t4::place_block2_on_block6,-22.9,-23.599999999999998,-20.0,0.0,0.023134770181059566,0.05,shortest_tree:0.05,0.03328369254526489,0.0,0.0,0.0,0.0,1.0,0.03328369254526489,-22.9,-2.9,-4
stack_block3_on_block1,state_004_t4,4,correct_bt,correct_bt,experiments/bt_selection_benchmark/bt_candidates/stack_block3_on_block1/correct_bt.json,stack block_3 on block_1,"supported_by(block_3, block_1)",block_3,block_1,1,0,1.0,1,1,0,0,6,3,1.0,0.088703,0.660276,0,1,63.792418,medium,success,0,fallback_symbolic_effects,done,experiments/bt_selection_benchmark/results/bt_candidate_evaluations_v2_stacking_probe_with_sim.csv,v2_stacking_probe,v2_stacking_probe,v2_stacking_probe::state_004_t4::stack_block3_on_block1,51.91159000000001,80.39999999999999,-14.188410000000001,1.0,0.935285039050744,0.0,,0.43382125976268604,0.0,0.0,0.0,0.0,0.0,0.43382125976268604,51.91159000000001,66.1,-6
stack_block3_on_block1,state_004_t4,4,missing_precondition_bt,missing_precondition_bt,experiments/bt_selection_benchmark/bt_candidates/stack_block3_on_block1/missing_precondition_bt.json,stack block_3 on block_1,"supported_by(block_3, block_1)",block_3,block_1,1,0,1.0,1,1,0,0,5,3,0.5,0.089994,0.57727,0,1,54.44552,bad,success,0,fallback_symbolic_effects,done,experiments/bt_selection_benchmark/results/bt_candidate_evaluations_v2_stacking_probe_with_sim.csv,v2_stacking_probe,v2_stacking_probe,v2_stacking_probe::state_004_t4::stack_block3_on_block1,52.81371000000001,73.39999999999999,-13.78629,0.9326923076923077,1.0,0.8999999999999999,feature_only:0.30;symbolic_only:0.10;transformer_fused:0.35;transformer_only:0.15,0.9315384615384615,1.0,1.0,1.0,1.0,0.0,0.9315384615384615,52.81371000000001,66.6,-5
stack_block3_on_block1,state_004_t4,4,wrong_object_bt,wrong_object_bt,experiments/bt_selection_benchmark/bt_candidates/stack_block3_on_block1/wrong_object_bt.json,stack block_3 on block_1,"supported_by(block_3, block_1)",block_3,block_1,0,0,0.0,1,1,0,0,6,3,0.0,0.595214,0.589774,0,1,-31.131688,bad,success,0,fallback_symbolic_effects,done,experiments/bt_selection_benchmark/results/bt_candidate_evaluations_v2_stacking_probe_with_sim.csv,v2_stacking_probe,v2_stacking_probe,v2_stacking_probe::state_004_t4::stack_block3_on_block1,-22.801009999999998,-4.6,-18.90101,0.1826923076923077,0.17686535097389489,0.0,,0.08075479928193527,0.0,0.0,0.0,0.0,0.0,0.08075479928193527,-22.801009999999998,-3.9,-6
stack_block3_on_block1,state_004_t4,4,wrong_support_bt,wrong_support_bt,experiments/bt_selection_benchmark/bt_candidates/stack_block3_on_block1/wrong_support_bt.json,stack block_3 on block_1,"supported_by(block_3, block_1)",block_3,block_1,0,0,0.0,1,1,0,0,6,3,0.5,0.39009,0.558824,0,1,-19.018548,bad,success,0,fallback_symbolic_effects,done,experiments/bt_selection_benchmark/results/bt_candidate_evaluations_v2_stacking_probe_with_sim.csv,v2_stacking_probe,v2_stacking_probe,v2_stacking_probe::state_004_t4::stack_block3_on_block1,-20.595019999999998,2.9,-16.69502,0.2548076923076923,0.5318851378644964,0.0,,0.18393282292766255,0.0,0.0,0.0,0.0,0.0,0.18393282292766255,-20.595019999999998,-3.9,-6
stack_block3_on_block1,state_004_t4,4,redundant_bt,redundant_bt,experiments/bt_selection_benchmark/bt_candidates/stack_block3_on_block1/redundant_bt.json,stack block_3 on block_1,"supported_by(block_3, block_1)",block_3,block_1,1,0,1.0,1,1,0,0,8,3,1.0,0.078625,0.746227,0,1,62.721296,medium,success,0,fallback_symbolic_effects,done,experiments/bt_selection_benchmark/results/bt_candidate_evaluations_v2_stacking_probe_with_sim.csv,v2_stacking_probe,v2_stacking_probe,v2_stacking_probe::state_004_t4::stack_block3_on_block1,50.58261500000001,79.39999999999999,-14.517385,0.9903846153846154,0.8823416284313234,0.0,,0.41866233018475396,0.0,0.0,0.0,0.0,0.0,0.41866233018475396,50.58261500000001,65.1,-8
stack_block3_on_block1,state_004_t4,4,unsafe_or_invalid_bt,unsafe_or_invalid_bt,experiments/bt_selection_benchmark/bt_candidates/stack_block3_on_block1/unsafe_or_invalid_bt.json,stack block_3 on block_1,"supported_by(block_3, block_1)",block_3,block_1,0,0,0.0,1,1,0,2,4,3,0.0,1.0,0.0,0,1,-33.0,bad,success,0,fallback_symbolic_effects,skipped,experiments/bt_selection_benchmark/results/bt_candidate_evaluations_v2_stacking_probe_with_sim.csv,v2_stacking_probe,v2_stacking_probe,v2_stacking_probe::state_004_t4::stack_block3_on_block1,-22.9,-23.599999999999998,-20.0,0.0,0.0,0.05,shortest_tree:0.05,0.027500000000000004,0.0,0.0,0.0,0.0,1.0,0.027500000000000004,-22.9,-2.9,-4
stack_block1_on_block3,state_004_t4,4,correct_bt,correct_bt,experiments/bt_selection_benchmark/bt_candidates/stack_block1_on_block3/correct_bt.json,stack block_1 on block_3,"supported_by(block_1, block_3)",block_1,block_3,1,0,1.0,1,1,0,0,6,3,1.0,0.074804,0.603875,0,1,64.04421,medium,success,0,fallback_symbolic_effects,done,experiments/bt_selection_benchmark/results/bt_candidate_evaluations_v2_stacking_probe_with_sim.csv,v2_stacking_probe,v2_stacking_probe,v2_stacking_probe::state_004_t4::stack_block1_on_block3,52.332585,80.39999999999999,-13.767415,1.0,1.0,0.0,,0.45,0.0,0.0,0.0,0.0,0.0,0.45,52.332585,66.1,-6
stack_block1_on_block3,state_004_t4,4,missing_precondition_bt,missing_precondition_bt,experiments/bt_selection_benchmark/bt_candidates/stack_block1_on_block3/missing_precondition_bt.json,stack block_1 on block_3,"supported_by(block_1, block_3)",block_1,block_3,1,0,1.0,1,1,0,0,5,3,0.5,0.08266,0.721041,0,1,54.231318,bad,success,0,fallback_symbolic_effects,done,experiments/bt_selection_benchmark/results/bt_candidate_evaluations_v2_stacking_probe_with_sim.csv,v2_stacking_probe,v2_stacking_probe,v2_stacking_probe::state_004_t4::stack_block1_on_block3,52.168195000000004,73.39999999999999,-14.431805,0.9326923076923077,0.9026633204848153,0.8999999999999999,feature_only:0.30;symbolic_only:0.10;transformer_fused:0.35;transformer_only:0.15,0.9072042916596654,1.0,1.0,1.0,1.0,0.0,0.9072042916596654,52.168195000000004,66.6,-5
stack_block1_on_block3,state_004_t4,4,wrong_object_bt,wrong_object_bt,experiments/bt_selection_benchmark/bt_candidates/stack_block1_on_block3/wrong_object_bt.json,stack block_1 on block_3,"supported_by(block_1, block_3)",block_1,block_3,0,0,0.0,1,1,0,0,6,3,0.0,0.746157,0.626307,0,1,-32.714184,bad,success,0,fallback_symbolic_effects,done,experiments/bt_selection_benchmark/results/bt_candidate_evaluations_v2_stacking_probe_with_sim.csv,v2_stacking_probe,v2_stacking_probe,v2_stacking_probe::state_004_t4::stack_block1_on_block3,-24.493105,-4.6,-20.593105,0.1826923076923077,0.0,0.0,,0.03653846153846154,0.0,0.0,0.0,0.0,0.0,0.03653846153846154,-24.493105,-3.9,-6
stack_block1_on_block3,state_004_t4,4,wrong_support_bt,wrong_support_bt,experiments/bt_selection_benchmark/bt_candidates/stack_block1_on_block3/wrong_support_bt.json,stack block_1 on block_3,"supported_by(block_1, block_3)",block_1,block_3,0,0,0.0,1,1,0,0,6,3,0.5,0.414196,0.722148,0,1,-19.586256,bad,success,0,fallback_symbolic_effects,done,experiments/bt_selection_benchmark/results/bt_candidate_evaluations_v2_stacking_probe_with_sim.csv,v2_stacking_probe,v2_stacking_probe,v2_stacking_probe::state_004_t4::stack_block1_on_block3,-21.6527,2.9,-17.7527,0.2548076923076923,0.416134486037309,0.0,,0.15499515997086571,0.0,0.0,0.0,0.0,0.0,0.15499515997086571,-21.6527,-3.9,-6
stack_block1_on_block3,state_004_t4,4,redundant_bt,redundant_bt,experiments/bt_selection_benchmark/bt_candidates/stack_block1_on_block3/redundant_bt.json,stack block_1 on block_3,"supported_by(block_1, block_3)",block_1,block_3,1,0,1.0,1,1,0,0,8,3,1.0,0.078993,0.777038,0,1,62.655994,medium,success,0,fallback_symbolic_effects,done,experiments/bt_selection_benchmark/results/bt_candidate_evaluations_v2_stacking_probe_with_sim.csv,v2_stacking_probe,v2_stacking_probe,v2_stacking_probe::state_004_t4::stack_block1_on_block3,50.42488000000001,79.39999999999999,-14.67512,0.9903846153846154,0.867016374901292,0.0,,0.4148310168022461,0.0,0.0,0.0,0.0,0.0,0.4148310168022461,50.42488000000001,65.1,-8
stack_block1_on_block3,state_004_t4,4,unsafe_or_invalid_bt,unsafe_or_invalid_bt,experiments/bt_selection_benchmark/bt_candidates/stack_block1_on_block3/unsafe_or_invalid_bt.json,stack block_1 on block_3,"supported_by(block_1, block_3)",block_1,block_3,0,0,0.0,1,1,0,2,4,3,0.0,1.0,0.0,0,1,-33.0,bad,success,0,fallback_symbolic_effects,skipped,experiments/bt_selection_benchmark/results/bt_candidate_evaluations_v2_stacking_probe_with_sim.csv,v2_stacking_probe,v2_stacking_probe,v2_stacking_probe::state_004_t4::stack_block1_on_block3,-22.9,-23.599999999999998,-20.0,0.0,0.08689304671029613,0.05,shortest_tree:0.05,0.049223261677574036,0.0,0.0,0.0,0.0,1.0,0.049223261677574036,-22.9,-2.9,-4
stack_block2_on_block1,state_004_t4,4,correct_bt,correct_bt,experiments/bt_selection_benchmark/bt_candidates/stack_block2_on_block1/correct_bt.json,stack block_2 on block_1,"supported_by(block_2, block_1)",block_2,block_1,1,0,1.0,1,1,0,0,6,3,1.0,0.082461,0.720827,0,1,63.733736,medium,success,0,fallback_symbolic_effects,done,experiments/bt_selection_benchmark/results/bt_candidate_evaluations_v2_stacking_probe_with_sim.csv,v2_stacking_probe,v2_stacking_probe,v2_stacking_probe::state_004_t4::stack_block2_on_block1,51.671254999999995,80.39999999999999,-14.428745,1.0,0.871619227312302,0.0,,0.4179048068280755,0.0,0.0,0.0,0.0,0.0,0.4179048068280755,51.671254999999995,66.1,-6
stack_block2_on_block1,state_004_t4,4,missing_precondition_bt,missing_precondition_bt,experiments/bt_selection_benchmark/bt_candidates/stack_block2_on_block1/missing_precondition_bt.json,stack block_2 on block_1,"supported_by(block_2, block_1)",block_2,block_1,1,0,1.0,1,1,0,0,5,3,0.5,0.090148,0.541335,0,1,54.51585,bad,success,0,fallback_symbolic_effects,done,experiments/bt_selection_benchmark/results/bt_candidate_evaluations_v2_stacking_probe_with_sim.csv,v2_stacking_probe,v2_stacking_probe,v2_stacking_probe::state_004_t4::stack_block2_on_block1,52.99184499999999,73.39999999999999,-13.608155,0.9326923076923077,1.0,0.8999999999999999,feature_only:0.30;symbolic_only:0.10;transformer_fused:0.35;transformer_only:0.15,0.9315384615384615,1.0,1.0,1.0,1.0,0.0,0.9315384615384615,52.99184499999999,66.6,-5
stack_block2_on_block1,state_004_t4,4,wrong_object_bt,wrong_object_bt,experiments/bt_selection_benchmark/bt_candidates/stack_block2_on_block1/wrong_object_bt.json,stack block_2 on block_1,"supported_by(block_2, block_1)",block_2,block_1,0,0,0.0,1,1,0,0,6,3,0.0,0.604891,0.520361,0,1,-31.089632,bad,success,0,fallback_symbolic_effects,done,experiments/bt_selection_benchmark/results/bt_candidate_evaluations_v2_stacking_probe_with_sim.csv,v2_stacking_probe,v2_stacking_probe,v2_stacking_probe::state_004_t4::stack_block2_on_block1,-22.550714999999997,-4.6,-18.650714999999998,0.1826923076923077,0.21109476215396367,0.0,,0.08931215207695245,0.0,0.0,0.0,0.0,0.0,0.08931215207695245,-22.550714999999997,-3.9,-6
stack_block2_on_block1,state_004_t4,4,wrong_support_bt,wrong_support_bt,experiments/bt_selection_benchmark/bt_candidates/stack_block2_on_block1/wrong_support_bt.json,stack block_2 on block_1,"supported_by(block_2, block_1)",block_2,block_1,0,0,0.0,1,1,0,0,6,3,0.5,0.393011,0.609525,0,1,-19.14916,bad,success,0,fallback_symbolic_effects,done,experiments/bt_selection_benchmark/results/bt_candidate_evaluations_v2_stacking_probe_with_sim.csv,v2_stacking_probe,v2_stacking_probe,v2_stacking_probe::state_004_t4::stack_block2_on_block1,-20.877734999999998,2.9,-16.977735,0.2548076923076923,0.4728313968814952,0.0,,0.16916938768191225,0.0,0.0,0.0,0.0,0.0,0.16916938768191225,-20.877734999999998,-3.9,-6
stack_block2_on_block1,state_004_t4,4,redundant_bt,redundant_bt,experiments/bt_selection_benchmark/bt_candidates/stack_block2_on_block1/redundant_bt.json,stack block_2 on block_1,"supported_by(block_2, block_1)",block_2,block_1,1,0,1.0,1,1,0,0,8,3,1.0,0.083466,0.632128,0,1,62.901084,medium,success,0,fallback_symbolic_effects,done,experiments/bt_selection_benchmark/results/bt_candidate_evaluations_v2_stacking_probe_with_sim.csv,v2_stacking_probe,v2_stacking_probe,v2_stacking_probe::state_004_t4::stack_block2_on_block1,51.1047,79.39999999999999,-13.9953,0.9903846153846154,0.9394314161247652,0.0,,0.4329347771081144,0.0,0.0,0.0,0.0,0.0,0.4329347771081144,51.1047,65.1,-8
stack_block2_on_block1,state_004_t4,4,unsafe_or_invalid_bt,unsafe_or_invalid_bt,experiments/bt_selection_benchmark/bt_candidates/stack_block2_on_block1/unsafe_or_invalid_bt.json,stack block_2 on block_1,"supported_by(block_2, block_1)",block_2,block_1,0,0,0.0,1,1,0,2,4,3,0.0,1.0,0.0,0,1,-33.0,bad,success,0,fallback_symbolic_effects,skipped,experiments/bt_selection_benchmark/results/bt_candidate_evaluations_v2_stacking_probe_with_sim.csv,v2_stacking_probe,v2_stacking_probe,v2_stacking_probe::state_004_t4::stack_block2_on_block1,-22.9,-23.599999999999998,-20.0,0.0,0.0,0.05,shortest_tree:0.05,0.027500000000000004,0.0,0.0,0.0,0.0,1.0,0.027500000000000004,-22.9,-2.9,-4
stack_block4_on_block1,state_004_t4,4,correct_bt,correct_bt,experiments/bt_selection_benchmark/bt_candidates/stack_block4_on_block1/correct_bt.json,stack block_4 on block_1,"supported_by(block_4, block_1)",block_4,block_1,1,0,1.0,1,1,0,0,6,3,1.0,0.094027,0.668284,0,1,63.723162,medium,success,0,fallback_symbolic_effects,done,experiments/bt_selection_benchmark/results/bt_candidate_evaluations_v2_stacking_probe_with_sim.csv,v2_stacking_probe,v2_stacking_probe,v2_stacking_probe::state_004_t4::stack_block4_on_block1,51.818310000000004,80.39999999999999,-14.28169,1.0,0.9243505811228039,0.35,transformer_fused:0.35,0.623587645280701,0.0,1.0,0.0,0.0,0.0,0.623587645280701,51.818310000000004,66.1,-6
stack_block4_on_block1,state_004_t4,4,missing_precondition_bt,missing_precondition_bt,experiments/bt_selection_benchmark/bt_candidates/stack_block4_on_block1/missing_precondition_bt.json,stack block_4 on block_1,"supported_by(block_4, block_1)",block_4,block_1,1,0,1.0,1,1,0,0,5,3,0.5,0.07988,0.653976,0,1,54.393248,bad,success,0,fallback_symbolic_effects,done,experiments/bt_selection_benchmark/results/bt_candidate_evaluations_v2_stacking_probe_with_sim.csv,v2_stacking_probe,v2_stacking_probe,v2_stacking_probe::state_004_t4::stack_block4_on_block1,52.53132,73.39999999999999,-14.06868,0.9326923076923077,0.9587831175339055,0.5499999999999999,feature_only:0.30;symbolic_only:0.10;transformer_only:0.15,0.728734240921938,1.0,0.0,1.0,1.0,0.0,0.728734240921938,52.53132,66.6,-5
stack_block4_on_block1,state_004_t4,4,wrong_object_bt,wrong_object_bt,experiments/bt_selection_benchmark/bt_candidates/stack_block4_on_block1/wrong_object_bt.json,stack block_4 on block_1,"supported_by(block_4, block_1)",block_4,block_1,0,0,0.0,1,1,0,0,6,3,0.0,0.555008,0.546776,0,1,-30.643632,bad,success,0,fallback_symbolic_effects,done,experiments/bt_selection_benchmark/results/bt_candidate_evaluations_v2_stacking_probe_with_sim.csv,v2_stacking_probe,v2_stacking_probe,v2_stacking_probe::state_004_t4::stack_block4_on_block1,-22.18396,-4.6,-18.28396,0.1826923076923077,0.27739359552559684,0.0,,0.10588686041986076,0.0,0.0,0.0,0.0,0.0,0.10588686041986076,-22.18396,-3.9,-6
stack_block4_on_block1,state_004_t4,4,wrong_support_bt,wrong_support_bt,experiments/bt_selection_benchmark/bt_candidates/stack_block4_on_block1/wrong_support_bt.json,stack block_4 on block_1,"supported_by(block_4, block_1)",block_4,block_1,0,0,0.0,1,1,0,0,6,3,0.5,0.399112,0.602266,0,1,-19.195652,bad,success,0,fallback_symbolic_effects,done,experiments/bt_selection_benchmark/results/bt_candidate_evaluations_v2_stacking_probe_with_sim.csv,v2_stacking_probe,v2_stacking_probe,v2_stacking_probe::state_004_t4::stack_block4_on_block1,-20.902449999999998,2.9,-17.00245,0.2548076923076923,0.4845464979066649,0.0,,0.17209816293820468,0.0,0.0,0.0,0.0,0.0,0.17209816293820468,-20.902449999999998,-3.9,-6
stack_block4_on_block1,state_004_t4,4,redundant_bt,redundant_bt,experiments/bt_selection_benchmark/bt_candidates/stack_block4_on_block1/redundant_bt.json,stack block_4 on block_1,"supported_by(block_4, block_1)",block_4,block_1,1,0,1.0,1,1,0,0,8,3,1.0,0.082096,0.598548,0,1,62.981944,medium,success,0,fallback_symbolic_effects,done,experiments/bt_selection_benchmark/results/bt_candidate_evaluations_v2_stacking_probe_with_sim.csv,v2_stacking_probe,v2_stacking_probe,v2_stacking_probe::state_004_t4::stack_block4_on_block1,51.286300000000004,79.39999999999999,-13.8137,0.9903846153846154,1.0,0.0,,0.4480769230769231,0.0,0.0,0.0,0.0,0.0,0.4480769230769231,51.286300000000004,65.1,-8
stack_block4_on_block1,state_004_t4,4,unsafe_or_invalid_bt,unsafe_or_invalid_bt,experiments/bt_selection_benchmark/bt_candidates/stack_block4_on_block1/unsafe_or_invalid_bt.json,stack block_4 on block_1,"supported_by(block_4, block_1)",block_4,block_1,0,0,0.0,1,1,0,2,4,3,0.0,1.0,0.0,0,1,-33.0,bad,success,0,fallback_symbolic_effects,skipped,experiments/bt_selection_benchmark/results/bt_candidate_evaluations_v2_stacking_probe_with_sim.csv,v2_stacking_probe,v2_stacking_probe,v2_stacking_probe::state_004_t4::stack_block4_on_block1,-22.9,-23.599999999999998,-20.0,0.0,0.0,0.05,shortest_tree:0.05,0.027500000000000004,0.0,0.0,0.0,0.0,1.0,0.027500000000000004,-22.9,-2.9,-4
stack_block3_on_block2,state_004_t4,4,correct_bt,correct_bt,experiments/bt_selection_benchmark/bt_candidates/stack_block3_on_block2/correct_bt.json,stack block_3 on block_2,"supported_by(block_3, block_2)",block_3,block_2,1,0,1.0,1,1,0,0,6,3,1.0,0.075647,0.611332,0,1,64.020866,medium,success,0,fallback_symbolic_effects,done,experiments/bt_selection_benchmark/results/bt_candidate_evaluations_v2_stacking_probe_with_sim.csv,v2_stacking_probe,v2_stacking_probe,v2_stacking_probe::state_004_t4::stack_block3_on_block2,52.286870000000015,80.39999999999999,-13.813130000000001,1.0,0.9431362416138075,0.35,transformer_fused:0.35,0.6282840604034519,0.0,1.0,0.0,0.0,0.0,0.6282840604034519,52.286870000000015,66.1,-6
stack_block3_on_block2,state_004_t4,4,missing_precondition_bt,missing_precondition_bt,experiments/bt_selection_benchmark/bt_candidates/stack_block3_on_block2/missing_precondition_bt.json,stack block_3 on block_2,"supported_by(block_3, block_2)",block_3,block_2,1,0,1.0,1,1,0,0,5,3,0.5,0.068148,0.675911,0,1,54.466698,bad,success,0,fallback_symbolic_effects,done,experiments/bt_selection_benchmark/results/bt_candidate_evaluations_v2_stacking_probe_with_sim.csv,v2_stacking_probe,v2_stacking_probe,v2_stacking_probe::state_004_t4::stack_block3_on_block2,52.53896500000001,73.39999999999999,-14.061035,0.9326923076923077,0.9053452115812918,0.5499999999999999,feature_only:0.30;symbolic_only:0.10;transformer_only:0.15,0.7153747644337844,1.0,0.0,1.0,1.0,0.0,0.7153747644337844,52.53896500000001,66.6,-5
stack_block3_on_block2,state_004_t4,4,wrong_object_bt,wrong_object_bt,experiments/bt_selection_benchmark/bt_candidates/stack_block3_on_block2/wrong_object_bt.json,stack block_3 on block_2,"supported_by(block_3, block_2)",block_3,block_2,0,0,0.0,1,1,0,0,6,3,0.0,0.647296,0.53167,0,1,-31.5363,bad,success,0,fallback_symbolic_effects,done,experiments/bt_selection_benchmark/results/bt_candidate_evaluations_v2_stacking_probe_with_sim.csv,v2_stacking_probe,v2_stacking_probe,v2_stacking_probe::state_004_t4::stack_block3_on_block2,-23.031309999999998,-4.6,-19.13131,0.1826923076923077,0.13242447662994364,0.0,,0.06964458069594745,0.0,0.0,0.0,0.0,0.0,0.06964458069594745,-23.031309999999998,-3.9,-6
stack_block3_on_block2,state_004_t4,4,wrong_support_bt,wrong_support_bt,experiments/bt_selection_benchmark/bt_candidates/stack_block3_on_block2/wrong_support_bt.json,stack block_3 on block_2,"supported_by(block_3, block_2)",block_3,block_2,0,0,0.0,1,1,0,0,6,3,0.5,0.42213,0.583602,0,1,-19.388504,bad,success,0,fallback_symbolic_effects,done,experiments/bt_selection_benchmark/results/bt_candidate_evaluations_v2_stacking_probe_with_sim.csv,v2_stacking_probe,v2_stacking_probe,v2_stacking_probe::state_004_t4::stack_block3_on_block2,-21.03931,2.9,-17.139310000000002,0.2548076923076923,0.43608810513590907,0.0,,0.15998356474551573,0.0,0.0,0.0,0.0,0.0,0.15998356474551573,-21.03931,-3.9,-6
stack_block3_on_block2,state_004_t4,4,redundant_bt,redundant_bt,experiments/bt_selection_benchmark/bt_candidates/stack_block3_on_block2/redundant_bt.json,stack block_3 on block_2,"supported_by(block_3, block_2)",block_3,block_2,1,0,1.0,1,1,0,0,8,3,1.0,0.07614,0.535742,0,1,63.167116,medium,success,0,fallback_symbolic_effects,done,experiments/bt_selection_benchmark/results/bt_candidate_evaluations_v2_stacking_probe_with_sim.csv,v2_stacking_probe,v2_stacking_probe,v2_stacking_probe::state_004_t4::stack_block3_on_block2,51.65989000000001,79.39999999999999,-13.44011,0.9903846153846154,1.0,0.0,,0.4480769230769231,0.0,0.0,0.0,0.0,0.0,0.4480769230769231,51.65989000000001,65.1,-8
stack_block3_on_block2,state_004_t4,4,unsafe_or_invalid_bt,unsafe_or_invalid_bt,experiments/bt_selection_benchmark/bt_candidates/stack_block3_on_block2/unsafe_or_invalid_bt.json,stack block_3 on block_2,"supported_by(block_3, block_2)",block_3,block_2,0,0,0.0,1,1,0,2,4,3,0.0,1.0,0.0,0,1,-33.0,bad,success,0,fallback_symbolic_effects,skipped,experiments/bt_selection_benchmark/results/bt_candidate_evaluations_v2_stacking_probe_with_sim.csv,v2_stacking_probe,v2_stacking_probe,v2_stacking_probe::state_004_t4::stack_block3_on_block2,-22.9,-23.599999999999998,-20.0,0.0,0.0,0.05,shortest_tree:0.05,0.027500000000000004,0.0,0.0,0.0,0.0,1.0,0.027500000000000004,-22.9,-2.9,-4
place_block3_on_block5,state_000_t0,0,correct_bt,correct_bt,experiments/bt_selection_benchmark/bt_candidates_v2b_physical_strategy/place_block3_on_block5/correct_bt.json,place block_3 on block_5,"supported_by(block_3, block_5)",block_3,block_5,1,1,1.0,1,1,0,0,6,3,1.0,0.004962,0.508885,1,1,164.93261,good,success,0,fallback_symbolic_effects,done,experiments/bt_selection_benchmark/results/bt_candidate_evaluations_v2b_physical_strategy_with_sim.csv,v2b_physical_strategy,v2b_physical_strategy,v2b_physical_strategy::state_000_t0::place_block3_on_block5,153.505955,80.39999999999999,87.40595499999999,0.0,0.9901363572242831,0.15000000000000002,shortest_tree:0.05;symbolic_only:0.10,0.3300340893060708,0.0,0.0,0.0,1.0,1.0,0.3300340893060708,153.505955,66.1,-6
place_block3_on_block5,state_000_t0,0,center_place_bt,center_place_bt,experiments/bt_selection_benchmark/bt_candidates_v2b_physical_strategy/place_block3_on_block5/center_place_bt.json,place block_3 on block_5,"supported_by(block_3, block_5)",block_3,block_5,1,1,1.0,1,1,0,0,6,3,1.0,0.004258,0.303323,1,1,165.350774,good,success,0,fallback_symbolic_effects,done,experiments/bt_selection_benchmark/results/bt_candidate_evaluations_v2b_physical_strategy_with_sim.csv,v2b_physical_strategy,v2b_physical_strategy,v2b_physical_strategy::state_000_t0::place_block3_on_block5,154.540805,80.39999999999999,88.440805,0.0,1.0,0.0,,0.25,0.0,0.0,0.0,0.0,0.0,0.25,154.540805,66.1,-6
place_block3_on_block5,state_000_t0,0,edge_place_bt,edge_place_bt,experiments/bt_selection_benchmark/bt_candidates_v2b_physical_strategy/place_block3_on_block5/edge_place_bt.json,place block_3 on block_5,"supported_by(block_3, block_5)",block_3,block_5,1,1,1.0,1,1,0,0,6,3,1.0,0.003238,0.497468,1,1,164.972684,good,success,0,fallback_symbolic_effects,done,experiments/bt_selection_benchmark/results/bt_candidate_evaluations_v2b_physical_strategy_with_sim.csv,v2b_physical_strategy,v2b_physical_strategy,v2b_physical_strategy::state_000_t0::place_block3_on_block5,153.58028000000002,80.39999999999999,87.48028,0.0,0.9908447838071744,0.0,,0.2477111959517936,0.0,0.0,0.0,0.0,0.0,0.2477111959517936,153.58028000000002,66.1,-6
place_block3_on_block5,state_000_t0,0,corner_place_bt,corner_place_bt,experiments/bt_selection_benchmark/bt_candidates_v2b_physical_strategy/place_block3_on_block5/corner_place_bt.json,place block_3 on block_5,"supported_by(block_3, block_5)",block_3,block_5,1,1,1.0,1,1,0,0,6,3,1.0,0.004224,0.434865,1,1,165.08803,good,success,0,fallback_symbolic_effects,done,experiments/bt_selection_benchmark/results/bt_candidate_evaluations_v2b_physical_strategy_with_sim.csv,v2b_physical_strategy,v2b_physical_strategy,v2b_physical_strategy::state_000_t0::place_block3_on_block5,153.883435,80.39999999999999,87.783435,0.0,0.9937342969015094,0.7999999999999999,feature_only:0.30;transformer_fused:0.35;transformer_only:0.15,0.6884335742253773,1.0,1.0,1.0,0.0,0.0,0.6884335742253773,153.883435,66.1,-6
place_block3_on_block5,state_000_t0,0,over_edge_bt,over_edge_bt,experiments/bt_selection_benchmark/bt_candidates_v2b_physical_strategy/place_block3_on_block5/over_edge_bt.json,place block_3 on block_5,"supported_by(block_3, block_5)",block_3,block_5,1,0,1.0,1,1,0,0,6,3,1.0,0.376691,0.541577,0,1,61.149936,medium,success,0,fallback_symbolic_effects,done,experiments/bt_selection_benchmark/results/bt_candidate_evaluations_v2b_physical_strategy_with_sim.csv,v2b_physical_strategy,v2b_physical_strategy,v2b_physical_strategy::state_000_t0::place_block3_on_block5,49.62520500000001,80.39999999999999,-16.474795,0.0,0.0,0.0,,0.0,0.0,0.0,0.0,0.0,0.0,0.0,49.62520500000001,66.1,-6
place_block3_on_block5,state_000_t0,0,far_offset_bt,far_offset_bt,experiments/bt_selection_benchmark/bt_candidates_v2b_physical_strategy/place_block3_on_block5/far_offset_bt.json,place block_3 on block_5,"supported_by(block_3, block_5)",block_3,block_5,1,0,1.0,1,1,0,0,6,3,1.0,0.37528,0.485964,0,1,61.275272,medium,success,0,fallback_symbolic_effects,done,experiments/bt_selection_benchmark/results/bt_candidate_evaluations_v2b_physical_strategy_with_sim.csv,v2b_physical_strategy,v2b_physical_strategy,v2b_physical_strategy::state_000_t0::place_block3_on_block5,49.91738000000001,80.39999999999999,-16.18262,0.0,0.0027848575426342725,0.0,,0.0006962143856585681,0.0,0.0,0.0,0.0,0.0,0.0006962143856585681,49.91738000000001,66.1,-6
place_block1_on_block5,state_000_t0,0,correct_bt,correct_bt,experiments/bt_selection_benchmark/bt_candidates_v2b_physical_strategy/place_block1_on_block5/correct_bt.json,place block_1 on block_5,"supported_by(block_1, block_5)",block_1,block_5,1,1,1.0,1,1,0,0,6,3,1.0,0.002157,0.26119,1,1,165.45605,good,success,0,fallback_symbolic_effects,done,experiments/bt_selection_benchmark/results/bt_candidate_evaluations_v2b_physical_strategy_with_sim.csv,v2b_physical_strategy,v2b_physical_strategy,v2b_physical_strategy::state_000_t0::place_block1_on_block5,154.77248,80.39999999999999,88.67248000000001,0.0,0.9995954774001207,0.15000000000000002,shortest_tree:0.05;symbolic_only:0.10,0.33239886935003016,0.0,0.0,0.0,1.0,1.0,0.33239886935003016,154.77248,66.1,-6
place_block1_on_block5,state_000_t0,0,center_place_bt,center_place_bt,experiments/bt_selection_benchmark/bt_candidates_v2b_physical_strategy/place_block1_on_block5/center_place_bt.json,place block_1 on block_5,"supported_by(block_1, block_5)",block_1,block_5,1,1,1.0,1,1,0,0,6,3,1.0,0.002103,0.374308,1,1,165.230354,good,success,0,fallback_symbolic_effects,done,experiments/bt_selection_benchmark/results/bt_candidate_evaluations_v2b_physical_strategy_with_sim.csv,v2b_physical_strategy,v2b_physical_strategy,v2b_physical_strategy::state_000_t0::place_block1_on_block5,154.20743,80.39999999999999,88.10743000000001,0.0,0.9942039101147827,0.44999999999999996,feature_only:0.30;transformer_only:0.15,0.49605097752869565,1.0,0.0,1.0,0.0,0.0,0.49605097752869565,154.20743,66.1,-6
place_block1_on_block5,state_000_t0,0,edge_place_bt,edge_place_bt,experiments/bt_selection_benchmark/bt_candidates_v2b_physical_strategy/place_block1_on_block5/edge_place_bt.json,place block_1 on block_5,"supported_by(block_1, block_5)",block_1,block_5,1,1,1.0,1,1,0,0,6,3,1.0,0.000238,0.256549,1,1,165.484522,good,success,0,fallback_symbolic_effects,done,experiments/bt_selection_benchmark/results/bt_candidate_evaluations_v2b_physical_strategy_with_sim.csv,v2b_physical_strategy,v2b_physical_strategy,v2b_physical_strategy::state_000_t0::place_block1_on_block5,154.814875,80.39999999999999,88.71487499999999,0.0,1.0,0.35,transformer_fused:0.35,0.4425,0.0,1.0,0.0,0.0,0.0,0.4425,154.814875,66.1,-6
place_block1_on_block5,state_000_t0,0,corner_place_bt,corner_place_bt,experiments/bt_selection_benchmark/bt_candidates_v2b_physical_strategy/place_block1_on_block5/corner_place_bt.json,place block_1 on block_5,"supported_by(block_1, block_5)",block_1,block_5,1,1,1.0,1,1,0,0,6,3,1.0,0.001034,0.336597,1,1,165.316466,good,success,0,fallback_symbolic_effects,done,experiments/bt_selection_benchmark/results/bt_candidate_evaluations_v2b_physical_strategy_with_sim.csv,v2b_physical_strategy,v2b_physical_strategy,v2b_physical_strategy::state_000_t0::place_block1_on_block5,154.40667499999998,80.39999999999999,88.306675,0.0,0.9961050566040617,0.0,,0.24902626415101542,0.0,0.0,0.0,0.0,0.0,0.24902626415101542,154.40667499999998,66.1,-6
place_block1_on_block5,state_000_t0,0,over_edge_bt,over_edge_bt,experiments/bt_selection_benchmark/bt_candidates_v2b_physical_strategy/place_block1_on_block5/over_edge_bt.json,place block_1 on block_5,"supported_by(block_1, block_5)",block_1,block_5,1,0,1.0,1,1,0,0,6,3,1.0,0.375045,0.467445,0,1,61.31466,medium,success,0,fallback_symbolic_effects,done,experiments/bt_selection_benchmark/results/bt_candidate_evaluations_v2b_physical_strategy_with_sim.csv,v2b_physical_strategy,v2b_physical_strategy,v2b_physical_strategy::state_000_t0::place_block1_on_block5,50.012325,80.39999999999999,-16.087675,0.0,0.0,0.0,,0.0,0.0,0.0,0.0,0.0,0.0,0.0,50.012325,66.1,-6
place_block1_on_block5,state_000_t0,0,far_offset_bt,far_offset_bt,experiments/bt_selection_benchmark/bt_candidates_v2b_physical_strategy/place_block1_on_block5/far_offset_bt.json,place block_1 on block_5,"supported_by(block_1, block_5)",block_1,block_5,1,0,1.0,1,1,0,0,6,3,1.0,0.383353,0.376851,0,1,61.412768,medium,success,0,fallback_symbolic_effects,done,experiments/bt_selection_benchmark/results/bt_candidate_evaluations_v2b_physical_strategy_with_sim.csv,v2b_physical_strategy,v2b_physical_strategy,v2b_physical_strategy::state_000_t0::place_block1_on_block5,50.38221500000001,80.39999999999999,-15.717785,0.0,0.0035293988552759607,0.0,,0.0008823497138189902,0.0,0.0,0.0,0.0,0.0,0.0008823497138189902,50.38221500000001,66.1,-6
stack_block1_on_block3,state_000_t0,0,correct_bt,correct_bt,experiments/bt_selection_benchmark/bt_candidates_v2b_physical_strategy/stack_block1_on_block3/correct_bt.json,stack block_1 on block_3,"supported_by(block_1, block_3)",block_1,block_3,1,0,1.0,1,1,0,0,6,3,1.0,0.085263,0.338987,0,1,64.469396,medium,success,0,fallback_symbolic_effects,done,experiments/bt_selection_benchmark/results/bt_candidate_evaluations_v2b_physical_strategy_with_sim.csv,v2b_physical_strategy,v2b_physical_strategy,v2b_physical_strategy::state_000_t0::stack_block1_on_block3,53.552434999999996,80.39999999999999,-12.547564999999999,0.0,0.9253436984562882,0.15000000000000002,shortest_tree:0.05;symbolic_only:0.10,0.31383592461407206,0.0,0.0,0.0,1.0,1.0,0.31383592461407206,53.552434999999996,66.1,-6
stack_block1_on_block3,state_000_t0,0,center_place_bt,center_place_bt,experiments/bt_selection_benchmark/bt_candidates_v2b_physical_strategy/stack_block1_on_block3/center_place_bt.json,stack block_1 on block_3,"supported_by(block_1, block_3)",block_1,block_3,1,0,1.0,1,1,0,0,6,3,1.0,0.110353,0.498067,0,1,63.900336,medium,success,0,fallback_symbolic_effects,done,experiments/bt_selection_benchmark/results/bt_candidate_evaluations_v2b_physical_strategy_with_sim.csv,v2b_physical_strategy,v2b_physical_strategy,v2b_physical_strategy::state_000_t0::stack_block1_on_block3,52.50613499999999,80.39999999999999,-13.593865000000001,0.0,0.0,0.44999999999999996,feature_only:0.30;transformer_only:0.15,0.2475,1.0,0.0,1.0,0.0,0.0,0.2475,52.50613499999999,66.1,-6
stack_block1_on_block3,state_000_t0,0,edge_place_bt,edge_place_bt,experiments/bt_selection_benchmark/bt_candidates_v2b_physical_strategy/stack_block1_on_block3/edge_place_bt.json,stack block_1 on block_3,"supported_by(block_1, block_3)",block_1,block_3,1,0,1.0,1,1,0,0,6,3,1.0,0.082691,0.344087,0,1,64.484916,medium,success,0,fallback_symbolic_effects,done,experiments/bt_selection_benchmark/results/bt_candidate_evaluations_v2b_physical_strategy_with_sim.csv,v2b_physical_strategy,v2b_physical_strategy,v2b_physical_strategy::state_000_t0::stack_block1_on_block3,53.55265500000001,80.39999999999999,-12.547345,0.0,0.9255382656106983,0.0,,0.23138456640267457,0.0,0.0,0.0,0.0,0.0,0.23138456640267457,53.55265500000001,66.1,-6
stack_block1_on_block3,state_000_t0,0,corner_place_bt,corner_place_bt,experiments/bt_selection_benchmark/bt_candidates_v2b_physical_strategy/stack_block1_on_block3/corner_place_bt.json,stack block_1 on block_3,"supported_by(block_1, block_3)",block_1,block_3,1,0,1.0,1,1,0,0,6,3,1.0,0.08331,0.32601,0,1,64.51488,medium,success,0,fallback_symbolic_effects,done,experiments/bt_selection_benchmark/results/bt_candidate_evaluations_v2b_physical_strategy_with_sim.csv,v2b_physical_strategy,v2b_physical_strategy,v2b_physical_strategy::state_000_t0::stack_block1_on_block3,53.63685,80.39999999999999,-12.46315,0.0,1.0,0.0,,0.25,0.0,0.0,0.0,0.0,0.0,0.25,53.63685,66.1,-6
stack_block1_on_block3,state_000_t0,0,over_edge_bt,over_edge_bt,experiments/bt_selection_benchmark/bt_candidates_v2b_physical_strategy/stack_block1_on_block3/over_edge_bt.json,stack block_1 on block_3,"supported_by(block_1, block_3)",block_1,block_3,1,0,1.0,1,1,0,0,6,3,1.0,0.079078,0.505057,0,1,64.199106,medium,success,0,fallback_symbolic_effects,done,experiments/bt_selection_benchmark/results/bt_candidate_evaluations_v2b_physical_strategy_with_sim.csv,v2b_physical_strategy,v2b_physical_strategy,v2b_physical_strategy::state_000_t0::stack_block1_on_block3,52.78393500000001,80.39999999999999,-13.316065,0.0,0.24568525225189447,0.0,,0.06142131306297362,0.0,0.0,0.0,0.0,0.0,0.06142131306297362,52.78393500000001,66.1,-6
stack_block1_on_block3,state_000_t0,0,far_offset_bt,far_offset_bt,experiments/bt_selection_benchmark/bt_candidates_v2b_physical_strategy/stack_block1_on_block3/far_offset_bt.json,stack block_1 on block_3,"supported_by(block_1, block_3)",block_1,block_3,1,0,1.0,1,1,0,0,6,3,1.0,0.119384,0.257913,0,1,64.290334,medium,success,0,fallback_symbolic_effects,done,experiments/bt_selection_benchmark/results/bt_candidate_evaluations_v2b_physical_strategy_with_sim.csv,v2b_physical_strategy,v2b_physical_strategy,v2b_physical_strategy::state_000_t0::stack_block1_on_block3,53.61659500000001,80.39999999999999,-12.483405000000001,0.0,0.9820865558518278,0.35,transformer_fused:0.35,0.438021638962957,0.0,1.0,0.0,0.0,0.0,0.438021638962957,53.61659500000001,66.1,-6
stack_block3_on_block1,state_000_t0,0,correct_bt,correct_bt,experiments/bt_selection_benchmark/bt_candidates_v2b_physical_strategy/stack_block3_on_block1/correct_bt.json,stack block_3 on block_1,"supported_by(block_3, block_1)",block_3,block_1,1,0,1.0,1,1,0,0,6,3,1.0,0.007632,0.189789,0,1,65.544102,medium,success,0,fallback_symbolic_effects,done,experiments/bt_selection_benchmark/results/bt_candidate_evaluations_v2b_physical_strategy_with_sim.csv,v2b_physical_strategy,v2b_physical_strategy,v2b_physical_strategy::state_000_t0::stack_block3_on_block1,55.07473500000001,80.39999999999999,-11.025265000000001,0.0,1.0,0.49999999999999994,shortest_tree:0.05;symbolic_only:0.10;transformer_fused:0.35,0.5249999999999999,0.0,1.0,0.0,1.0,1.0,0.5249999999999999,55.07473500000001,66.1,-6
stack_block3_on_block1,state_000_t0,0,center_place_bt,center_place_bt,experiments/bt_selection_benchmark/bt_candidates_v2b_physical_strategy/stack_block3_on_block1/center_place_bt.json,stack block_3 on block_1,"supported_by(block_3, block_1)",block_3,block_1,1,0,1.0,1,1,0,0,6,3,1.0,0.079653,0.502646,0,1,64.198178,medium,success,0,fallback_symbolic_effects,done,experiments/bt_selection_benchmark/results/bt_candidate_evaluations_v2b_physical_strategy_with_sim.csv,v2b_physical_strategy,v2b_physical_strategy,v2b_physical_strategy::state_000_t0::stack_block3_on_block1,52.79023999999999,80.39999999999999,-13.30976,0.0,0.059568993907458595,0.0,,0.014892248476864649,0.0,0.0,0.0,0.0,0.0,0.014892248476864649,52.79023999999999,66.1,-6
stack_block3_on_block1,state_000_t0,0,edge_place_bt,edge_place_bt,experiments/bt_selection_benchmark/bt_candidates_v2b_physical_strategy/stack_block3_on_block1/edge_place_bt.json,stack block_3 on block_1,"supported_by(block_3, block_1)",block_3,block_1,1,0,1.0,1,1,0,0,6,3,1.0,0.10712,0.346369,0,1,64.236062,medium,success,0,fallback_symbolic_effects,done,experiments/bt_selection_benchmark/results/bt_candidate_evaluations_v2b_physical_strategy_with_sim.csv,v2b_physical_strategy,v2b_physical_strategy,v2b_physical_strategy::state_000_t0::stack_block3_on_block1,53.296955000000004,80.39999999999999,-12.803045000000001,0.0,0.2681623579779346,0.0,,0.06704058949448365,0.0,0.0,0.0,0.0,0.0,0.06704058949448365,53.296955000000004,66.1,-6
stack_block3_on_block1,state_000_t0,0,corner_place_bt,corner_place_bt,experiments/bt_selection_benchmark/bt_candidates_v2b_physical_strategy/stack_block3_on_block1/corner_place_bt.json,stack block_3 on block_1,"supported_by(block_3, block_1)",block_3,block_1,1,0,1.0,1,1,0,0,6,3,1.0,0.092202,0.235537,0,1,64.606906,medium,success,0,fallback_symbolic_effects,done,experiments/bt_selection_benchmark/results/bt_candidate_evaluations_v2b_physical_strategy_with_sim.csv,v2b_physical_strategy,v2b_physical_strategy,v2b_physical_strategy::state_000_t0::stack_block3_on_block1,54.000295,80.39999999999999,-12.099705,0.0,0.5576980075745102,0.44999999999999996,feature_only:0.30;transformer_only:0.15,0.38692450189362754,1.0,0.0,1.0,0.0,0.0,0.38692450189362754,54.000295,66.1,-6
stack_block3_on_block1,state_000_t0,0,over_edge_bt,over_edge_bt,experiments/bt_selection_benchmark/bt_candidates_v2b_physical_strategy/stack_block3_on_block1/over_edge_bt.json,stack block_3 on block_1,"supported_by(block_3, block_1)",block_3,block_1,1,0,1.0,1,1,0,0,6,3,1.0,0.119299,0.452295,0,1,63.90242,medium,success,0,fallback_symbolic_effects,done,experiments/bt_selection_benchmark/results/bt_candidate_evaluations_v2b_physical_strategy_with_sim.csv,v2b_physical_strategy,v2b_physical_strategy,v2b_physical_strategy::state_000_t0::stack_block3_on_block1,52.645535,80.39999999999999,-13.454464999999999,0.0,0.0,0.0,,0.0,0.0,0.0,0.0,0.0,0.0,0.0,52.645535,66.1,-6
stack_block3_on_block1,state_000_t0,0,far_offset_bt,far_offset_bt,experiments/bt_selection_benchmark/bt_candidates_v2b_physical_strategy/stack_block3_on_block1/far_offset_bt.json,stack block_3 on block_1,"supported_by(block_3, block_1)",block_3,block_1,1,0,1.0,1,1,0,0,6,3,1.0,0.09465,0.457494,0,1,64.138512,medium,success,0,fallback_symbolic_effects,done,experiments/bt_selection_benchmark/results/bt_candidate_evaluations_v2b_physical_strategy_with_sim.csv,v2b_physical_strategy,v2b_physical_strategy,v2b_physical_strategy::state_000_t0::stack_block3_on_block1,52.86603,80.39999999999999,-13.23397,0.0,0.09076856578297375,0.0,,0.022692141445743438,0.0,0.0,0.0,0.0,0.0,0.022692141445743438,52.86603,66.1,-6
place_block3_on_block5,state_001_t1,1,correct_bt,correct_bt,experiments/bt_selection_benchmark/bt_candidates_v2b_physical_strategy/place_block3_on_block5/correct_bt.json,place block_3 on block_5,"supported_by(block_3, block_5)",block_3,block_5,1,1,1.0,1,1,0,0,6,3,1.0,0.006403,0.787359,1,1,164.361252,good,success,0,fallback_symbolic_effects,done,experiments/bt_selection_benchmark/results/bt_candidate_evaluations_v2b_physical_strategy_with_sim.csv,v2b_physical_strategy,v2b_physical_strategy,v2b_physical_strategy::state_001_t1::place_block3_on_block5,152.099175,80.39999999999999,85.999175,0.0,0.9900082198430916,0.15000000000000002,shortest_tree:0.05;symbolic_only:0.10,0.33000205496077295,0.0,0.0,0.0,1.0,1.0,0.33000205496077295,152.099175,66.1,-6
place_block3_on_block5,state_001_t1,1,center_place_bt,center_place_bt,experiments/bt_selection_benchmark/bt_candidates_v2b_physical_strategy/place_block3_on_block5/center_place_bt.json,place block_3 on block_5,"supported_by(block_3, block_5)",block_3,block_5,1,1,1.0,1,1,0,0,6,3,1.0,0.000433,0.590513,1,1,164.814644,good,success,0,fallback_symbolic_effects,done,experiments/bt_selection_benchmark/results/bt_candidate_evaluations_v2b_physical_strategy_with_sim.csv,v2b_physical_strategy,v2b_physical_strategy,v2b_physical_strategy::state_001_t1::place_block3_on_block5,153.143105,80.39999999999999,87.043105,0.0,1.0,0.7999999999999999,feature_only:0.30;transformer_fused:0.35;transformer_only:0.15,0.69,1.0,1.0,1.0,0.0,0.0,0.69,153.143105,66.1,-6
place_block3_on_block5,state_001_t1,1,edge_place_bt,edge_place_bt,experiments/bt_selection_benchmark/bt_candidates_v2b_physical_strategy/place_block3_on_block5/edge_place_bt.json,place block_3 on block_5,"supported_by(block_3, block_5)",block_3,block_5,1,1,1.0,1,1,0,0,6,3,1.0,0.002783,0.704391,1,1,164.563388,good,success,0,fallback_symbolic_effects,done,experiments/bt_selection_benchmark/results/bt_candidate_evaluations_v2b_physical_strategy_with_sim.csv,v2b_physical_strategy,v2b_physical_strategy,v2b_physical_strategy::state_001_t1::place_block3_on_block5,152.550215,80.39999999999999,86.450215,0.0,0.99432526458936,0.0,,0.24858131614734,0.0,0.0,0.0,0.0,0.0,0.24858131614734,152.550215,66.1,-6
place_block3_on_block5,state_001_t1,1,corner_place_bt,corner_place_bt,experiments/bt_selection_benchmark/bt_candidates_v2b_physical_strategy/place_block3_on_block5/corner_place_bt.json,place block_3 on block_5,"supported_by(block_3, block_5)",block_3,block_5,1,1,1.0,1,1,0,0,6,3,1.0,0.002144,0.694599,1,1,164.589362,good,success,0,fallback_symbolic_effects,done,experiments/bt_selection_benchmark/results/bt_candidate_evaluations_v2b_physical_strategy_with_sim.csv,v2b_physical_strategy,v2b_physical_strategy,v2b_physical_strategy::state_001_t1::place_block3_on_block5,152.60556499999998,80.39999999999999,86.505565,0.0,0.9948550367308684,0.0,,0.2487137591827171,0.0,0.0,0.0,0.0,0.0,0.2487137591827171,152.60556499999998,66.1,-6
place_block3_on_block5,state_001_t1,1,over_edge_bt,over_edge_bt,experiments/bt_selection_benchmark/bt_candidates_v2b_physical_strategy/place_block3_on_block5/over_edge_bt.json,place block_3 on block_5,"supported_by(block_3, block_5)",block_3,block_5,1,0,1.0,1,1,0,0,6,3,1.0,0.36862,0.718107,0,1,60.877586,medium,success,0,fallback_symbolic_effects,done,experiments/bt_selection_benchmark/results/bt_candidate_evaluations_v2b_physical_strategy_with_sim.csv,v2b_physical_strategy,v2b_physical_strategy,v2b_physical_strategy::state_001_t1::place_block3_on_block5,48.823265,80.39999999999999,-17.276735000000002,0.0,0.0015222215245798711,0.0,,0.0003805553811449678,0.0,0.0,0.0,0.0,0.0,0.0003805553811449678,48.823265,66.1,-6
place_block3_on_block5,state_001_t1,1,far_offset_bt,far_offset_bt,experiments/bt_selection_benchmark/bt_candidates_v2b_physical_strategy/place_block3_on_block5/far_offset_bt.json,place block_3 on block_5,"supported_by(block_3, block_5)",block_3,block_5,1,0,1.0,1,1,0,0,6,3,1.0,0.381709,0.723737,0,1,60.735436,medium,success,0,fallback_symbolic_effects,done,experiments/bt_selection_benchmark/results/bt_candidate_evaluations_v2b_physical_strategy_with_sim.csv,v2b_physical_strategy,v2b_physical_strategy,v2b_physical_strategy::state_001_t1::place_block3_on_block5,48.664224999999995,80.39999999999999,-17.435775,0.0,0.0,0.0,,0.0,0.0,0.0,0.0,0.0,0.0,0.0,48.664224999999995,66.1,-6
place_block1_on_block5,state_001_t1,1,correct_bt,correct_bt,experiments/bt_selection_benchmark/bt_candidates_v2b_physical_strategy/place_block1_on_block5/correct_bt.json,place block_1 on block_5,"supported_by(block_1, block_5)",block_1,block_5,1,1,1.0,1,1,0,0,6,3,1.0,0.004116,0.714768,1,1,164.529304,good,success,0,fallback_symbolic_effects,done,experiments/bt_selection_benchmark/results/bt_candidate_evaluations_v2b_physical_strategy_with_sim.csv,v2b_physical_strategy,v2b_physical_strategy,v2b_physical_strategy::state_001_t1::place_block1_on_block5,152.485,80.39999999999999,86.38499999999999,0.0,0.9927687783778799,0.15000000000000002,shortest_tree:0.05;symbolic_only:0.10,0.33069219459446997,0.0,0.0,0.0,1.0,1.0,0.33069219459446997,152.485,66.1,-6
place_block1_on_block5,state_001_t1,1,center_place_bt,center_place_bt,experiments/bt_selection_benchmark/bt_candidates_v2b_physical_strategy/place_block1_on_block5/center_place_bt.json,place block_1 on block_5,"supported_by(block_1, block_5)",block_1,block_5,1,1,1.0,1,1,0,0,6,3,1.0,0.0031,0.58402,1,1,164.80096,good,success,0,fallback_symbolic_effects,done,experiments/bt_selection_benchmark/results/bt_candidate_evaluations_v2b_physical_strategy_with_sim.csv,v2b_physical_strategy,v2b_physical_strategy,v2b_physical_strategy::state_001_t1::place_block1_on_block5,153.1489,80.39999999999999,87.04889999999999,0.0,0.9991444381275782,0.3,feature_only:0.30,0.41478610953189454,1.0,0.0,0.0,0.0,0.0,0.41478610953189454,153.1489,66.1,-6
place_block1_on_block5,state_001_t1,1,edge_place_bt,edge_place_bt,experiments/bt_selection_benchmark/bt_candidates_v2b_physical_strategy/place_block1_on_block5/edge_place_bt.json,place block_1 on block_5,"supported_by(block_1, block_5)",block_1,block_5,1,1,1.0,1,1,0,0,6,3,1.0,0.002147,0.626613,1,1,164.725304,good,success,0,fallback_symbolic_effects,done,experiments/bt_selection_benchmark/results/bt_candidate_evaluations_v2b_physical_strategy_with_sim.csv,v2b_physical_strategy,v2b_physical_strategy,v2b_physical_strategy::state_001_t1::place_block1_on_block5,152.945465,80.39999999999999,86.845465,0.0,0.997190781942641,0.35,transformer_fused:0.35,0.4417976954856603,0.0,1.0,0.0,0.0,0.0,0.4417976954856603,152.945465,66.1,-6
place_block1_on_block5,state_001_t1,1,corner_place_bt,corner_place_bt,experiments/bt_selection_benchmark/bt_candidates_v2b_physical_strategy/place_block1_on_block5/corner_place_bt.json,place block_1 on block_5,"supported_by(block_1, block_5)",block_1,block_5,1,1,1.0,1,1,0,0,6,3,1.0,0.007233,0.557936,1,1,164.811798,good,success,0,fallback_symbolic_effects,done,experiments/bt_selection_benchmark/results/bt_candidate_evaluations_v2b_physical_strategy_with_sim.csv,v2b_physical_strategy,v2b_physical_strategy,v2b_physical_strategy::state_001_t1::place_block1_on_block5,153.23799,80.39999999999999,87.13799,0.0,1.0,0.15,transformer_only:0.15,0.3325,0.0,0.0,1.0,0.0,0.0,0.3325,153.23799,66.1,-6
place_block1_on_block5,state_001_t1,1,over_edge_bt,over_edge_bt,experiments/bt_selection_benchmark/bt_candidates_v2b_physical_strategy/place_block1_on_block5/over_edge_bt.json,place block_1 on block_5,"supported_by(block_1, block_5)",block_1,block_5,1,0,1.0,1,1,0,0,6,3,1.0,0.379839,0.590355,0,1,61.0209,medium,success,0,fallback_symbolic_effects,done,experiments/bt_selection_benchmark/results/bt_candidate_evaluations_v2b_physical_strategy_with_sim.csv,v2b_physical_strategy,v2b_physical_strategy,v2b_physical_strategy::state_001_t1::place_block1_on_block5,49.349835000000006,80.39999999999999,-16.750165,0.0,0.002326361946175185,0.0,,0.0005815904865437962,0.0,0.0,0.0,0.0,0.0,0.0005815904865437962,49.349835000000006,66.1,-6
place_block1_on_block5,state_001_t1,1,far_offset_bt,far_offset_bt,experiments/bt_selection_benchmark/bt_candidates_v2b_physical_strategy/place_block1_on_block5/far_offset_bt.json,place block_1 on block_5,"supported_by(block_1, block_5)",block_1,block_5,1,0,1.0,1,1,0,0,6,3,1.0,0.384678,0.629126,0,1,60.894968,medium,success,0,fallback_symbolic_effects,done,experiments/bt_selection_benchmark/results/bt_candidate_evaluations_v2b_physical_strategy_with_sim.csv,v2b_physical_strategy,v2b_physical_strategy,v2b_physical_strategy::state_001_t1::place_block1_on_block5,49.10759000000001,80.39999999999999,-16.99241,0.0,0.0,0.0,,0.0,0.0,0.0,0.0,0.0,0.0,0.0,49.10759000000001,66.1,-6
stack_block1_on_block3,state_001_t1,1,correct_bt,correct_bt,experiments/bt_selection_benchmark/bt_candidates_v2b_physical_strategy/stack_block1_on_block3/correct_bt.json,stack block_1 on block_3,"supported_by(block_1, block_3)",block_1,block_3,1,0,1.0,1,1,0,0,6,3,1.0,0.083976,0.711603,0,1,63.737034,medium,success,0,fallback_symbolic_effects,done,experiments/bt_selection_benchmark/results/bt_candidate_evaluations_v2b_physical_strategy_with_sim.csv,v2b_physical_strategy,v2b_physical_strategy,v2b_physical_strategy::state_001_t1::stack_block1_on_block3,51.702225000000006,80.39999999999999,-14.397775,0.0,0.06174385500416694,0.15000000000000002,shortest_tree:0.05;symbolic_only:0.10,0.09793596375104176,0.0,0.0,0.0,1.0,1.0,0.09793596375104176,51.702225000000006,66.1,-6
stack_block1_on_block3,state_001_t1,1,center_place_bt,center_place_bt,experiments/bt_selection_benchmark/bt_candidates_v2b_physical_strategy/stack_block1_on_block3/center_place_bt.json,stack block_1 on block_3,"supported_by(block_1, block_3)",block_1,block_3,1,0,1.0,1,1,0,0,6,3,1.0,0.074958,0.723408,0,1,63.803604,medium,success,0,fallback_symbolic_effects,done,experiments/bt_selection_benchmark/results/bt_candidate_evaluations_v2b_physical_strategy_with_sim.csv,v2b_physical_strategy,v2b_physical_strategy,v2b_physical_strategy::state_001_t1::stack_block1_on_block3,51.733380000000004,80.39999999999999,-14.366620000000001,0.0,0.09359203054480719,0.0,,0.023398007636201798,0.0,0.0,0.0,0.0,0.0,0.023398007636201798,51.733380000000004,66.1,-6
stack_block1_on_block3,state_001_t1,1,edge_place_bt,edge_place_bt,experiments/bt_selection_benchmark/bt_candidates_v2b_physical_strategy/stack_block1_on_block3/edge_place_bt.json,stack block_1 on block_3,"supported_by(block_1, block_3)",block_1,block_3,1,0,1.0,1,1,0,0,6,3,1.0,0.105497,0.546385,0,1,63.85226,medium,success,0,fallback_symbolic_effects,done,experiments/bt_selection_benchmark/results/bt_candidate_evaluations_v2b_physical_strategy_with_sim.csv,v2b_physical_strategy,v2b_physical_strategy,v2b_physical_strategy::state_001_t1::stack_block1_on_block3,52.313105,80.39999999999999,-13.786895,0.0,0.6862154799204692,0.0,,0.1715538699801173,0.0,0.0,0.0,0.0,0.0,0.1715538699801173,52.313105,66.1,-6
stack_block1_on_block3,state_001_t1,1,corner_place_bt,corner_place_bt,experiments/bt_selection_benchmark/bt_candidates_v2b_physical_strategy/stack_block1_on_block3/corner_place_bt.json,stack block_1 on block_3,"supported_by(block_1, block_3)",block_1,block_3,1,0,1.0,1,1,0,0,6,3,1.0,0.105688,0.680259,0,1,63.582602,medium,success,0,fallback_symbolic_effects,done,experiments/bt_selection_benchmark/results/bt_candidate_evaluations_v2b_physical_strategy_with_sim.csv,v2b_physical_strategy,v2b_physical_strategy,v2b_physical_strategy::state_001_t1::stack_block1_on_block3,51.64182499999999,80.39999999999999,-14.458175,0.0,0.0,0.7999999999999999,feature_only:0.30;transformer_fused:0.35;transformer_only:0.15,0.44,1.0,1.0,1.0,0.0,0.0,0.44,51.64182499999999,66.1,-6
stack_block1_on_block3,state_001_t1,1,over_edge_bt,over_edge_bt,experiments/bt_selection_benchmark/bt_candidates_v2b_physical_strategy/stack_block1_on_block3/over_edge_bt.json,stack block_1 on block_3,"supported_by(block_1, block_3)",block_1,block_3,1,0,1.0,1,1,0,0,6,3,1.0,0.075216,0.600769,0,1,64.046302,medium,success,0,fallback_symbolic_effects,done,experiments/bt_selection_benchmark/results/bt_candidate_evaluations_v2b_physical_strategy_with_sim.csv,v2b_physical_strategy,v2b_physical_strategy,v2b_physical_strategy::state_001_t1::stack_block1_on_block3,52.343995,80.39999999999999,-13.756005,0.0,0.7177927594085262,0.0,,0.17944818985213154,0.0,0.0,0.0,0.0,0.0,0.17944818985213154,52.343995,66.1,-6
stack_block1_on_block3,state_001_t1,1,far_offset_bt,far_offset_bt,experiments/bt_selection_benchmark/bt_candidates_v2b_physical_strategy/stack_block1_on_block3/far_offset_bt.json,stack block_1 on block_3,"supported_by(block_1, block_3)",block_1,block_3,1,0,1.0,1,1,0,0,6,3,1.0,0.006926,0.682136,0,1,64.566468,medium,success,0,fallback_symbolic_effects,done,experiments/bt_selection_benchmark/results/bt_candidate_evaluations_v2b_physical_strategy_with_sim.csv,v2b_physical_strategy,v2b_physical_strategy,v2b_physical_strategy::state_001_t1::stack_block1_on_block3,52.62006,80.39999999999999,-13.47994,0.0,1.0,0.0,,0.25,0.0,0.0,0.0,0.0,0.0,0.25,52.62006,66.1,-6
stack_block3_on_block1,state_001_t1,1,correct_bt,correct_bt,experiments/bt_selection_benchmark/bt_candidates_v2b_physical_strategy/stack_block3_on_block1/correct_bt.json,stack block_3 on block_1,"supported_by(block_3, block_1)",block_3,block_1,1,0,1.0,1,1,0,0,6,3,1.0,0.085576,0.68737,0,1,63.7695,medium,success,0,fallback_symbolic_effects,done,experiments/bt_selection_benchmark/results/bt_candidate_evaluations_v2b_physical_strategy_with_sim.csv,v2b_physical_strategy,v2b_physical_strategy,v2b_physical_strategy::state_001_t1::stack_block3_on_block1,51.80738999999999,80.39999999999999,-14.29261,0.0,0.0,0.15000000000000002,shortest_tree:0.05;symbolic_only:0.10,0.08250000000000002,0.0,0.0,0.0,1.0,1.0,0.08250000000000002,51.80738999999999,66.1,-6
stack_block3_on_block1,state_001_t1,1,center_place_bt,center_place_bt,experiments/bt_selection_benchmark/bt_candidates_v2b_physical_strategy/stack_block3_on_block1/center_place_bt.json,stack block_3 on block_1,"supported_by(block_3, block_1)",block_3,block_1,1,0,1.0,1,1,0,0,6,3,1.0,0.084372,0.653985,0,1,63.84831,medium,success,0,fallback_symbolic_effects,done,experiments/bt_selection_benchmark/results/bt_candidate_evaluations_v2b_physical_strategy_with_sim.csv,v2b_physical_strategy,v2b_physical_strategy,v2b_physical_strategy::state_001_t1::stack_block3_on_block1,51.986354999999996,80.39999999999999,-14.113645,0.0,0.13696004040728682,0.44999999999999996,feature_only:0.30;transformer_only:0.15,0.2817400101018217,1.0,0.0,1.0,0.0,0.0,0.2817400101018217,51.986354999999996,66.1,-6
stack_block3_on_block1,state_001_t1,1,edge_place_bt,edge_place_bt,experiments/bt_selection_benchmark/bt_candidates_v2b_physical_strategy/stack_block3_on_block1/edge_place_bt.json,stack block_3 on block_1,"supported_by(block_3, block_1)",block_3,block_1,1,0,1.0,1,1,0,0,6,3,1.0,0.08023,0.694761,0,1,63.808178,medium,success,0,fallback_symbolic_effects,done,experiments/bt_selection_benchmark/results/bt_candidate_evaluations_v2b_physical_strategy_with_sim.csv,v2b_physical_strategy,v2b_physical_strategy,v2b_physical_strategy::state_001_t1::stack_block3_on_block1,51.823895,80.39999999999999,-14.276105,0.0,0.012631103662293358,0.35,transformer_fused:0.35,0.19565777591557335,0.0,1.0,0.0,0.0,0.0,0.19565777591557335,51.823895,66.1,-6
stack_block3_on_block1,state_001_t1,1,corner_place_bt,corner_place_bt,experiments/bt_selection_benchmark/bt_candidates_v2b_physical_strategy/stack_block3_on_block1/corner_place_bt.json,stack block_3 on block_1,"supported_by(block_3, block_1)",block_3,block_1,1,0,1.0,1,1,0,0,6,3,1.0,0.080314,0.585169,0,1,64.026522,medium,success,0,fallback_symbolic_effects,done,experiments/bt_selection_benchmark/results/bt_candidate_evaluations_v2b_physical_strategy_with_sim.csv,v2b_physical_strategy,v2b_physical_strategy,v2b_physical_strategy::state_001_t1::stack_block3_on_block1,52.37101500000001,80.39999999999999,-13.728985,0.0,0.4313363103095975,0.0,,0.10783407757739938,0.0,0.0,0.0,0.0,0.0,0.10783407757739938,52.37101500000001,66.1,-6
stack_block3_on_block1,state_001_t1,1,over_edge_bt,over_edge_bt,experiments/bt_selection_benchmark/bt_candidates_v2b_physical_strategy/stack_block3_on_block1/over_edge_bt.json,stack block_3 on block_1,"supported_by(block_3, block_1)",block_3,block_1,1,0,1.0,1,1,0,0,6,3,1.0,0.097183,0.551386,0,1,63.925398,medium,success,0,fallback_symbolic_effects,done,experiments/bt_selection_benchmark/results/bt_candidate_evaluations_v2b_physical_strategy_with_sim.csv,v2b_physical_strategy,v2b_physical_strategy,v2b_physical_strategy::state_001_t1::stack_block3_on_block1,52.37124000000001,80.39999999999999,-13.728760000000001,0.0,0.4315085004534326,0.0,,0.10787712511335815,0.0,0.0,0.0,0.0,0.0,0.10787712511335815,52.37124000000001,66.1,-6
stack_block3_on_block1,state_001_t1,1,far_offset_bt,far_offset_bt,experiments/bt_selection_benchmark/bt_candidates_v2b_physical_strategy/stack_block3_on_block1/far_offset_bt.json,stack block_3 on block_1,"supported_by(block_3, block_1)",block_3,block_1,1,0,1.0,1,1,0,0,6,3,1.0,0.007719,0.581745,0,1,64.75932,medium,success,0,fallback_symbolic_effects,done,experiments/bt_selection_benchmark/results/bt_candidate_evaluations_v2b_physical_strategy_with_sim.csv,v2b_physical_strategy,v2b_physical_strategy,v2b_physical_strategy::state_001_t1::stack_block3_on_block1,53.114084999999996,80.39999999999999,-12.985914999999999,0.0,1.0,0.0,,0.25,0.0,0.0,0.0,0.0,0.0,0.25,53.114084999999996,66.1,-6
place_block3_on_block5,state_002_t2,2,correct_bt,correct_bt,experiments/bt_selection_benchmark/bt_candidates_v2b_physical_strategy/place_block3_on_block5/correct_bt.json,place block_3 on block_5,"supported_by(block_3, block_5)",block_3,block_5,1,1,1.0,1,1,0,0,6,3,1.0,0.006574,0.750663,1,1,164.432934,good,success,0,fallback_symbolic_effects,done,experiments/bt_selection_benchmark/results/bt_candidate_evaluations_v2b_physical_strategy_with_sim.csv,v2b_physical_strategy,v2b_physical_strategy,v2b_physical_strategy::state_002_t2::place_block3_on_block5,152.280945,80.39999999999999,86.180945,0.0,0.9900356792284339,0.15000000000000002,shortest_tree:0.05;symbolic_only:0.10,0.3300089198071085,0.0,0.0,0.0,1.0,1.0,0.3300089198071085,152.280945,66.1,-6
place_block3_on_block5,state_002_t2,2,center_place_bt,center_place_bt,experiments/bt_selection_benchmark/bt_candidates_v2b_physical_strategy/place_block3_on_block5/center_place_bt.json,place block_3 on block_5,"supported_by(block_3, block_5)",block_3,block_5,1,1,1.0,1,1,0,0,6,3,1.0,0.000489,0.554787,1,1,164.885536,good,success,0,fallback_symbolic_effects,done,experiments/bt_selection_benchmark/results/bt_candidate_evaluations_v2b_physical_strategy_with_sim.csv,v2b_physical_strategy,v2b_physical_strategy,v2b_physical_strategy::state_002_t2::place_block3_on_block5,153.321175,80.39999999999999,87.221175,0.0,1.0,0.6499999999999999,feature_only:0.30;transformer_fused:0.35,0.6074999999999999,1.0,1.0,0.0,0.0,0.0,0.6074999999999999,153.321175,66.1,-6
place_block3_on_block5,state_002_t2,2,edge_place_bt,edge_place_bt,experiments/bt_selection_benchmark/bt_candidates_v2b_physical_strategy/place_block3_on_block5/edge_place_bt.json,place block_3 on block_5,"supported_by(block_3, block_5)",block_3,block_5,1,1,1.0,1,1,0,0,6,3,1.0,0.002902,0.620275,1,1,164.73043,good,success,0,fallback_symbolic_effects,done,experiments/bt_selection_benchmark/results/bt_candidate_evaluations_v2b_physical_strategy_with_sim.csv,v2b_physical_strategy,v2b_physical_strategy,v2b_physical_strategy::state_002_t2::place_block3_on_block5,152.969605,80.39999999999999,86.86960499999999,0.0,0.9966323252995399,0.0,,0.24915808132488498,0.0,0.0,0.0,0.0,0.0,0.24915808132488498,152.969605,66.1,-6
place_block3_on_block5,state_002_t2,2,corner_place_bt,corner_place_bt,experiments/bt_selection_benchmark/bt_candidates_v2b_physical_strategy/place_block3_on_block5/corner_place_bt.json,place block_3 on block_5,"supported_by(block_3, block_5)",block_3,block_5,1,1,1.0,1,1,0,0,6,3,1.0,0.003641,0.66475,1,1,164.63409,good,success,0,fallback_symbolic_effects,done,experiments/bt_selection_benchmark/results/bt_candidate_evaluations_v2b_physical_strategy_with_sim.csv,v2b_physical_strategy,v2b_physical_strategy,v2b_physical_strategy::state_002_t2::place_block3_on_block5,152.73984000000002,80.39999999999999,86.63983999999999,0.0,0.9944314157294651,0.15,transformer_only:0.15,0.3311078539323663,0.0,0.0,1.0,0.0,0.0,0.3311078539323663,152.73984000000002,66.1,-6
place_block3_on_block5,state_002_t2,2,over_edge_bt,over_edge_bt,experiments/bt_selection_benchmark/bt_candidates_v2b_physical_strategy/place_block3_on_block5/over_edge_bt.json,place block_3 on block_5,"supported_by(block_3, block_5)",block_3,block_5,1,0,1.0,1,1,0,0,6,3,1.0,0.376571,0.614198,0,1,61.005894,medium,success,0,fallback_symbolic_effects,done,experiments/bt_selection_benchmark/results/bt_candidate_evaluations_v2b_physical_strategy_with_sim.csv,v2b_physical_strategy,v2b_physical_strategy,v2b_physical_strategy::state_002_t2::place_block3_on_block5,49.2633,80.39999999999999,-16.8367,0.0,0.003233856639859135,0.0,,0.0008084641599647838,0.0,0.0,0.0,0.0,0.0,0.0008084641599647838,49.2633,66.1,-6
place_block3_on_block5,state_002_t2,2,far_offset_bt,far_offset_bt,experiments/bt_selection_benchmark/bt_candidates_v2b_physical_strategy/place_block3_on_block5/far_offset_bt.json,place block_3 on block_5,"supported_by(block_3, block_5)",block_3,block_5,1,0,1.0,1,1,0,0,6,3,1.0,0.368785,0.69729,0,1,60.91757,medium,success,0,fallback_symbolic_effects,done,experiments/bt_selection_benchmark/results/bt_candidate_evaluations_v2b_physical_strategy_with_sim.csv,v2b_physical_strategy,v2b_physical_strategy,v2b_physical_strategy::state_002_t2::place_block3_on_block5,48.925700000000006,80.39999999999999,-17.1743,0.0,0.0,0.0,,0.0,0.0,0.0,0.0,0.0,0.0,0.0,48.925700000000006,66.1,-6
place_block1_on_block5,state_002_t2,2,correct_bt,correct_bt,experiments/bt_selection_benchmark/bt_candidates_v2b_physical_strategy/place_block1_on_block5/correct_bt.json,place block_1 on block_5,"supported_by(block_1, block_5)",block_1,block_5,1,1,1.0,1,1,0,0,6,3,1.0,0.005529,0.675621,1,1,164.593468,good,success,0,fallback_symbolic_effects,done,experiments/bt_selection_benchmark/results/bt_candidate_evaluations_v2b_physical_strategy_with_sim.csv,v2b_physical_strategy,v2b_physical_strategy,v2b_physical_strategy::state_002_t2::place_block1_on_block5,152.66660499999998,80.39999999999999,86.566605,0.0,0.9946640822598344,0.15000000000000002,shortest_tree:0.05;symbolic_only:0.10,0.3311660205649586,0.0,0.0,0.0,1.0,1.0,0.3311660205649586,152.66660499999998,66.1,-6
place_block1_on_block5,state_002_t2,2,center_place_bt,center_place_bt,experiments/bt_selection_benchmark/bt_candidates_v2b_physical_strategy/place_block1_on_block5/center_place_bt.json,place block_1 on block_5,"supported_by(block_1, block_5)",block_1,block_5,1,1,1.0,1,1,0,0,6,3,1.0,0.006976,0.613784,1,1,164.702672,good,success,0,fallback_symbolic_effects,done,experiments/bt_selection_benchmark/results/bt_candidate_evaluations_v2b_physical_strategy_with_sim.csv,v2b_physical_strategy,v2b_physical_strategy,v2b_physical_strategy::state_002_t2::place_block1_on_block5,152.96132,80.39999999999999,86.86131999999999,0.0,0.997486591250677,0.0,,0.24937164781266924,0.0,0.0,0.0,0.0,0.0,0.24937164781266924,152.96132,66.1,-6
place_block1_on_block5,state_002_t2,2,edge_place_bt,edge_place_bt,experiments/bt_selection_benchmark/bt_candidates_v2b_physical_strategy/place_block1_on_block5/edge_place_bt.json,place block_1 on block_5,"supported_by(block_1, block_5)",block_1,block_5,1,1,1.0,1,1,0,0,6,3,1.0,0.003284,0.56868,1,1,164.8298,good,success,0,fallback_symbolic_effects,done,experiments/bt_selection_benchmark/results/bt_candidate_evaluations_v2b_physical_strategy_with_sim.csv,v2b_physical_strategy,v2b_physical_strategy,v2b_physical_strategy::state_002_t2::place_block1_on_block5,153.22376,80.39999999999999,87.12376,0.0,1.0,0.35,transformer_fused:0.35,0.4425,0.0,1.0,0.0,0.0,0.0,0.4425,153.22376,66.1,-6
place_block1_on_block5,state_002_t2,2,corner_place_bt,corner_place_bt,experiments/bt_selection_benchmark/bt_candidates_v2b_physical_strategy/place_block1_on_block5/corner_place_bt.json,place block_1 on block_5,"supported_by(block_1, block_5)",block_1,block_5,1,1,1.0,1,1,0,0,6,3,1.0,0.012321,0.757137,1,1,164.362516,good,success,0,fallback_symbolic_effects,done,experiments/bt_selection_benchmark/results/bt_candidate_evaluations_v2b_physical_strategy_with_sim.csv,v2b_physical_strategy,v2b_physical_strategy,v2b_physical_strategy::state_002_t2::place_block1_on_block5,152.191105,80.39999999999999,86.091105,0.0,0.9901101809479038,0.44999999999999996,feature_only:0.30;transformer_only:0.15,0.49502754523697595,1.0,0.0,1.0,0.0,0.0,0.49502754523697595,152.191105,66.1,-6
place_block1_on_block5,state_002_t2,2,over_edge_bt,over_edge_bt,experiments/bt_selection_benchmark/bt_candidates_v2b_physical_strategy/place_block1_on_block5/over_edge_bt.json,place block_1 on block_5,"supported_by(block_1, block_5)",block_1,block_5,1,0,1.0,1,1,0,0,6,3,1.0,0.376117,0.706207,0,1,60.826416,medium,success,0,fallback_symbolic_effects,done,experiments/bt_selection_benchmark/results/bt_candidate_evaluations_v2b_physical_strategy_with_sim.csv,v2b_physical_strategy,v2b_physical_strategy,v2b_physical_strategy::state_002_t2::place_block1_on_block5,48.807795000000006,80.39999999999999,-17.292205,0.0,0.0,0.0,,0.0,0.0,0.0,0.0,0.0,0.0,0.0,48.807795000000006,66.1,-6
place_block1_on_block5,state_002_t2,2,far_offset_bt,far_offset_bt,experiments/bt_selection_benchmark/bt_candidates_v2b_physical_strategy/place_block1_on_block5/far_offset_bt.json,place block_1 on block_5,"supported_by(block_1, block_5)",block_1,block_5,1,0,1.0,1,1,0,0,6,3,1.0,0.386525,0.646187,0,1,60.842376,medium,success,0,fallback_symbolic_effects,done,experiments/bt_selection_benchmark/results/bt_candidate_evaluations_v2b_physical_strategy_with_sim.csv,v2b_physical_strategy,v2b_physical_strategy,v2b_physical_strategy::state_002_t2::place_block1_on_block5,49.003814999999996,80.39999999999999,-17.096185,0.0,0.0018772991275807368,0.0,,0.0004693247818951842,0.0,0.0,0.0,0.0,0.0,0.0004693247818951842,49.003814999999996,66.1,-6
stack_block1_on_block3,state_002_t2,2,correct_bt,correct_bt,experiments/bt_selection_benchmark/bt_candidates_v2b_physical_strategy/stack_block1_on_block3/correct_bt.json,stack block_1 on block_3,"supported_by(block_1, block_3)",block_1,block_3,1,0,1.0,1,1,0,0,6,3,1.0,0.085216,0.646268,0,1,63.855304,medium,success,0,fallback_symbolic_effects,done,experiments/bt_selection_benchmark/results/bt_candidate_evaluations_v2b_physical_strategy_with_sim.csv,v2b_physical_strategy,v2b_physical_strategy,v2b_physical_strategy::state_002_t2::stack_block1_on_block3,52.0165,80.39999999999999,-14.0835,0.0,0.0053146180553883034,0.15000000000000002,shortest_tree:0.05;symbolic_only:0.10,0.08382865451384709,0.0,0.0,0.0,1.0,1.0,0.08382865451384709,52.0165,66.1,-6
stack_block1_on_block3,state_002_t2,2,center_place_bt,center_place_bt,experiments/bt_selection_benchmark/bt_candidates_v2b_physical_strategy/stack_block1_on_block3/center_place_bt.json,stack block_1 on block_3,"supported_by(block_1, block_3)",block_1,block_3,1,0,1.0,1,1,0,0,6,3,1.0,0.081821,0.761184,0,1,63.659422,medium,success,0,fallback_symbolic_effects,done,experiments/bt_selection_benchmark/results/bt_candidate_evaluations_v2b_physical_strategy_with_sim.csv,v2b_physical_strategy,v2b_physical_strategy,v2b_physical_strategy::state_002_t2::stack_block1_on_block3,51.47587000000001,80.39999999999999,-14.624130000000001,0.0,0.0,0.15,transformer_only:0.15,0.0825,0.0,0.0,1.0,0.0,0.0,0.0825,51.47587000000001,66.1,-6
stack_block1_on_block3,state_002_t2,2,edge_place_bt,edge_place_bt,experiments/bt_selection_benchmark/bt_candidates_v2b_physical_strategy/stack_block1_on_block3/edge_place_bt.json,stack block_1 on block_3,"supported_by(block_1, block_3)",block_1,block_3,1,0,1.0,1,1,0,0,6,3,1.0,0.075083,0.706863,0,1,63.835444,medium,success,0,fallback_symbolic_effects,done,experiments/bt_selection_benchmark/results/bt_candidate_evaluations_v2b_physical_strategy_with_sim.csv,v2b_physical_strategy,v2b_physical_strategy,v2b_physical_strategy::state_002_t2::stack_block1_on_block3,51.814855,80.39999999999999,-14.285145,0.0,0.003332363726588996,0.0,,0.000833090931647249,0.0,0.0,0.0,0.0,0.0,0.000833090931647249,51.814855,66.1,-6
stack_block1_on_block3,state_002_t2,2,corner_place_bt,corner_place_bt,experiments/bt_selection_benchmark/bt_candidates_v2b_physical_strategy/stack_block1_on_block3/corner_place_bt.json,stack block_1 on block_3,"supported_by(block_1, block_3)",block_1,block_3,1,0,1.0,1,1,0,0,6,3,1.0,0.015753,0.715467,0,1,64.411536,medium,success,0,fallback_symbolic_effects,done,experiments/bt_selection_benchmark/results/bt_candidate_evaluations_v2b_physical_strategy_with_sim.csv,v2b_physical_strategy,v2b_physical_strategy,v2b_physical_strategy::state_002_t2::stack_block1_on_block3,52.365135,80.39999999999999,-13.734865,0.0,0.008741845300898743,0.0,,0.002185461325224686,0.0,0.0,0.0,0.0,0.0,0.002185461325224686,52.365135,66.1,-6
stack_block1_on_block3,state_002_t2,2,over_edge_bt,over_edge_bt,experiments/bt_selection_benchmark/bt_candidates_v2b_physical_strategy/stack_block1_on_block3/over_edge_bt.json,stack block_1 on block_3,"supported_by(block_1, block_3)",block_1,block_3,1,1,1.0,1,1,0,0,6,3,1.0,0.011281,0.557246,1,1,164.772698,good,success,0,fallback_symbolic_effects,done,experiments/bt_selection_benchmark/results/bt_candidate_evaluations_v2b_physical_strategy_with_sim.csv,v2b_physical_strategy,v2b_physical_strategy,v2b_physical_strategy::state_002_t2::stack_block1_on_block3,153.20096,80.39999999999999,87.10096,0.0,1.0,0.6499999999999999,feature_only:0.30;transformer_fused:0.35,0.6074999999999999,1.0,1.0,0.0,0.0,0.0,0.6074999999999999,153.20096,66.1,-6
stack_block1_on_block3,state_002_t2,2,far_offset_bt,far_offset_bt,experiments/bt_selection_benchmark/bt_candidates_v2b_physical_strategy/stack_block1_on_block3/far_offset_bt.json,stack block_1 on block_3,"supported_by(block_1, block_3)",block_1,block_3,1,0,1.0,1,1,0,0,6,3,1.0,0.084397,0.580736,0,1,63.994558,medium,success,0,fallback_symbolic_effects,done,experiments/bt_selection_benchmark/results/bt_candidate_evaluations_v2b_physical_strategy_with_sim.csv,v2b_physical_strategy,v2b_physical_strategy,v2b_physical_strategy::state_002_t2::stack_block1_on_block3,52.35235000000001,80.39999999999999,-13.74765,0.0,0.008616163426348415,0.0,,0.0021540408565871036,0.0,0.0,0.0,0.0,0.0,0.0021540408565871036,52.35235000000001,66.1,-6
stack_block3_on_block1,state_002_t2,2,correct_bt,correct_bt,experiments/bt_selection_benchmark/bt_candidates_v2b_physical_strategy/stack_block3_on_block1/correct_bt.json,stack block_3 on block_1,"supported_by(block_3, block_1)",block_3,block_1,1,0,1.0,1,1,0,0,6,3,1.0,0.081224,0.564957,0,1,64.057846,medium,success,0,fallback_symbolic_effects,done,experiments/bt_selection_benchmark/results/bt_candidate_evaluations_v2b_physical_strategy_with_sim.csv,v2b_physical_strategy,v2b_physical_strategy,v2b_physical_strategy::state_002_t2::stack_block3_on_block1,52.46297499999999,80.39999999999999,-13.637025000000001,0.0,1.0,0.15000000000000002,shortest_tree:0.05;symbolic_only:0.10,0.3325,0.0,0.0,0.0,1.0,1.0,0.3325,52.46297499999999,66.1,-6
stack_block3_on_block1,state_002_t2,2,center_place_bt,center_place_bt,experiments/bt_selection_benchmark/bt_candidates_v2b_physical_strategy/stack_block3_on_block1/center_place_bt.json,stack block_3 on block_1,"supported_by(block_3, block_1)",block_3,block_1,1,0,1.0,1,1,0,0,6,3,1.0,0.08503,0.617289,0,1,63.915122,medium,success,0,fallback_symbolic_effects,done,experiments/bt_selection_benchmark/results/bt_candidate_evaluations_v2b_physical_strategy_with_sim.csv,v2b_physical_strategy,v2b_physical_strategy,v2b_physical_strategy::state_002_t2::stack_block3_on_block1,52.163255,80.39999999999999,-13.936745,0.0,0.646843959514075,0.0,,0.16171098987851876,0.0,0.0,0.0,0.0,0.0,0.16171098987851876,52.163255,66.1,-6
stack_block3_on_block1,state_002_t2,2,edge_place_bt,edge_place_bt,experiments/bt_selection_benchmark/bt_candidates_v2b_physical_strategy/stack_block3_on_block1/edge_place_bt.json,stack block_3 on block_1,"supported_by(block_3, block_1)",block_3,block_1,1,0,1.0,1,1,0,0,6,3,1.0,0.085452,0.726239,0,1,63.693002,medium,success,0,fallback_symbolic_effects,done,experiments/bt_selection_benchmark/results/bt_candidate_evaluations_v2b_physical_strategy_with_sim.csv,v2b_physical_strategy,v2b_physical_strategy,v2b_physical_strategy::state_002_t2::stack_block3_on_block1,51.614285,80.39999999999999,-14.485714999999999,0.0,0.0,0.0,,0.0,0.0,0.0,0.0,0.0,0.0,0.0,51.614285,66.1,-6
stack_block3_on_block1,state_002_t2,2,corner_place_bt,corner_place_bt,experiments/bt_selection_benchmark/bt_candidates_v2b_physical_strategy/stack_block3_on_block1/corner_place_bt.json,stack block_3 on block_1,"supported_by(block_3, block_1)",block_3,block_1,1,0,1.0,1,1,0,0,6,3,1.0,0.084663,0.646356,0,1,63.860658,medium,success,0,fallback_symbolic_effects,done,experiments/bt_selection_benchmark/results/bt_candidate_evaluations_v2b_physical_strategy_with_sim.csv,v2b_physical_strategy,v2b_physical_strategy,v2b_physical_strategy::state_002_t2::stack_block3_on_block1,52.021589999999996,80.39999999999999,-14.07841,0.0,0.4799219974313356,0.44999999999999996,feature_only:0.30;transformer_only:0.15,0.3674804993578339,1.0,0.0,1.0,0.0,0.0,0.3674804993578339,52.021589999999996,66.1,-6
stack_block3_on_block1,state_002_t2,2,over_edge_bt,over_edge_bt,experiments/bt_selection_benchmark/bt_candidates_v2b_physical_strategy/stack_block3_on_block1/over_edge_bt.json,stack block_3 on block_1,"supported_by(block_3, block_1)",block_3,block_1,1,0,1.0,1,1,0,0,6,3,1.0,0.089851,0.660473,0,1,63.780544,medium,success,0,fallback_symbolic_effects,done,experiments/bt_selection_benchmark/results/bt_candidate_evaluations_v2b_physical_strategy_with_sim.csv,v2b_physical_strategy,v2b_physical_strategy,v2b_physical_strategy::state_002_t2::stack_block3_on_block1,51.899125000000005,80.39999999999999,-14.200875,0.0,0.33562313683441525,0.0,,0.08390578420860381,0.0,0.0,0.0,0.0,0.0,0.08390578420860381,51.899125000000005,66.1,-6
stack_block3_on_block1,state_002_t2,2,far_offset_bt,far_offset_bt,experiments/bt_selection_benchmark/bt_candidates_v2b_physical_strategy/stack_block3_on_block1/far_offset_bt.json,stack block_3 on block_1,"supported_by(block_3, block_1)",block_3,block_1,1,0,1.0,1,1,0,0,6,3,1.0,0.078576,0.728243,0,1,63.757754,medium,success,0,fallback_symbolic_effects,done,experiments/bt_selection_benchmark/results/bt_candidate_evaluations_v2b_physical_strategy_with_sim.csv,v2b_physical_strategy,v2b_physical_strategy,v2b_physical_strategy::state_002_t2::stack_block3_on_block1,51.673025,80.39999999999999,-14.426974999999999,0.0,0.06921255110817895,0.35,transformer_fused:0.35,0.20980313777704473,0.0,1.0,0.0,0.0,0.0,0.20980313777704473,51.673025,66.1,-6
place_block3_on_block5,state_003_t3,3,correct_bt,correct_bt,experiments/bt_selection_benchmark/bt_candidates_v2b_physical_strategy/place_block3_on_block5/correct_bt.json,place block_3 on block_5,"supported_by(block_3, block_5)",block_3,block_5,1,1,1.0,1,1,0,0,6,3,1.0,0.002794,0.727302,1,1,164.517456,good,success,0,fallback_symbolic_effects,done,experiments/bt_selection_benchmark/results/bt_candidate_evaluations_v2b_physical_strategy_with_sim.csv,v2b_physical_strategy,v2b_physical_strategy,v2b_physical_strategy::state_003_t3::place_block3_on_block5,152.43555,80.39999999999999,86.33555,0.0,0.9998417794885233,0.15000000000000002,shortest_tree:0.05;symbolic_only:0.10,0.33246044487213083,0.0,0.0,0.0,1.0,1.0,0.33246044487213083,152.43555,66.1,-6
place_block3_on_block5,state_003_t3,3,center_place_bt,center_place_bt,experiments/bt_selection_benchmark/bt_candidates_v2b_physical_strategy/place_block3_on_block5/center_place_bt.json,place block_3 on block_5,"supported_by(block_3, block_5)",block_3,block_5,1,1,1.0,1,1,0,0,6,3,1.0,0.000549,0.740715,1,1,164.51308,good,success,0,fallback_symbolic_effects,done,experiments/bt_selection_benchmark/results/bt_candidate_evaluations_v2b_physical_strategy_with_sim.csv,v2b_physical_strategy,v2b_physical_strategy,v2b_physical_strategy::state_003_t3::place_block3_on_block5,152.39093499999998,80.39999999999999,86.290935,0.0,0.9994099038005738,0.35,transformer_fused:0.35,0.4423524759501435,0.0,1.0,0.0,0.0,0.0,0.4423524759501435,152.39093499999998,66.1,-6
place_block3_on_block5,state_003_t3,3,edge_place_bt,edge_place_bt,experiments/bt_selection_benchmark/bt_candidates_v2b_physical_strategy/place_block3_on_block5/edge_place_bt.json,place block_3 on block_5,"supported_by(block_3, block_5)",block_3,block_5,1,1,1.0,1,1,0,0,6,3,1.0,0.0047,0.756316,1,1,164.440368,good,success,0,fallback_symbolic_effects,done,experiments/bt_selection_benchmark/results/bt_candidate_evaluations_v2b_physical_strategy_with_sim.csv,v2b_physical_strategy,v2b_physical_strategy,v2b_physical_strategy::state_003_t3::place_block3_on_block5,152.27142,80.39999999999999,86.17142,0.0,0.9982529919358359,0.0,,0.24956324798395899,0.0,0.0,0.0,0.0,0.0,0.24956324798395899,152.27142,66.1,-6
place_block3_on_block5,state_003_t3,3,corner_place_bt,corner_place_bt,experiments/bt_selection_benchmark/bt_candidates_v2b_physical_strategy/place_block3_on_block5/corner_place_bt.json,place block_3 on block_5,"supported_by(block_3, block_5)",block_3,block_5,1,1,1.0,1,1,0,0,6,3,1.0,0.000679,0.728263,1,1,164.536684,good,success,0,fallback_symbolic_effects,done,experiments/bt_selection_benchmark/results/bt_candidate_evaluations_v2b_physical_strategy_with_sim.csv,v2b_physical_strategy,v2b_physical_strategy,v2b_physical_strategy::state_003_t3::place_block3_on_block5,152.451895,80.39999999999999,86.351895,0.0,1.0,0.44999999999999996,feature_only:0.30;transformer_only:0.15,0.4975,1.0,0.0,1.0,0.0,0.0,0.4975,152.451895,66.1,-6
place_block3_on_block5,state_003_t3,3,over_edge_bt,over_edge_bt,experiments/bt_selection_benchmark/bt_candidates_v2b_physical_strategy/place_block3_on_block5/over_edge_bt.json,place block_3 on block_5,"supported_by(block_3, block_5)",block_3,block_5,1,0,1.0,1,1,0,0,6,3,1.0,0.378682,0.633295,0,1,60.94659,medium,success,0,fallback_symbolic_effects,done,experiments/bt_selection_benchmark/results/bt_candidate_evaluations_v2b_physical_strategy_with_sim.csv,v2b_physical_strategy,v2b_physical_strategy,v2b_physical_strategy::state_003_t3::place_block3_on_block5,49.146705,80.39999999999999,-16.953295,0.0,0.0,0.0,,0.0,0.0,0.0,0.0,0.0,0.0,0.0,49.146705,66.1,-6
place_block3_on_block5,state_003_t3,3,far_offset_bt,far_offset_bt,experiments/bt_selection_benchmark/bt_candidates_v2b_physical_strategy/place_block3_on_block5/far_offset_bt.json,place block_3 on block_5,"supported_by(block_3, block_5)",block_3,block_5,1,0,1.0,1,1,0,0,6,3,1.0,0.379364,0.592587,0,1,61.021186,medium,success,0,fallback_symbolic_effects,done,experiments/bt_selection_benchmark/results/bt_candidate_evaluations_v2b_physical_strategy_with_sim.csv,v2b_physical_strategy,v2b_physical_strategy,v2b_physical_strategy::state_003_t3::place_block3_on_block5,49.343425,80.39999999999999,-16.756574999999998,0.0,0.0019042605700643179,0.0,,0.00047606514251607947,0.0,0.0,0.0,0.0,0.0,0.00047606514251607947,49.343425,66.1,-6
place_block1_on_block5,state_003_t3,3,correct_bt,correct_bt,experiments/bt_selection_benchmark/bt_candidates_v2b_physical_strategy/place_block1_on_block5/correct_bt.json,place block_1 on block_5,"supported_by(block_1, block_5)",block_1,block_5,1,1,1.0,1,1,0,0,6,3,1.0,0.005723,0.661735,1,1,164.6193,good,success,0,fallback_symbolic_effects,done,experiments/bt_selection_benchmark/results/bt_candidate_evaluations_v2b_physical_strategy_with_sim.csv,v2b_physical_strategy,v2b_physical_strategy,v2b_physical_strategy::state_003_t3::place_block1_on_block5,152.734095,80.39999999999999,86.634095,0.0,0.9945130152077338,0.15000000000000002,shortest_tree:0.05;symbolic_only:0.10,0.33112825380193345,0.0,0.0,0.0,1.0,1.0,0.33112825380193345,152.734095,66.1,-6
place_block1_on_block5,state_003_t3,3,center_place_bt,center_place_bt,experiments/bt_selection_benchmark/bt_candidates_v2b_physical_strategy/place_block1_on_block5/center_place_bt.json,place block_1 on block_5,"supported_by(block_1, block_5)",block_1,block_5,1,1,1.0,1,1,0,0,6,3,1.0,0.004737,0.610881,1,1,164.730868,good,success,0,fallback_symbolic_effects,done,experiments/bt_selection_benchmark/results/bt_candidate_evaluations_v2b_physical_strategy_with_sim.csv,v2b_physical_strategy,v2b_physical_strategy,v2b_physical_strategy::state_003_t3::place_block1_on_block5,152.998225,80.39999999999999,86.898225,0.0,0.9970405085033648,0.44999999999999996,feature_only:0.30;transformer_only:0.15,0.49676012712584117,1.0,0.0,1.0,0.0,0.0,0.49676012712584117,152.998225,66.1,-6
place_block1_on_block5,state_003_t3,3,edge_place_bt,edge_place_bt,experiments/bt_selection_benchmark/bt_candidates_v2b_physical_strategy/place_block1_on_block5/edge_place_bt.json,place block_1 on block_5,"supported_by(block_1, block_5)",block_1,block_5,1,1,1.0,1,1,0,0,6,3,1.0,0.003317,0.551866,1,1,164.863098,good,success,0,fallback_symbolic_effects,done,experiments/bt_selection_benchmark/results/bt_candidate_evaluations_v2b_physical_strategy_with_sim.csv,v2b_physical_strategy,v2b_physical_strategy,v2b_physical_strategy::state_003_t3::place_block1_on_block5,153.30749999999998,80.39999999999999,87.2075,0.0,1.0,0.0,,0.25,0.0,0.0,0.0,0.0,0.0,0.25,153.30749999999998,66.1,-6
place_block1_on_block5,state_003_t3,3,corner_place_bt,corner_place_bt,experiments/bt_selection_benchmark/bt_candidates_v2b_physical_strategy/place_block1_on_block5/corner_place_bt.json,place block_1 on block_5,"supported_by(block_1, block_5)",block_1,block_5,1,1,1.0,1,1,0,0,6,3,1.0,0.011335,0.626103,1,1,164.634444,good,success,0,fallback_symbolic_effects,done,experiments/bt_selection_benchmark/results/bt_candidate_evaluations_v2b_physical_strategy_with_sim.csv,v2b_physical_strategy,v2b_physical_strategy,v2b_physical_strategy::state_003_t3::place_block1_on_block5,152.856135,80.39999999999999,86.756135,0.0,0.9956808313656818,0.35,transformer_fused:0.35,0.44142020784142044,0.0,1.0,0.0,0.0,0.0,0.44142020784142044,152.856135,66.1,-6
place_block1_on_block5,state_003_t3,3,over_edge_bt,over_edge_bt,experiments/bt_selection_benchmark/bt_candidates_v2b_physical_strategy/place_block1_on_block5/over_edge_bt.json,place block_1 on block_5,"supported_by(block_1, block_5)",block_1,block_5,1,0,1.0,1,1,0,0,6,3,1.0,0.381928,0.695194,0,1,60.790332,medium,success,0,fallback_symbolic_effects,done,experiments/bt_selection_benchmark/results/bt_candidate_evaluations_v2b_physical_strategy_with_sim.csv,v2b_physical_strategy,v2b_physical_strategy,v2b_physical_strategy::state_003_t3::place_block1_on_block5,48.80475,80.39999999999999,-17.29525,0.0,0.0,0.0,,0.0,0.0,0.0,0.0,0.0,0.0,0.0,48.80475,66.1,-6
place_block1_on_block5,state_003_t3,3,far_offset_bt,far_offset_bt,experiments/bt_selection_benchmark/bt_candidates_v2b_physical_strategy/place_block1_on_block5/far_offset_bt.json,place block_1 on block_5,"supported_by(block_1, block_5)",block_1,block_5,1,0,1.0,1,1,0,0,6,3,1.0,0.383114,0.622841,0,1,60.923178,medium,success,0,fallback_symbolic_effects,done,experiments/bt_selection_benchmark/results/bt_candidate_evaluations_v2b_physical_strategy_with_sim.csv,v2b_physical_strategy,v2b_physical_strategy,v2b_physical_strategy::state_003_t3::place_block1_on_block5,49.154655,80.39999999999999,-16.945345,0.0,0.0033482850929760196,0.0,,0.0008370712732440049,0.0,0.0,0.0,0.0,0.0,0.0008370712732440049,49.154655,66.1,-6
stack_block1_on_block3,state_003_t3,3,correct_bt,correct_bt,experiments/bt_selection_benchmark/bt_candidates_v2b_physical_strategy/stack_block1_on_block3/correct_bt.json,stack block_1 on block_3,"supported_by(block_1, block_3)",block_1,block_3,1,0,1.0,1,1,0,0,6,3,1.0,0.076883,0.663907,0,1,63.903356,medium,success,0,fallback_symbolic_effects,done,experiments/bt_selection_benchmark/results/bt_candidate_evaluations_v2b_physical_strategy_with_sim.csv,v2b_physical_strategy,v2b_physical_strategy,v2b_physical_strategy::state_003_t3::stack_block1_on_block3,52.011635000000005,80.39999999999999,-14.088365,0.0,0.9451517927621155,0.15000000000000002,shortest_tree:0.05;symbolic_only:0.10,0.3187879481905289,0.0,0.0,0.0,1.0,1.0,0.3187879481905289,52.011635000000005,66.1,-6
stack_block1_on_block3,state_003_t3,3,center_place_bt,center_place_bt,experiments/bt_selection_benchmark/bt_candidates_v2b_physical_strategy/stack_block1_on_block3/center_place_bt.json,stack block_1 on block_3,"supported_by(block_1, block_3)",block_1,block_3,1,0,1.0,1,1,0,0,6,3,1.0,0.075298,0.65789,0,1,63.93124,medium,success,0,fallback_symbolic_effects,done,experiments/bt_selection_benchmark/results/bt_candidate_evaluations_v2b_physical_strategy_with_sim.csv,v2b_physical_strategy,v2b_physical_strategy,v2b_physical_strategy::state_003_t3::stack_block1_on_block3,52.057570000000005,80.39999999999999,-14.04243,0.0,0.955738394436474,0.3,feature_only:0.30,0.4039345986091185,1.0,0.0,0.0,0.0,0.0,0.4039345986091185,52.057570000000005,66.1,-6
stack_block1_on_block3,state_003_t3,3,edge_place_bt,edge_place_bt,experiments/bt_selection_benchmark/bt_candidates_v2b_physical_strategy/stack_block1_on_block3/edge_place_bt.json,stack block_1 on block_3,"supported_by(block_1, block_3)",block_1,block_3,1,0,1.0,1,1,0,0,6,3,1.0,0.08218,0.688672,0,1,63.800856,medium,success,0,fallback_symbolic_effects,done,experiments/bt_selection_benchmark/results/bt_candidate_evaluations_v2b_physical_strategy_with_sim.csv,v2b_physical_strategy,v2b_physical_strategy,v2b_physical_strategy::state_003_t3::stack_block1_on_block3,51.83484000000001,80.39999999999999,-14.26516,0.0,0.90440599450331,0.35,transformer_fused:0.35,0.4186014986258275,0.0,1.0,0.0,0.0,0.0,0.4186014986258275,51.83484000000001,66.1,-6
stack_block1_on_block3,state_003_t3,3,corner_place_bt,corner_place_bt,experiments/bt_selection_benchmark/bt_candidates_v2b_physical_strategy/stack_block1_on_block3/corner_place_bt.json,stack block_1 on block_3,"supported_by(block_1, block_3)",block_1,block_3,1,0,1.0,1,1,0,0,6,3,1.0,0.083559,0.602958,0,1,63.958494,medium,success,0,fallback_symbolic_effects,done,experiments/bt_selection_benchmark/results/bt_candidate_evaluations_v2b_physical_strategy_with_sim.csv,v2b_physical_strategy,v2b_physical_strategy,v2b_physical_strategy::state_003_t3::stack_block1_on_block3,52.24962,80.39999999999999,-13.85038,0.0,1.0,0.15,transformer_only:0.15,0.3325,0.0,0.0,1.0,0.0,0.0,0.3325,52.24962,66.1,-6
stack_block1_on_block3,state_003_t3,3,over_edge_bt,over_edge_bt,experiments/bt_selection_benchmark/bt_candidates_v2b_physical_strategy/stack_block1_on_block3/over_edge_bt.json,stack block_1 on block_3,"supported_by(block_1, block_3)",block_1,block_3,1,0,1.0,1,1,0,0,6,3,1.0,0.082879,0.681624,0,1,63.807962,medium,success,0,fallback_symbolic_effects,done,experiments/bt_selection_benchmark/results/bt_candidate_evaluations_v2b_physical_strategy_with_sim.csv,v2b_physical_strategy,v2b_physical_strategy,v2b_physical_strategy::state_003_t3::stack_block1_on_block3,51.86309000000001,80.39999999999999,-14.23691,0.0,0.9109167487713111,0.0,,0.22772918719282778,0.0,0.0,0.0,0.0,0.0,0.22772918719282778,51.86309000000001,66.1,-6
stack_block1_on_block3,state_003_t3,3,far_offset_bt,far_offset_bt,experiments/bt_selection_benchmark/bt_candidates_v2b_physical_strategy/stack_block1_on_block3/far_offset_bt.json,stack block_1 on block_3,"supported_by(block_1, block_3)",block_1,block_3,1,0,1.0,1,1,0,0,6,3,1.0,0.453139,0.731593,0,1,60.005424,medium,success,0,fallback_symbolic_effects,done,experiments/bt_selection_benchmark/results/bt_candidate_evaluations_v2b_physical_strategy_with_sim.csv,v2b_physical_strategy,v2b_physical_strategy,v2b_physical_strategy::state_003_t3::stack_block1_on_block3,47.910645,80.39999999999999,-18.189355,0.0,0.0,0.0,,0.0,0.0,0.0,0.0,0.0,0.0,0.0,47.910645,66.1,-6
stack_block3_on_block1,state_003_t3,3,correct_bt,correct_bt,experiments/bt_selection_benchmark/bt_candidates_v2b_physical_strategy/stack_block3_on_block1/correct_bt.json,stack block_3 on block_1,"supported_by(block_3, block_1)",block_3,block_1,1,0,1.0,1,1,0,0,6,3,1.0,0.081741,0.675101,0,1,63.832388,medium,success,0,fallback_symbolic_effects,done,experiments/bt_selection_benchmark/results/bt_candidate_evaluations_v2b_physical_strategy_with_sim.csv,v2b_physical_strategy,v2b_physical_strategy,v2b_physical_strategy::state_003_t3::stack_block3_on_block1,51.907085,80.39999999999999,-14.192915,0.0,0.6976202168541354,0.15000000000000002,shortest_tree:0.05;symbolic_only:0.10,0.2569050542135339,0.0,0.0,0.0,1.0,1.0,0.2569050542135339,51.907085,66.1,-6
stack_block3_on_block1,state_003_t3,3,center_place_bt,center_place_bt,experiments/bt_selection_benchmark/bt_candidates_v2b_physical_strategy/stack_block3_on_block1/center_place_bt.json,stack block_3 on block_1,"supported_by(block_3, block_1)",block_3,block_1,1,0,1.0,1,1,0,0,6,3,1.0,0.080186,0.687592,0,1,63.822956,medium,success,0,fallback_symbolic_effects,done,experiments/bt_selection_benchmark/results/bt_candidate_evaluations_v2b_physical_strategy_with_sim.csv,v2b_physical_strategy,v2b_physical_strategy,v2b_physical_strategy::state_003_t3::stack_block3_on_block1,51.86017999999999,80.39999999999999,-14.23982,0.0,0.6244962545502736,0.44999999999999996,feature_only:0.30;transformer_only:0.15,0.4036240636375684,1.0,0.0,1.0,0.0,0.0,0.4036240636375684,51.86017999999999,66.1,-6
stack_block3_on_block1,state_003_t3,3,edge_place_bt,edge_place_bt,experiments/bt_selection_benchmark/bt_candidates_v2b_physical_strategy/stack_block3_on_block1/edge_place_bt.json,stack block_3 on block_1,"supported_by(block_3, block_1)",block_3,block_1,1,0,1.0,1,1,0,0,6,3,1.0,0.078031,0.643729,0,1,63.932232,medium,success,0,fallback_symbolic_effects,done,experiments/bt_selection_benchmark/results/bt_candidate_evaluations_v2b_physical_strategy_with_sim.csv,v2b_physical_strategy,v2b_physical_strategy,v2b_physical_strategy::state_003_t3::stack_block3_on_block1,52.101045000000006,80.39999999999999,-13.998955,0.0,1.0,0.0,,0.25,0.0,0.0,0.0,0.0,0.0,0.25,52.101045000000006,66.1,-6
stack_block3_on_block1,state_003_t3,3,corner_place_bt,corner_place_bt,experiments/bt_selection_benchmark/bt_candidates_v2b_physical_strategy/stack_block3_on_block1/corner_place_bt.json,stack block_3 on block_1,"supported_by(block_3, block_1)",block_3,block_1,1,0,1.0,1,1,0,0,6,3,1.0,0.083973,0.710464,0,1,63.739342,medium,success,0,fallback_symbolic_effects,done,experiments/bt_selection_benchmark/results/bt_candidate_evaluations_v2b_physical_strategy_with_sim.csv,v2b_physical_strategy,v2b_physical_strategy,v2b_physical_strategy::state_003_t3::stack_block3_on_block1,51.707950000000004,80.39999999999999,-14.392050000000001,0.0,0.38717271161206157,0.35,transformer_fused:0.35,0.2892931779030154,0.0,1.0,0.0,0.0,0.0,0.2892931779030154,51.707950000000004,66.1,-6
stack_block3_on_block1,state_003_t3,3,over_edge_bt,over_edge_bt,experiments/bt_selection_benchmark/bt_candidates_v2b_physical_strategy/stack_block3_on_block1/over_edge_bt.json,stack block_3 on block_1,"supported_by(block_3, block_1)",block_3,block_1,1,0,1.0,1,1,0,0,6,3,1.0,0.078307,0.771466,0,1,63.673998,medium,success,0,fallback_symbolic_effects,done,experiments/bt_selection_benchmark/results/bt_candidate_evaluations_v2b_physical_strategy_with_sim.csv,v2b_physical_strategy,v2b_physical_strategy,v2b_physical_strategy::state_003_t3::stack_block3_on_block1,51.4596,80.39999999999999,-14.6404,0.0,0.0,0.0,,0.0,0.0,0.0,0.0,0.0,0.0,0.0,51.4596,66.1,-6
stack_block3_on_block1,state_003_t3,3,far_offset_bt,far_offset_bt,experiments/bt_selection_benchmark/bt_candidates_v2b_physical_strategy/stack_block3_on_block1/far_offset_bt.json,stack block_3 on block_1,"supported_by(block_3, block_1)",block_3,block_1,1,0,1.0,1,1,0,0,6,3,1.0,0.088923,0.72389,0,1,63.66299,medium,success,0,fallback_symbolic_effects,done,experiments/bt_selection_benchmark/results/bt_candidate_evaluations_v2b_physical_strategy_with_sim.csv,v2b_physical_strategy,v2b_physical_strategy,v2b_physical_strategy::state_003_t3::stack_block3_on_block1,51.59132,80.39999999999999,-14.50868,0.0,0.20534886077528047,0.0,,0.05133721519382012,0.0,0.0,0.0,0.0,0.0,0.05133721519382012,51.59132,66.1,-6
place_block3_on_block5,state_004_t4,4,correct_bt,correct_bt,experiments/bt_selection_benchmark/bt_candidates_v2b_physical_strategy/place_block3_on_block5/correct_bt.json,place block_3 on block_5,"supported_by(block_3, block_5)",block_3,block_5,1,1,1.0,1,1,0,0,6,3,1.0,0.00194,0.590783,1,1,164.799034,good,success,0,fallback_symbolic_effects,done,experiments/bt_selection_benchmark/results/bt_candidate_evaluations_v2b_physical_strategy_with_sim.csv,v2b_physical_strategy,v2b_physical_strategy,v2b_physical_strategy::state_004_t4::place_block3_on_block5,153.126685,80.39999999999999,87.026685,0.0,0.9988952482510451,0.15000000000000002,shortest_tree:0.05;symbolic_only:0.10,0.3322238120627613,0.0,0.0,0.0,1.0,1.0,0.3322238120627613,153.126685,66.1,-6
place_block3_on_block5,state_004_t4,4,center_place_bt,center_place_bt,experiments/bt_selection_benchmark/bt_candidates_v2b_physical_strategy/place_block3_on_block5/center_place_bt.json,place block_3 on block_5,"supported_by(block_3, block_5)",block_3,block_5,1,1,1.0,1,1,0,0,6,3,1.0,0.003794,0.563997,1,1,164.834066,good,success,0,fallback_symbolic_effects,done,experiments/bt_selection_benchmark/results/bt_candidate_evaluations_v2b_physical_strategy_with_sim.csv,v2b_physical_strategy,v2b_physical_strategy,v2b_physical_strategy::state_004_t4::place_block3_on_block5,153.242075,80.39999999999999,87.14207499999999,0.0,1.0,0.7999999999999999,feature_only:0.30;transformer_fused:0.35;transformer_only:0.15,0.69,1.0,1.0,1.0,0.0,0.0,0.69,153.242075,66.1,-6
place_block3_on_block5,state_004_t4,4,edge_place_bt,edge_place_bt,experiments/bt_selection_benchmark/bt_candidates_v2b_physical_strategy/place_block3_on_block5/edge_place_bt.json,place block_3 on block_5,"supported_by(block_3, block_5)",block_3,block_5,1,1,1.0,1,1,0,0,6,3,1.0,0.006731,0.58328,1,1,164.76613,good,success,0,fallback_symbolic_effects,done,experiments/bt_selection_benchmark/results/bt_candidate_evaluations_v2b_physical_strategy_with_sim.csv,v2b_physical_strategy,v2b_physical_strategy,v2b_physical_strategy::state_004_t4::place_block3_on_block5,153.11629,80.39999999999999,87.01629,0.0,0.9987957258103624,0.0,,0.2496989314525906,0.0,0.0,0.0,0.0,0.0,0.2496989314525906,153.11629,66.1,-6
place_block3_on_block5,state_004_t4,4,corner_place_bt,corner_place_bt,experiments/bt_selection_benchmark/bt_candidates_v2b_physical_strategy/place_block3_on_block5/corner_place_bt.json,place block_3 on block_5,"supported_by(block_3, block_5)",block_3,block_5,1,1,1.0,1,1,0,0,6,3,1.0,0.002575,0.730006,1,1,164.514238,good,success,0,fallback_symbolic_effects,done,experiments/bt_selection_benchmark/results/bt_candidate_evaluations_v2b_physical_strategy_with_sim.csv,v2b_physical_strategy,v2b_physical_strategy,v2b_physical_strategy::state_004_t4::place_block3_on_block5,152.42422000000002,80.39999999999999,86.32422,0.0,0.9921698003150922,0.0,,0.24804245007877304,0.0,0.0,0.0,0.0,0.0,0.24804245007877304,152.42422000000002,66.1,-6
place_block3_on_block5,state_004_t4,4,over_edge_bt,over_edge_bt,experiments/bt_selection_benchmark/bt_candidates_v2b_physical_strategy/place_block3_on_block5/over_edge_bt.json,place block_3 on block_5,"supported_by(block_3, block_5)",block_3,block_5,1,0,1.0,1,1,0,0,6,3,1.0,0.375818,0.668447,0,1,60.904926,medium,success,0,fallback_symbolic_effects,done,experiments/bt_selection_benchmark/results/bt_candidate_evaluations_v2b_physical_strategy_with_sim.csv,v2b_physical_strategy,v2b_physical_strategy,v2b_physical_strategy::state_004_t4::place_block3_on_block5,48.999585,80.39999999999999,-17.100414999999998,0.0,0.0019752739152927943,0.0,,0.0004938184788231986,0.0,0.0,0.0,0.0,0.0,0.0004938184788231986,48.999585,66.1,-6
place_block3_on_block5,state_004_t4,4,far_offset_bt,far_offset_bt,experiments/bt_selection_benchmark/bt_candidates_v2b_physical_strategy/place_block3_on_block5/far_offset_bt.json,place block_3 on block_5,"supported_by(block_3, block_5)",block_3,block_5,1,0,1.0,1,1,0,0,6,3,1.0,0.378203,0.70494,0,1,60.80809,medium,success,0,fallback_symbolic_effects,done,experiments/bt_selection_benchmark/results/bt_candidate_evaluations_v2b_physical_strategy_with_sim.csv,v2b_physical_strategy,v2b_physical_strategy,v2b_physical_strategy::state_004_t4::place_block3_on_block5,48.79326999999999,80.39999999999999,-17.30673,0.0,0.0,0.0,,0.0,0.0,0.0,0.0,0.0,0.0,0.0,48.79326999999999,66.1,-6
place_block1_on_block5,state_004_t4,4,correct_bt,correct_bt,experiments/bt_selection_benchmark/bt_candidates_v2b_physical_strategy/place_block1_on_block5/correct_bt.json,place block_1 on block_5,"supported_by(block_1, block_5)",block_1,block_5,1,1,1.0,1,1,0,0,6,3,1.0,0.003123,0.652784,1,1,164.663202,good,success,0,fallback_symbolic_effects,done,experiments/bt_selection_benchmark/results/bt_candidate_evaluations_v2b_physical_strategy_with_sim.csv,v2b_physical_strategy,v2b_physical_strategy,v2b_physical_strategy::state_004_t4::place_block1_on_block5,152.80485,80.39999999999999,86.70485000000001,0.0,0.9950431628768048,0.15000000000000002,shortest_tree:0.05;symbolic_only:0.10,0.3312607907192012,0.0,0.0,0.0,1.0,1.0,0.3312607907192012,152.80485,66.1,-6
place_block1_on_block5,state_004_t4,4,center_place_bt,center_place_bt,experiments/bt_selection_benchmark/bt_candidates_v2b_physical_strategy/place_block1_on_block5/center_place_bt.json,place block_1 on block_5,"supported_by(block_1, block_5)",block_1,block_5,1,1,1.0,1,1,0,0,6,3,1.0,0.003404,0.548357,1,1,164.869246,good,success,0,fallback_symbolic_effects,done,experiments/bt_selection_benchmark/results/bt_candidate_evaluations_v2b_physical_strategy_with_sim.csv,v2b_physical_strategy,v2b_physical_strategy,v2b_physical_strategy::state_004_t4::place_block1_on_block5,153.324175,80.39999999999999,87.224175,0.0,1.0,0.35,transformer_fused:0.35,0.4425,0.0,1.0,0.0,0.0,0.0,0.4425,153.324175,66.1,-6
place_block1_on_block5,state_004_t4,4,edge_place_bt,edge_place_bt,experiments/bt_selection_benchmark/bt_candidates_v2b_physical_strategy/place_block1_on_block5/edge_place_bt.json,place block_1 on block_5,"supported_by(block_1, block_5)",block_1,block_5,1,1,1.0,1,1,0,0,6,3,1.0,0.001968,0.680998,1,1,164.618324,good,success,0,fallback_symbolic_effects,done,experiments/bt_selection_benchmark/results/bt_candidate_evaluations_v2b_physical_strategy_with_sim.csv,v2b_physical_strategy,v2b_physical_strategy,v2b_physical_strategy::state_004_t4::place_block1_on_block5,152.67533,80.39999999999999,86.57533000000001,0.0,0.9938069244053347,0.0,,0.24845173110133367,0.0,0.0,0.0,0.0,0.0,0.24845173110133367,152.67533,66.1,-6
place_block1_on_block5,state_004_t4,4,corner_place_bt,corner_place_bt,experiments/bt_selection_benchmark/bt_candidates_v2b_physical_strategy/place_block1_on_block5/corner_place_bt.json,place block_1 on block_5,"supported_by(block_1, block_5)",block_1,block_5,1,1,1.0,1,1,0,0,6,3,1.0,0.008508,0.663659,1,1,164.587602,good,success,0,fallback_symbolic_effects,done,experiments/bt_selection_benchmark/results/bt_candidate_evaluations_v2b_physical_strategy_with_sim.csv,v2b_physical_strategy,v2b_physical_strategy,v2b_physical_strategy::state_004_t4::place_block1_on_block5,152.69662499999998,80.39999999999999,86.59662499999999,0.0,0.9940101802596424,0.44999999999999996,feature_only:0.30;transformer_only:0.15,0.4960025450649106,1.0,0.0,1.0,0.0,0.0,0.4960025450649106,152.69662499999998,66.1,-6
place_block1_on_block5,state_004_t4,4,over_edge_bt,over_edge_bt,experiments/bt_selection_benchmark/bt_candidates_v2b_physical_strategy/place_block1_on_block5/over_edge_bt.json,place block_1 on block_5,"supported_by(block_1, block_5)",block_1,block_5,1,0,1.0,1,1,0,0,6,3,1.0,0.374066,0.646919,0,1,60.965502,medium,success,0,fallback_symbolic_effects,done,experiments/bt_selection_benchmark/results/bt_candidate_evaluations_v2b_physical_strategy_with_sim.csv,v2b_physical_strategy,v2b_physical_strategy,v2b_physical_strategy::state_004_t4::place_block1_on_block5,49.124745,80.39999999999999,-16.975255,0.0,0.005440518288588573,0.0,,0.0013601295721471433,0.0,0.0,0.0,0.0,0.0,0.0013601295721471433,49.124745,66.1,-6
place_block1_on_block5,state_004_t4,4,far_offset_bt,far_offset_bt,experiments/bt_selection_benchmark/bt_candidates_v2b_physical_strategy/place_block1_on_block5/far_offset_bt.json,place block_1 on block_5,"supported_by(block_1, block_5)",block_1,block_5,1,0,1.0,1,1,0,0,6,3,1.0,0.379473,0.750105,0,1,60.70506,medium,success,0,fallback_symbolic_effects,done,experiments/bt_selection_benchmark/results/bt_candidate_evaluations_v2b_physical_strategy_with_sim.csv,v2b_physical_strategy,v2b_physical_strategy,v2b_physical_strategy::state_004_t4::place_block1_on_block5,48.554745,80.39999999999999,-17.545255,0.0,0.0,0.0,,0.0,0.0,0.0,0.0,0.0,0.0,0.0,48.554745,66.1,-6
stack_block1_on_block3,state_004_t4,4,correct_bt,correct_bt,experiments/bt_selection_benchmark/bt_candidates_v2b_physical_strategy/stack_block1_on_block3/correct_bt.json,stack block_1 on block_3,"supported_by(block_1, block_3)",block_1,block_3,1,0,1.0,1,1,0,0,6,3,1.0,0.081173,0.691354,0,1,63.805562,medium,success,0,fallback_symbolic_effects,done,experiments/bt_selection_benchmark/results/bt_candidate_evaluations_v2b_physical_strategy_with_sim.csv,v2b_physical_strategy,v2b_physical_strategy,v2b_physical_strategy::state_004_t4::stack_block1_on_block3,51.8315,80.39999999999999,-14.2685,0.0,0.9470885673306865,0.15000000000000002,shortest_tree:0.05;symbolic_only:0.10,0.3192721418326716,0.0,0.0,0.0,1.0,1.0,0.3192721418326716,51.8315,66.1,-6
stack_block1_on_block3,state_004_t4,4,center_place_bt,center_place_bt,experiments/bt_selection_benchmark/bt_candidates_v2b_physical_strategy/stack_block1_on_block3/center_place_bt.json,stack block_1 on block_3,"supported_by(block_1, block_3)",block_1,block_3,1,0,1.0,1,1,0,0,6,3,1.0,0.072821,0.67113,0,1,63.92953,medium,success,0,fallback_symbolic_effects,done,experiments/bt_selection_benchmark/results/bt_candidate_evaluations_v2b_physical_strategy_with_sim.csv,v2b_physical_strategy,v2b_physical_strategy,v2b_physical_strategy::state_004_t4::stack_block1_on_block3,52.01614,80.39999999999999,-14.08386,0.0,1.0,0.0,,0.25,0.0,0.0,0.0,0.0,0.0,0.25,52.01614,66.1,-6
stack_block1_on_block3,state_004_t4,4,edge_place_bt,edge_place_bt,experiments/bt_selection_benchmark/bt_candidates_v2b_physical_strategy/stack_block1_on_block3/edge_place_bt.json,stack block_1 on block_3,"supported_by(block_1, block_3)",block_1,block_3,1,0,1.0,1,1,0,0,6,3,1.0,0.07938,0.72108,0,1,63.76404,medium,success,0,fallback_symbolic_effects,done,experiments/bt_selection_benchmark/results/bt_candidate_evaluations_v2b_physical_strategy_with_sim.csv,v2b_physical_strategy,v2b_physical_strategy,v2b_physical_strategy::state_004_t4::stack_block1_on_block3,51.700799999999994,80.39999999999999,-14.3992,0.0,0.909634471523281,0.0,,0.22740861788082026,0.0,0.0,0.0,0.0,0.0,0.22740861788082026,51.700799999999994,66.1,-6
stack_block1_on_block3,state_004_t4,4,corner_place_bt,corner_place_bt,experiments/bt_selection_benchmark/bt_candidates_v2b_physical_strategy/stack_block1_on_block3/corner_place_bt.json,stack block_1 on block_3,"supported_by(block_1, block_3)",block_1,block_3,1,0,1.0,1,1,0,0,6,3,1.0,0.079411,0.743035,0,1,63.71982,medium,success,0,fallback_symbolic_effects,done,experiments/bt_selection_benchmark/results/bt_candidate_evaluations_v2b_physical_strategy_with_sim.csv,v2b_physical_strategy,v2b_physical_strategy,v2b_physical_strategy::state_004_t4::stack_block1_on_block3,51.590714999999996,80.39999999999999,-14.509285,0.0,0.8780879211257433,0.7999999999999999,feature_only:0.30;transformer_fused:0.35;transformer_only:0.15,0.6595219802814358,1.0,1.0,1.0,0.0,0.0,0.6595219802814358,51.590714999999996,66.1,-6
stack_block1_on_block3,state_004_t4,4,over_edge_bt,over_edge_bt,experiments/bt_selection_benchmark/bt_candidates_v2b_physical_strategy/stack_block1_on_block3/over_edge_bt.json,stack block_1 on block_3,"supported_by(block_1, block_3)",block_1,block_3,1,0,1.0,1,1,0,0,6,3,1.0,0.087187,0.731659,0,1,63.664812,medium,success,0,fallback_symbolic_effects,done,experiments/bt_selection_benchmark/results/bt_candidate_evaluations_v2b_physical_strategy_with_sim.csv,v2b_physical_strategy,v2b_physical_strategy,v2b_physical_strategy::state_004_t4::stack_block1_on_block3,51.569835000000005,80.39999999999999,-14.530165,0.0,0.8721044358888754,0.0,,0.21802610897221886,0.0,0.0,0.0,0.0,0.0,0.21802610897221886,51.569835000000005,66.1,-6
stack_block1_on_block3,state_004_t4,4,far_offset_bt,far_offset_bt,experiments/bt_selection_benchmark/bt_candidates_v2b_physical_strategy/stack_block1_on_block3/far_offset_bt.json,stack block_1 on block_3,"supported_by(block_1, block_3)",block_1,block_3,1,0,1.0,1,1,0,0,6,3,1.0,0.450274,0.614145,0,1,60.26897,medium,success,0,fallback_symbolic_effects,done,experiments/bt_selection_benchmark/results/bt_candidate_evaluations_v2b_physical_strategy_with_sim.csv,v2b_physical_strategy,v2b_physical_strategy,v2b_physical_strategy::state_004_t4::stack_block1_on_block3,48.526534999999996,80.39999999999999,-17.573465,0.0,0.0,0.0,,0.0,0.0,0.0,0.0,0.0,0.0,0.0,48.526534999999996,66.1,-6
stack_block3_on_block1,state_004_t4,4,correct_bt,correct_bt,experiments/bt_selection_benchmark/bt_candidates_v2b_physical_strategy/stack_block3_on_block1/correct_bt.json,stack block_3 on block_1,"supported_by(block_3, block_1)",block_3,block_1,1,0,1.0,1,1,0,0,6,3,1.0,0.079108,0.576745,0,1,64.05543,medium,success,0,fallback_symbolic_effects,done,experiments/bt_selection_benchmark/results/bt_candidate_evaluations_v2b_physical_strategy_with_sim.csv,v2b_physical_strategy,v2b_physical_strategy,v2b_physical_strategy::state_004_t4::stack_block3_on_block1,52.42519500000001,80.39999999999999,-13.674805,0.0,0.9729220837442848,0.15000000000000002,shortest_tree:0.05;symbolic_only:0.10,0.32573052093607124,0.0,0.0,0.0,1.0,1.0,0.32573052093607124,52.42519500000001,66.1,-6
stack_block3_on_block1,state_004_t4,4,center_place_bt,center_place_bt,experiments/bt_selection_benchmark/bt_candidates_v2b_physical_strategy/stack_block3_on_block1/center_place_bt.json,stack block_3 on block_1,"supported_by(block_3, block_1)",block_3,block_1,1,0,1.0,1,1,0,0,6,3,1.0,0.084465,0.619127,0,1,63.917096,medium,success,0,fallback_symbolic_effects,done,experiments/bt_selection_benchmark/results/bt_candidate_evaluations_v2b_physical_strategy_with_sim.csv,v2b_physical_strategy,v2b_physical_strategy,v2b_physical_strategy::state_004_t4::stack_block3_on_block1,52.159715,80.39999999999999,-13.940285,0.0,0.7223593368789145,0.6499999999999999,feature_only:0.30;transformer_fused:0.35,0.5380898342197287,1.0,1.0,0.0,0.0,0.0,0.5380898342197287,52.159715,66.1,-6
stack_block3_on_block1,state_004_t4,4,edge_place_bt,edge_place_bt,experiments/bt_selection_benchmark/bt_candidates_v2b_physical_strategy/stack_block3_on_block1/edge_place_bt.json,stack block_3 on block_1,"supported_by(block_3, block_1)",block_3,block_1,1,0,1.0,1,1,0,0,6,3,1.0,0.084801,0.771528,0,1,63.608934,medium,success,0,fallback_symbolic_effects,done,experiments/bt_selection_benchmark/results/bt_candidate_evaluations_v2b_physical_strategy_with_sim.csv,v2b_physical_strategy,v2b_physical_strategy,v2b_physical_strategy::state_004_t4::stack_block3_on_block1,51.394349999999996,80.39999999999999,-14.70565,0.0,0.0,0.0,,0.0,0.0,0.0,0.0,0.0,0.0,0.0,51.394349999999996,66.1,-6
stack_block3_on_block1,state_004_t4,4,corner_place_bt,corner_place_bt,experiments/bt_selection_benchmark/bt_candidates_v2b_physical_strategy/stack_block3_on_block1/corner_place_bt.json,stack block_3 on block_1,"supported_by(block_3, block_1)",block_3,block_1,1,0,1.0,1,1,0,0,6,3,1.0,0.089665,0.549893,0,1,64.003564,medium,success,0,fallback_symbolic_effects,done,experiments/bt_selection_benchmark/results/bt_candidate_evaluations_v2b_physical_strategy_with_sim.csv,v2b_physical_strategy,v2b_physical_strategy,v2b_physical_strategy::state_004_t4::stack_block3_on_block1,52.45388500000001,80.39999999999999,-13.646115,0.0,1.0,0.15,transformer_only:0.15,0.3325,0.0,0.0,1.0,0.0,0.0,0.3325,52.45388500000001,66.1,-6
stack_block3_on_block1,state_004_t4,4,over_edge_bt,over_edge_bt,experiments/bt_selection_benchmark/bt_candidates_v2b_physical_strategy/stack_block3_on_block1/over_edge_bt.json,stack block_3 on block_1,"supported_by(block_3, block_1)",block_3,block_1,1,0,1.0,1,1,0,0,6,3,1.0,0.080685,0.714678,0,1,63.763794,medium,success,0,fallback_symbolic_effects,done,experiments/bt_selection_benchmark/results/bt_candidate_evaluations_v2b_physical_strategy_with_sim.csv,v2b_physical_strategy,v2b_physical_strategy,v2b_physical_strategy::state_004_t4::stack_block3_on_block1,51.71976,80.39999999999999,-14.38024,0.0,0.3071252955305862,0.0,,0.07678132388264655,0.0,0.0,0.0,0.0,0.0,0.07678132388264655,51.71976,66.1,-6
stack_block3_on_block1,state_004_t4,4,far_offset_bt,far_offset_bt,experiments/bt_selection_benchmark/bt_candidates_v2b_physical_strategy/stack_block3_on_block1/far_offset_bt.json,stack block_3 on block_1,"supported_by(block_3, block_1)",block_3,block_1,1,0,1.0,1,1,0,0,6,3,1.0,0.089251,0.736695,0,1,63.6341,medium,success,0,fallback_symbolic_effects,done,experiments/bt_selection_benchmark/results/bt_candidate_evaluations_v2b_physical_strategy_with_sim.csv,v2b_physical_strategy,v2b_physical_strategy,v2b_physical_strategy::state_004_t4::stack_block3_on_block1,51.524015,80.39999999999999,-14.575985,0.0,0.1223791568942989,0.0,,0.030594789223574725,0.0,0.0,0.0,0.0,0.0,0.030594789223574725,51.524015,66.1,-6
hard_physical_place_block3_on_block5,state_000_t0,0,stable_center_bt,stable_center_bt,experiments/bt_selection_benchmark/bt_candidates_v6_hard_cases/hard_physical_place_block3_on_block5/stable_center_bt.json,place block_3 on block_5 with physically stable placement,"supported_by(block_3, block_5)",block_3,block_5,1,1,1.0,1,1,0,0,6,3,1.0,0.005404,0.260046,1,1,165.425868,good,success,0,fallback_symbolic_effects,done,experiments/bt_selection_benchmark/results/bt_candidate_evaluations_v6_hard_cases_with_sim.csv,v6_hard_cases,v6_hard_cases,v6_hard_cases::state_000_t0::hard_physical_place_block3_on_block5,154.74573,80.39999999999999,88.64573,1.0,1.0,0.0,,0.45,0.0,0.0,0.0,0.0,0.0,0.45,154.74573,66.1,-6
hard_physical_place_block3_on_block5,state_000_t0,0,symbolic_edge_bt,symbolic_edge_bt,experiments/bt_selection_benchmark/bt_candidates_v6_hard_cases/hard_physical_place_block3_on_block5/symbolic_edge_bt.json,place block_3 on block_5 with physically stable placement,"supported_by(block_3, block_5)",block_3,block_5,1,1,1.0,1,1,0,0,6,3,1.0,0.022574,0.2497,1,1,165.27486,good,success,0,fallback_symbolic_effects,done,experiments/bt_selection_benchmark/results/bt_candidate_evaluations_v6_hard_cases_with_sim.csv,v6_hard_cases,v6_hard_cases,v6_hard_cases::state_000_t0::hard_physical_place_block3_on_block5,154.62575999999999,80.39999999999999,88.52575999999999,1.0,0.998845866961275,0.0,,0.44971146674031875,0.0,0.0,0.0,0.0,0.0,0.44971146674031875,154.62575999999999,66.1,-6
hard_physical_place_block3_on_block5,state_000_t0,0,symbolic_corner_bt,symbolic_corner_bt,experiments/bt_selection_benchmark/bt_candidates_v6_hard_cases/hard_physical_place_block3_on_block5/symbolic_corner_bt.json,place block_3 on block_5 with physically stable placement,"supported_by(block_3, block_5)",block_3,block_5,1,1,1.0,1,1,0,0,6,3,1.0,0.0096,0.569223,1,1,164.765554,good,success,0,fallback_symbolic_effects,done,experiments/bt_selection_benchmark/results/bt_candidate_evaluations_v6_hard_cases_with_sim.csv,v6_hard_cases,v6_hard_cases,v6_hard_cases::state_000_t0::hard_physical_place_block3_on_block5,153.157885,80.39999999999999,87.057885,1.0,0.9847246447038911,0.0,,0.4461811611759728,0.0,0.0,0.0,0.0,0.0,0.4461811611759728,153.157885,66.1,-6
hard_physical_place_block3_on_block5,state_000_t0,0,unstable_over_edge_bt,unstable_over_edge_bt,experiments/bt_selection_benchmark/bt_candidates_v6_hard_cases/hard_physical_place_block3_on_block5/unstable_over_edge_bt.json,place block_3 on block_5 with physically stable placement,"supported_by(block_3, block_5)",block_3,block_5,1,0,1.0,1,1,0,0,6,3,1.0,0.375545,0.30742,0,1,61.62971,medium,success,0,fallback_symbolic_effects,done,experiments/bt_selection_benchmark/results/bt_candidate_evaluations_v6_hard_cases_with_sim.csv,v6_hard_cases,v6_hard_cases,v6_hard_cases::state_000_t0::hard_physical_place_block3_on_block5,50.80745000000001,80.39999999999999,-15.29255,1.0,9.499928113201422e-05,0.0,,0.200023749820283,0.0,0.0,0.0,0.0,0.0,0.200023749820283,50.80745000000001,66.1,-6
hard_physical_place_block3_on_block5,state_000_t0,0,collision_far_offset_bt,collision_far_offset_bt,experiments/bt_selection_benchmark/bt_candidates_v6_hard_cases/hard_physical_place_block3_on_block5/collision_far_offset_bt.json,place block_3 on block_5 with physically stable placement,"supported_by(block_3, block_5)",block_3,block_5,1,0,1.0,1,1,0,0,6,3,1.0,0.378776,0.302933,0,1,61.606374,medium,success,0,fallback_symbolic_effects,done,experiments/bt_selection_benchmark/results/bt_candidate_evaluations_v6_hard_cases_with_sim.csv,v6_hard_cases,v6_hard_cases,v6_hard_cases::state_000_t0::hard_physical_place_block3_on_block5,50.797575,80.39999999999999,-15.302425,1.0,0.0,0.0,,0.2,0.0,0.0,0.0,0.0,0.0,0.2,50.797575,66.1,-6
hard_physical_place_block3_on_block5,state_000_t0,0,missing_precondition_bt,missing_precondition_bt,experiments/bt_selection_benchmark/bt_candidates_v6_hard_cases/hard_physical_place_block3_on_block5/missing_precondition_bt.json,place block_3 on block_5 with physically stable placement,"supported_by(block_3, block_5)",block_3,block_5,1,1,1.0,1,1,0,0,5,3,0.5,0.006354,0.477802,1,1,155.480856,good,success,0,fallback_symbolic_effects,done,experiments/bt_selection_benchmark/results/bt_candidate_evaluations_v6_hard_cases_with_sim.csv,v6_hard_cases,v6_hard_cases,v6_hard_cases::state_000_t0::hard_physical_place_block3_on_block5,154.14745,73.39999999999999,87.54745,0.0,0.9894343483056529,0.95,feature_only:0.30;shortest_tree:0.05;symbolic_only:0.10;transformer_fused:0.35;transformer_only:0.15,0.7698585870764132,1.0,1.0,1.0,1.0,1.0,0.7698585870764132,154.14745,66.6,-5
hard_physical_place_block1_on_block5,state_000_t0,0,stable_center_bt,stable_center_bt,experiments/bt_selection_benchmark/bt_candidates_v6_hard_cases/hard_physical_place_block1_on_block5/stable_center_bt.json,place block_1 on block_5 with physically stable placement,"supported_by(block_1, block_5)",block_1,block_5,1,1,1.0,1,1,0,0,6,3,1.0,0.001019,0.474539,1,1,165.040732,good,success,0,fallback_symbolic_effects,done,experiments/bt_selection_benchmark/results/bt_candidate_evaluations_v6_hard_cases_with_sim.csv,v6_hard_cases,v6_hard_cases,v6_hard_cases::state_000_t0::hard_physical_place_block1_on_block5,153.717115,80.39999999999999,87.61711500000001,1.0,0.9995497906077127,0.0,,0.4498874476519282,0.0,0.0,0.0,0.0,0.0,0.4498874476519282,153.717115,66.1,-6
hard_physical_place_block1_on_block5,state_000_t0,0,symbolic_edge_bt,symbolic_edge_bt,experiments/bt_selection_benchmark/bt_candidates_v6_hard_cases/hard_physical_place_block1_on_block5/symbolic_edge_bt.json,place block_1 on block_5 with physically stable placement,"supported_by(block_1, block_5)",block_1,block_5,1,1,1.0,1,1,0,0,6,3,1.0,0.032762,0.427867,1,1,164.816646,good,success,0,fallback_symbolic_effects,done,experiments/bt_selection_benchmark/results/bt_candidate_evaluations_v6_hard_cases_with_sim.csv,v6_hard_cases,v6_hard_cases,v6_hard_cases::state_000_t0::hard_physical_place_block1_on_block5,153.633045,80.39999999999999,87.533045,1.0,0.9987419984060348,0.0,,0.4496854996015087,0.0,0.0,0.0,0.0,0.0,0.4496854996015087,153.633045,66.1,-6
hard_physical_place_block1_on_block5,state_000_t0,0,symbolic_corner_bt,symbolic_corner_bt,experiments/bt_selection_benchmark/bt_candidates_v6_hard_cases/hard_physical_place_block1_on_block5/symbolic_corner_bt.json,place block_1 on block_5 with physically stable placement,"supported_by(block_1, block_5)",block_1,block_5,1,1,1.0,1,1,0,0,6,3,1.0,0.00882,0.449566,1,1,165.012668,good,success,0,fallback_symbolic_effects,done,experiments/bt_selection_benchmark/results/bt_candidate_evaluations_v6_hard_cases_with_sim.csv,v6_hard_cases,v6_hard_cases,v6_hard_cases::state_000_t0::hard_physical_place_block1_on_block5,153.76397,80.39999999999999,87.66397,1.0,1.0,0.0,,0.45,0.0,0.0,0.0,0.0,0.0,0.45,153.76397,66.1,-6
hard_physical_place_block1_on_block5,state_000_t0,0,unstable_over_edge_bt,unstable_over_edge_bt,experiments/bt_selection_benchmark/bt_candidates_v6_hard_cases/hard_physical_place_block1_on_block5/unstable_over_edge_bt.json,place block_1 on block_5 with physically stable placement,"supported_by(block_1, block_5)",block_1,block_5,1,0,1.0,1,1,0,0,6,3,1.0,0.37954,0.522885,0,1,61.15883,medium,success,0,fallback_symbolic_effects,done,experiments/bt_selection_benchmark/results/bt_candidate_evaluations_v6_hard_cases_with_sim.csv,v6_hard_cases,v6_hard_cases,v6_hard_cases::state_000_t0::hard_physical_place_block1_on_block5,49.690175,80.39999999999999,-16.409824999999998,1.0,0.0,0.0,,0.2,0.0,0.0,0.0,0.0,0.0,0.2,49.690175,66.1,-6
hard_physical_place_block1_on_block5,state_000_t0,0,collision_far_offset_bt,collision_far_offset_bt,experiments/bt_selection_benchmark/bt_candidates_v6_hard_cases/hard_physical_place_block1_on_block5/collision_far_offset_bt.json,place block_1 on block_5 with physically stable placement,"supported_by(block_1, block_5)",block_1,block_5,1,0,1.0,1,1,0,0,6,3,1.0,0.374498,0.347011,0,1,61.560998,medium,success,0,fallback_symbolic_effects,done,experiments/bt_selection_benchmark/results/bt_candidate_evaluations_v6_hard_cases_with_sim.csv,v6_hard_cases,v6_hard_cases,v6_hard_cases::state_000_t0::hard_physical_place_block1_on_block5,50.619965,80.39999999999999,-15.480035,1.0,0.008933949223241037,0.0,,0.20223348730581028,0.0,0.0,0.0,0.0,0.0,0.20223348730581028,50.619965,66.1,-6
hard_physical_place_block1_on_block5,state_000_t0,0,missing_precondition_bt,missing_precondition_bt,experiments/bt_selection_benchmark/bt_candidates_v6_hard_cases/hard_physical_place_block1_on_block5/missing_precondition_bt.json,place block_1 on block_5 with physically stable placement,"supported_by(block_1, block_5)",block_1,block_5,1,1,1.0,1,1,0,0,5,3,0.5,0.004131,0.535062,1,1,155.388566,good,success,0,fallback_symbolic_effects,done,experiments/bt_selection_benchmark/results/bt_candidate_evaluations_v6_hard_cases_with_sim.csv,v6_hard_cases,v6_hard_cases,v6_hard_cases::state_000_t0::hard_physical_place_block1_on_block5,153.88338,73.39999999999999,87.28338000000001,0.0,0.9963430756032294,0.95,feature_only:0.30;shortest_tree:0.05;symbolic_only:0.10;transformer_fused:0.35;transformer_only:0.15,0.7715857689008073,1.0,1.0,1.0,1.0,1.0,0.7715857689008073,153.88338,66.6,-5
long_horizon_clear_then_stack_block2_on_block3,state_000_t0,0,correct_order_bt,correct_order_bt,experiments/bt_selection_benchmark/bt_candidates_v6_hard_cases/long_horizon_clear_then_stack_block2_on_block3/correct_order_bt.json,"move block_4 away, then stack block_2 on block_3","supported_by(block_2, block_3)",block_2,block_3,1,0,1.0,1,2,0,0,9,3,1.0,0.074197,0.898387,0,1,60.961256,medium,success,0,fallback_symbolic_effects,done,experiments/bt_selection_benchmark/results/bt_candidate_evaluations_v6_hard_cases_with_sim.csv,v6_hard_cases,v6_hard_cases,v6_hard_cases::state_000_t0::long_horizon_clear_then_stack_block2_on_block3,49.36609500000001,78.39999999999999,-15.233905,1.0,0.5950719634423839,0.0,,0.34876799086059596,0.0,0.0,0.0,0.0,0.0,0.34876799086059596,49.36609500000001,64.6,-9
long_horizon_clear_then_stack_block2_on_block3,state_000_t0,0,wrong_order_bt,wrong_order_bt,experiments/bt_selection_benchmark/bt_candidates_v6_hard_cases/long_horizon_clear_then_stack_block2_on_block3/wrong_order_bt.json,"move block_4 away, then stack block_2 on block_3","supported_by(block_2, block_3)",block_2,block_3,1,0,1.0,1,2,0,0,9,3,1.0,0.073442,0.891834,0,1,60.981912,medium,success,0,fallback_symbolic_effects,done,experiments/bt_selection_benchmark/results/bt_candidate_evaluations_v6_hard_cases_with_sim.csv,v6_hard_cases,v6_hard_cases,v6_hard_cases::state_000_t0::long_horizon_clear_then_stack_block2_on_block3,49.40641,78.39999999999999,-15.19359,1.0,0.600105502682827,0.0,,0.35002637567070677,0.0,0.0,0.0,0.0,0.0,0.35002637567070677,49.40641,64.6,-9
long_horizon_clear_then_stack_block2_on_block3,state_000_t0,0,missing_clear_bt,missing_clear_bt,experiments/bt_selection_benchmark/bt_candidates_v6_hard_cases/long_horizon_clear_then_stack_block2_on_block3/missing_clear_bt.json,"move block_4 away, then stack block_2 on block_3","supported_by(block_2, block_3)",block_2,block_3,1,0,1.0,1,1,0,0,4,3,0.0,0.082804,0.270525,0,1,45.63091,bad,success,0,fallback_symbolic_effects,done,experiments/bt_selection_benchmark/results/bt_candidate_evaluations_v6_hard_cases_with_sim.csv,v6_hard_cases,v6_hard_cases,v6_hard_cases::state_000_t0::long_horizon_clear_then_stack_block2_on_block3,54.919335,66.39999999999999,-12.180665000000001,0.8823529411764706,0.9762849945844035,0.95,feature_only:0.30;shortest_tree:0.05;symbolic_only:0.10;transformer_fused:0.35;transformer_only:0.15,0.943041836881395,1.0,1.0,1.0,1.0,1.0,0.943041836881395,54.919335,67.1,-4
long_horizon_clear_then_stack_block2_on_block3,state_000_t0,0,redundant_repair_bt,redundant_repair_bt,experiments/bt_selection_benchmark/bt_candidates_v6_hard_cases/long_horizon_clear_then_stack_block2_on_block3/redundant_repair_bt.json,"move block_4 away, then stack block_2 on block_3","supported_by(block_2, block_3)",block_2,block_3,1,0,1.0,1,3,0,0,12,3,1.0,0.07802,0.895054,0,1,58.429692,bad,success,0,fallback_symbolic_effects,done,experiments/bt_selection_benchmark/results/bt_candidate_evaluations_v6_hard_cases_with_sim.csv,v6_hard_cases,v6_hard_cases,v6_hard_cases::state_000_t0::long_horizon_clear_then_stack_block2_on_block3,47.84453000000001,76.39999999999999,-15.255469999999999,0.9803921568627451,0.592379460063489,0.0,,0.34417329638842126,0.0,0.0,0.0,0.0,0.0,0.34417329638842126,47.84453000000001,63.1,-12
long_horizon_clear_then_stack_block2_on_block3,state_000_t0,0,wrong_support_bt,wrong_support_bt,experiments/bt_selection_benchmark/bt_candidates_v6_hard_cases/long_horizon_clear_then_stack_block2_on_block3/wrong_support_bt.json,"move block_4 away, then stack block_2 on block_3","supported_by(block_2, block_3)",block_2,block_3,0,0,0.0,1,1,0,0,6,3,0.5,0.002763,0.392619,0,1,-14.812868,bad,success,0,fallback_symbolic_effects,done,experiments/bt_selection_benchmark/results/bt_candidate_evaluations_v6_hard_cases_with_sim.csv,v6_hard_cases,v6_hard_cases,v6_hard_cases::state_000_t0::long_horizon_clear_then_stack_block2_on_block3,-15.890725,2.9,-11.990725,0.25980392156862747,1.0,0.0,,0.3019607843137255,0.0,0.0,0.0,0.0,0.0,0.3019607843137255,-15.890725,-3.9,-6
long_horizon_clear_then_stack_block2_on_block3,state_000_t0,0,unsafe_or_invalid_bt,unsafe_or_invalid_bt,experiments/bt_selection_benchmark/bt_candidates_v6_hard_cases/long_horizon_clear_then_stack_block2_on_block3/unsafe_or_invalid_bt.json,"move block_4 away, then stack block_2 on block_3","supported_by(block_2, block_3)",block_2,block_3,0,0,0.0,1,1,0,2,4,3,0.0,1.0,0.0,0,1,-33.0,bad,success,0,fallback_symbolic_effects,skipped,experiments/bt_selection_benchmark/results/bt_candidate_evaluations_v6_hard_cases_with_sim.csv,v6_hard_cases,v6_hard_cases,v6_hard_cases::state_000_t0::long_horizon_clear_then_stack_block2_on_block3,-22.9,-23.599999999999998,-20.0,0.0,0.0,0.0,,0.0,0.0,0.0,0.0,0.0,0.0,0.0,-22.9,-2.9,-4
long_horizon_prepare_then_stack_block1_on_block3,state_000_t0,0,correct_order_bt,correct_order_bt,experiments/bt_selection_benchmark/bt_candidates_v6_hard_cases/long_horizon_prepare_then_stack_block1_on_block3/correct_order_bt.json,"move block_2 away, then stack block_1 on block_3","supported_by(block_1, block_3)",block_1,block_3,1,0,1.0,1,2,0,0,9,3,1.0,0.086055,0.88964,0,1,60.86017,medium,success,0,fallback_symbolic_effects,done,experiments/bt_selection_benchmark/results/bt_candidate_evaluations_v6_hard_cases_with_sim.csv,v6_hard_cases,v6_hard_cases,v6_hard_cases::state_000_t0::long_horizon_prepare_then_stack_block1_on_block3,49.29125,78.39999999999999,-15.30875,1.0,0.6135874050598972,0.0,,0.35339685126497433,0.0,0.0,0.0,0.0,0.0,0.35339685126497433,49.29125,64.6,-9
long_horizon_prepare_then_stack_block1_on_block3,state_000_t0,0,wrong_order_bt,wrong_order_bt,experiments/bt_selection_benchmark/bt_candidates_v6_hard_cases/long_horizon_prepare_then_stack_block1_on_block3/wrong_order_bt.json,"move block_2 away, then stack block_1 on block_3","supported_by(block_1, block_3)",block_1,block_3,1,0,1.0,1,2,0,0,9,3,1.0,0.078661,0.895427,0,1,60.922536,medium,success,0,fallback_symbolic_effects,done,experiments/bt_selection_benchmark/results/bt_candidate_evaluations_v6_hard_cases_with_sim.csv,v6_hard_cases,v6_hard_cases,v6_hard_cases::state_000_t0::long_horizon_prepare_then_stack_block1_on_block3,49.336255,78.39999999999999,-15.263745,1.0,0.6194737895341248,0.0,,0.3548684473835312,0.0,0.0,0.0,0.0,0.0,0.3548684473835312,49.336255,64.6,-9
long_horizon_prepare_then_stack_block1_on_block3,state_000_t0,0,missing_clear_bt,missing_clear_bt,experiments/bt_selection_benchmark/bt_candidates_v6_hard_cases/long_horizon_prepare_then_stack_block1_on_block3/missing_clear_bt.json,"move block_2 away, then stack block_1 on block_3","supported_by(block_1, block_3)",block_1,block_3,1,0,1.0,1,1,0,0,4,3,0.0,0.118146,0.274757,0,1,45.269026,bad,success,0,fallback_symbolic_effects,done,experiments/bt_selection_benchmark/results/bt_candidate_evaluations_v6_hard_cases_with_sim.csv,v6_hard_cases,v6_hard_cases,v6_hard_cases::state_000_t0::long_horizon_prepare_then_stack_block1_on_block3,54.544755,66.39999999999999,-12.555245,0.8823529411764706,0.9737293688796579,0.95,feature_only:0.30;shortest_tree:0.05;symbolic_only:0.10;transformer_fused:0.35;transformer_only:0.15,0.9424029304552086,1.0,1.0,1.0,1.0,1.0,0.9424029304552086,54.544755,67.1,-4
long_horizon_prepare_then_stack_block1_on_block3,state_000_t0,0,redundant_repair_bt,redundant_repair_bt,experiments/bt_selection_benchmark/bt_candidates_v6_hard_cases/long_horizon_prepare_then_stack_block1_on_block3/redundant_repair_bt.json,"move block_2 away, then stack block_1 on block_3","supported_by(block_1, block_3)",block_1,block_3,1,0,1.0,1,3,0,0,12,3,1.0,0.084516,0.893782,0,1,58.367276,bad,success,0,fallback_symbolic_effects,done,experiments/bt_selection_benchmark/results/bt_candidate_evaluations_v6_hard_cases_with_sim.csv,v6_hard_cases,v6_hard_cases,v6_hard_cases::state_000_t0::long_horizon_prepare_then_stack_block1_on_block3,47.785930000000015,76.39999999999999,-15.314070000000001,0.9803921568627451,0.6128915809202927,0.0,,0.3493013266026222,0.0,0.0,0.0,0.0,0.0,0.3493013266026222,47.785930000000015,63.1,-12
long_horizon_prepare_then_stack_block1_on_block3,state_000_t0,0,wrong_support_bt,wrong_support_bt,experiments/bt_selection_benchmark/bt_candidates_v6_hard_cases/long_horizon_prepare_then_stack_block1_on_block3/wrong_support_bt.json,"move block_2 away, then stack block_1 on block_3","supported_by(block_1, block_3)",block_1,block_3,0,0,0.0,1,1,0,0,6,3,0.5,0.008704,0.45347,0,1,-14.99398,bad,success,0,fallback_symbolic_effects,done,experiments/bt_selection_benchmark/results/bt_candidate_evaluations_v6_hard_cases_with_sim.csv,v6_hard_cases,v6_hard_cases,v6_hard_cases::state_000_t0::long_horizon_prepare_then_stack_block1_on_block3,-16.25439,2.9,-12.35439,0.25980392156862747,1.0,0.0,,0.3019607843137255,0.0,0.0,0.0,0.0,0.0,0.3019607843137255,-16.25439,-3.9,-6
long_horizon_prepare_then_stack_block1_on_block3,state_000_t0,0,unsafe_or_invalid_bt,unsafe_or_invalid_bt,experiments/bt_selection_benchmark/bt_candidates_v6_hard_cases/long_horizon_prepare_then_stack_block1_on_block3/unsafe_or_invalid_bt.json,"move block_2 away, then stack block_1 on block_3","supported_by(block_1, block_3)",block_1,block_3,0,0,0.0,1,1,0,2,4,3,0.0,1.0,0.0,0,1,-33.0,bad,success,0,fallback_symbolic_effects,skipped,experiments/bt_selection_benchmark/results/bt_candidate_evaluations_v6_hard_cases_with_sim.csv,v6_hard_cases,v6_hard_cases,v6_hard_cases::state_000_t0::long_horizon_prepare_then_stack_block1_on_block3,-22.9,-23.599999999999998,-20.0,0.0,0.0,0.0,,0.0,0.0,0.0,0.0,0.0,0.0,0.0,-22.9,-2.9,-4
constrained_support_block3_on_block1,state_000_t0,0,stable_center_bt,stable_center_bt,experiments/bt_selection_benchmark/bt_candidates_v6_hard_cases/constrained_support_block3_on_block1/stable_center_bt.json,place block_3 on block_1 while avoiding unstable edge and contact-risk placement,"supported_by(block_3, block_1)",block_3,block_1,1,0,1.0,1,1,0,0,6,3,1.0,0.085733,0.480607,0,1,64.181456,medium,success,0,fallback_symbolic_effects,done,experiments/bt_selection_benchmark/results/bt_candidate_evaluations_v6_hard_cases_with_sim.csv,v6_hard_cases,v6_hard_cases,v6_hard_cases::state_000_t0::constrained_support_block3_on_block1,52.839634999999994,80.39999999999999,-13.260365,0.0,0.0030213473486259343,0.15000000000000002,shortest_tree:0.05;symbolic_only:0.10,0.0832553368371565,0.0,0.0,0.0,1.0,1.0,0.0832553368371565,52.839634999999994,66.1,-6
constrained_support_block3_on_block1,state_000_t0,0,narrow_edge_bt,narrow_edge_bt,experiments/bt_selection_benchmark/bt_candidates_v6_hard_cases/constrained_support_block3_on_block1/narrow_edge_bt.json,place block_3 on block_1 while avoiding unstable edge and contact-risk placement,"supported_by(block_3, block_1)",block_3,block_1,1,1,1.0,1,1,0,0,6,3,1.0,0.017316,0.503292,1,1,164.820256,good,success,0,fallback_symbolic_effects,done,experiments/bt_selection_benchmark/results/bt_candidate_evaluations_v6_hard_cases_with_sim.csv,v6_hard_cases,v6_hard_cases,v6_hard_cases::state_000_t0::constrained_support_block3_on_block1,153.41038,80.39999999999999,87.31038000000001,0.0,1.0,0.6499999999999999,feature_only:0.30;transformer_fused:0.35,0.6074999999999999,1.0,1.0,0.0,0.0,0.0,0.6074999999999999,153.41038,66.1,-6
constrained_support_block3_on_block1,state_000_t0,0,symbolic_edge_bt,symbolic_edge_bt,experiments/bt_selection_benchmark/bt_candidates_v6_hard_cases/constrained_support_block3_on_block1/symbolic_edge_bt.json,place block_3 on block_1 while avoiding unstable edge and contact-risk placement,"supported_by(block_3, block_1)",block_3,block_1,1,0,1.0,1,1,0,0,6,3,1.0,0.090301,0.367732,0,1,64.361526,medium,success,0,fallback_symbolic_effects,done,experiments/bt_selection_benchmark/results/bt_candidate_evaluations_v6_hard_cases_with_sim.csv,v6_hard_cases,v6_hard_cases,v6_hard_cases::state_000_t0::constrained_support_block3_on_block1,53.35833,80.39999999999999,-12.74167,0.0,0.00816327845629552,0.15,transformer_only:0.15,0.08454081961407388,0.0,0.0,1.0,0.0,0.0,0.08454081961407388,53.35833,66.1,-6
constrained_support_block3_on_block1,state_000_t0,0,collision_risk_bt,collision_risk_bt,experiments/bt_selection_benchmark/bt_candidates_v6_hard_cases/constrained_support_block3_on_block1/collision_risk_bt.json,place block_3 on block_1 while avoiding unstable edge and contact-risk placement,"supported_by(block_3, block_1)",block_3,block_1,1,0,1.0,1,1,0,0,6,3,1.0,0.087906,0.259633,0,1,64.601674,medium,success,0,fallback_symbolic_effects,done,experiments/bt_selection_benchmark/results/bt_candidate_evaluations_v6_hard_cases_with_sim.csv,v6_hard_cases,v6_hard_cases,v6_hard_cases::state_000_t0::constrained_support_block3_on_block1,53.92277500000001,80.39999999999999,-12.177225,0.0,0.013758738802102882,0.0,,0.0034396847005257205,0.0,0.0,0.0,0.0,0.0,0.0034396847005257205,53.92277500000001,66.1,-6
constrained_support_block3_on_block1,state_000_t0,0,unstable_over_edge_bt,unstable_over_edge_bt,experiments/bt_selection_benchmark/bt_candidates_v6_hard_cases/constrained_support_block3_on_block1/unstable_over_edge_bt.json,place block_3 on block_1 while avoiding unstable edge and contact-risk placement,"supported_by(block_3, block_1)",block_3,block_1,1,0,1.0,1,1,0,0,6,3,1.0,0.077809,0.531527,0,1,64.158856,medium,success,0,fallback_symbolic_effects,done,experiments/bt_selection_benchmark/results/bt_candidate_evaluations_v6_hard_cases_with_sim.csv,v6_hard_cases,v6_hard_cases,v6_hard_cases::state_000_t0::constrained_support_block3_on_block1,52.664274999999996,80.39999999999999,-13.435725,0.0,0.0012829673005419267,0.0,,0.0003207418251354817,0.0,0.0,0.0,0.0,0.0,0.0003207418251354817,52.664274999999996,66.1,-6
constrained_support_block3_on_block1,state_000_t0,0,far_offset_bt,far_offset_bt,experiments/bt_selection_benchmark/bt_candidates_v6_hard_cases/constrained_support_block3_on_block1/far_offset_bt.json,place block_3 on block_1 while avoiding unstable edge and contact-risk placement,"supported_by(block_3, block_1)",block_3,block_1,1,0,1.0,1,1,0,0,6,3,1.0,0.080898,0.551233,0,1,64.088554,medium,success,0,fallback_symbolic_effects,done,experiments/bt_selection_benchmark/results/bt_candidate_evaluations_v6_hard_cases_with_sim.csv,v6_hard_cases,v6_hard_cases,v6_hard_cases::state_000_t0::constrained_support_block3_on_block1,52.534855,80.39999999999999,-13.565145,0.0,0.0,0.0,,0.0,0.0,0.0,0.0,0.0,0.0,0.0,52.534855,66.1,-6
constrained_support_block1_on_block3,state_000_t0,0,stable_center_bt,stable_center_bt,experiments/bt_selection_benchmark/bt_candidates_v6_hard_cases/constrained_support_block1_on_block3/stable_center_bt.json,place block_1 on block_3 while avoiding unstable edge and contact-risk placement,"supported_by(block_1, block_3)",block_1,block_3,1,0,1.0,1,1,0,0,6,3,1.0,0.080108,0.389196,0,1,64.420528,medium,success,0,fallback_symbolic_effects,done,experiments/bt_selection_benchmark/results/bt_candidate_evaluations_v6_hard_cases_with_sim.csv,v6_hard_cases,v6_hard_cases,v6_hard_cases::state_000_t0::constrained_support_block1_on_block3,53.35294,80.39999999999999,-12.747060000000001,0.0,0.00695902590165258,0.15000000000000002,shortest_tree:0.05;symbolic_only:0.10,0.08423975647541317,0.0,0.0,0.0,1.0,1.0,0.08423975647541317,53.35294,66.1,-6
constrained_support_block1_on_block3,state_000_t0,0,narrow_edge_bt,narrow_edge_bt,experiments/bt_selection_benchmark/bt_candidates_v6_hard_cases/constrained_support_block1_on_block3/narrow_edge_bt.json,place block_1 on block_3 while avoiding unstable edge and contact-risk placement,"supported_by(block_1, block_3)",block_1,block_3,1,0,1.0,1,1,0,0,6,3,1.0,0.07466,0.300779,0,1,64.651842,medium,success,0,fallback_symbolic_effects,done,experiments/bt_selection_benchmark/results/bt_candidate_evaluations_v6_hard_cases_with_sim.csv,v6_hard_cases,v6_hard_cases,v6_hard_cases::state_000_t0::constrained_support_block1_on_block3,53.849505,80.39999999999999,-12.250495,0.0,0.011844245163208401,0.15,transformer_only:0.15,0.08546106129080211,0.0,0.0,1.0,0.0,0.0,0.08546106129080211,53.849505,66.1,-6
constrained_support_block1_on_block3,state_000_t0,0,symbolic_edge_bt,symbolic_edge_bt,experiments/bt_selection_benchmark/bt_candidates_v6_hard_cases/constrained_support_block1_on_block3/symbolic_edge_bt.json,place block_1 on block_3 while avoiding unstable edge and contact-risk placement,"supported_by(block_1, block_3)",block_1,block_3,1,1,1.0,1,1,0,0,6,3,1.0,0.035148,0.291306,1,1,165.065908,good,success,0,fallback_symbolic_effects,done,experiments/bt_selection_benchmark/results/bt_candidate_evaluations_v6_hard_cases_with_sim.csv,v6_hard_cases,v6_hard_cases,v6_hard_cases::state_000_t0::constrained_support_block1_on_block3,154.29199,80.39999999999999,88.19199,0.0,1.0,0.6499999999999999,feature_only:0.30;transformer_fused:0.35,0.6074999999999999,1.0,1.0,0.0,0.0,0.0,0.6074999999999999,154.29199,66.1,-6
constrained_support_block1_on_block3,state_000_t0,0,collision_risk_bt,collision_risk_bt,experiments/bt_selection_benchmark/bt_candidates_v6_hard_cases/constrained_support_block1_on_block3/collision_risk_bt.json,place block_1 on block_3 while avoiding unstable edge and contact-risk placement,"supported_by(block_1, block_3)",block_1,block_3,1,0,1.0,1,1,0,0,6,3,1.0,0.082147,0.52659,0,1,64.12535,medium,success,0,fallback_symbolic_effects,done,experiments/bt_selection_benchmark/results/bt_candidate_evaluations_v6_hard_cases_with_sim.csv,v6_hard_cases,v6_hard_cases,v6_hard_cases::state_000_t0::constrained_support_block1_on_block3,52.64558,80.39999999999999,-13.454419999999999,0.0,0.0,0.0,,0.0,0.0,0.0,0.0,0.0,0.0,0.0,52.64558,66.1,-6
constrained_support_block1_on_block3,state_000_t0,0,unstable_over_edge_bt,unstable_over_edge_bt,experiments/bt_selection_benchmark/bt_candidates_v6_hard_cases/constrained_support_block1_on_block3/unstable_over_edge_bt.json,place block_1 on block_3 while avoiding unstable edge and contact-risk placement,"supported_by(block_1, block_3)",block_1,block_3,1,0,1.0,1,1,0,0,6,3,1.0,0.077444,0.234445,0,1,64.75667,medium,success,0,fallback_symbolic_effects,done,experiments/bt_selection_benchmark/results/bt_candidate_evaluations_v6_hard_cases_with_sim.csv,v6_hard_cases,v6_hard_cases,v6_hard_cases::state_000_t0::constrained_support_block1_on_block3,54.153335000000006,80.39999999999999,-11.946665,0.0,0.014833332529894558,0.0,,0.0037083331324736396,0.0,0.0,0.0,0.0,0.0,0.0037083331324736396,54.153335000000006,66.1,-6
constrained_support_block1_on_block3,state_000_t0,0,far_offset_bt,far_offset_bt,experiments/bt_selection_benchmark/bt_candidates_v6_hard_cases/constrained_support_block1_on_block3/far_offset_bt.json,place block_1 on block_3 while avoiding unstable edge and contact-risk placement,"supported_by(block_1, block_3)",block_1,block_3,1,0,1.0,1,1,0,0,6,3,1.0,0.072106,0.247524,0,1,64.783892,medium,success,0,fallback_symbolic_effects,done,experiments/bt_selection_benchmark/results/bt_candidate_evaluations_v6_hard_cases_with_sim.csv,v6_hard_cases,v6_hard_cases,v6_hard_cases::state_000_t0::constrained_support_block1_on_block3,54.14132,80.39999999999999,-11.95868,0.0,0.014715128650387157,0.0,,0.003678782162596789,0.0,0.0,0.0,0.0,0.0,0.003678782162596789,54.14132,66.1,-6
hard_physical_place_block3_on_block5,state_001_t1,1,stable_center_bt,stable_center_bt,experiments/bt_selection_benchmark/bt_candidates_v6_hard_cases/hard_physical_place_block3_on_block5/stable_center_bt.json,place block_3 on block_5 with physically stable placement,"supported_by(block_3, block_5)",block_3,block_5,1,1,1.0,1,1,0,0,6,3,1.0,0.006228,0.657902,1,1,164.621916,good,success,0,fallback_symbolic_effects,done,experiments/bt_selection_benchmark/results/bt_candidate_evaluations_v6_hard_cases_with_sim.csv,v6_hard_cases,v6_hard_cases,v6_hard_cases::state_001_t1::hard_physical_place_block3_on_block5,152.74821,80.39999999999999,86.64821,1.0,0.9999568823724566,0.0,,0.4499892205931142,0.0,0.0,0.0,0.0,0.0,0.4499892205931142,152.74821,66.1,-6
hard_physical_place_block3_on_block5,state_001_t1,1,symbolic_edge_bt,symbolic_edge_bt,experiments/bt_selection_benchmark/bt_candidates_v6_hard_cases/hard_physical_place_block3_on_block5/symbolic_edge_bt.json,place block_3 on block_5 with physically stable placement,"supported_by(block_3, block_5)",block_3,block_5,1,1,1.0,1,1,0,0,6,3,1.0,0.025586,0.618293,1,1,164.507554,good,success,0,fallback_symbolic_effects,done,experiments/bt_selection_benchmark/results/bt_candidate_evaluations_v6_hard_cases_with_sim.csv,v6_hard_cases,v6_hard_cases,v6_hard_cases::state_001_t1::hard_physical_place_block3_on_block5,152.75267499999998,80.39999999999999,86.652675,1.0,1.0,0.0,,0.45,0.0,0.0,0.0,0.0,0.0,0.45,152.75267499999998,66.1,-6
hard_physical_place_block3_on_block5,state_001_t1,1,symbolic_corner_bt,symbolic_corner_bt,experiments/bt_selection_benchmark/bt_candidates_v6_hard_cases/hard_physical_place_block3_on_block5/symbolic_corner_bt.json,place block_3 on block_5 with physically stable placement,"supported_by(block_3, block_5)",block_3,block_5,1,1,1.0,1,1,0,0,6,3,1.0,0.011705,0.659431,1,1,164.564088,good,success,0,fallback_symbolic_effects,done,experiments/bt_selection_benchmark/results/bt_candidate_evaluations_v6_hard_cases_with_sim.csv,v6_hard_cases,v6_hard_cases,v6_hard_cases::state_001_t1::hard_physical_place_block3_on_block5,152.68579499999998,80.39999999999999,86.58579499999999,1.0,0.9993541529831773,0.35,transformer_fused:0.35,0.6423385382457943,0.0,1.0,0.0,0.0,0.0,0.6423385382457943,152.68579499999998,66.1,-6
hard_physical_place_block3_on_block5,state_001_t1,1,unstable_over_edge_bt,unstable_over_edge_bt,experiments/bt_selection_benchmark/bt_candidates_v6_hard_cases/hard_physical_place_block3_on_block5/unstable_over_edge_bt.json,place block_3 on block_5 with physically stable placement,"supported_by(block_3, block_5)",block_3,block_5,1,0,1.0,1,1,0,0,6,3,1.0,0.374375,0.631502,0,1,60.993246,medium,success,0,fallback_symbolic_effects,done,experiments/bt_selection_benchmark/results/bt_candidate_evaluations_v6_hard_cases_with_sim.csv,v6_hard_cases,v6_hard_cases,v6_hard_cases::state_001_t1::hard_physical_place_block3_on_block5,49.198739999999994,80.39999999999999,-16.90126,1.0,0.0,0.0,,0.2,0.0,0.0,0.0,0.0,0.0,0.2,49.198739999999994,66.1,-6
hard_physical_place_block3_on_block5,state_001_t1,1,collision_far_offset_bt,collision_far_offset_bt,experiments/bt_selection_benchmark/bt_candidates_v6_hard_cases/hard_physical_place_block3_on_block5/collision_far_offset_bt.json,place block_3 on block_5 with physically stable placement,"supported_by(block_3, block_5)",block_3,block_5,1,0,1.0,1,1,0,0,6,3,1.0,0.378265,0.611117,0,1,60.995116,medium,success,0,fallback_symbolic_effects,done,experiments/bt_selection_benchmark/results/bt_candidate_evaluations_v6_hard_cases_with_sim.csv,v6_hard_cases,v6_hard_cases,v6_hard_cases::state_001_t1::hard_physical_place_block3_on_block5,49.261765,80.39999999999999,-16.838235,1.0,0.0006086200394026521,0.0,,0.20015215500985067,0.0,0.0,0.0,0.0,0.0,0.20015215500985067,49.261765,66.1,-6
hard_physical_place_block3_on_block5,state_001_t1,1,missing_precondition_bt,missing_precondition_bt,experiments/bt_selection_benchmark/bt_candidates_v6_hard_cases/hard_physical_place_block3_on_block5/missing_precondition_bt.json,place block_3 on block_5 with physically stable placement,"supported_by(block_3, block_5)",block_3,block_5,1,1,1.0,1,1,0,0,5,3,0.5,0.004765,0.694924,1,1,155.062502,good,success,0,fallback_symbolic_effects,done,experiments/bt_selection_benchmark/results/bt_candidate_evaluations_v6_hard_cases_with_sim.csv,v6_hard_cases,v6_hard_cases,v6_hard_cases::state_001_t1::hard_physical_place_block3_on_block5,153.07773,73.39999999999999,86.47773,0.0,0.9983105905149813,0.6,feature_only:0.30;shortest_tree:0.05;symbolic_only:0.10;transformer_only:0.15,0.5795776476287453,1.0,0.0,1.0,1.0,1.0,0.5795776476287453,153.07773,66.6,-5
hard_physical_place_block1_on_block5,state_001_t1,1,stable_center_bt,stable_center_bt,experiments/bt_selection_benchmark/bt_candidates_v6_hard_cases/hard_physical_place_block1_on_block5/stable_center_bt.json,place block_1 on block_5 with physically stable placement,"supported_by(block_1, block_5)",block_1,block_5,1,1,1.0,1,1,0,0,6,3,1.0,0.008455,0.568078,1,1,164.779294,good,success,0,fallback_symbolic_effects,done,experiments/bt_selection_benchmark/results/bt_candidate_evaluations_v6_hard_cases_with_sim.csv,v6_hard_cases,v6_hard_cases,v6_hard_cases::state_001_t1::hard_physical_place_block1_on_block5,153.17505999999997,80.39999999999999,87.07506000000001,1.0,0.9995897665559889,0.0,,0.44989744163899725,0.0,0.0,0.0,0.0,0.0,0.44989744163899725,153.17505999999997,66.1,-6
hard_physical_place_block1_on_block5,state_001_t1,1,symbolic_edge_bt,symbolic_edge_bt,experiments/bt_selection_benchmark/bt_candidates_v6_hard_cases/hard_physical_place_block1_on_block5/symbolic_edge_bt.json,place block_1 on block_5 with physically stable placement,"supported_by(block_1, block_5)",block_1,block_5,1,1,1.0,1,1,0,0,6,3,1.0,0.022273,0.589605,1,1,164.59806,good,success,0,fallback_symbolic_effects,done,experiments/bt_selection_benchmark/results/bt_candidate_evaluations_v6_hard_cases_with_sim.csv,v6_hard_cases,v6_hard_cases,v6_hard_cases::state_001_t1::hard_physical_place_block1_on_block5,152.92924499999998,80.39999999999999,86.829245,1.0,0.9972284146290563,0.0,,0.4493071036572641,0.0,0.0,0.0,0.0,0.0,0.4493071036572641,152.92924499999998,66.1,-6
hard_physical_place_block1_on_block5,state_001_t1,1,symbolic_corner_bt,symbolic_corner_bt,experiments/bt_selection_benchmark/bt_candidates_v6_hard_cases/hard_physical_place_block1_on_block5/symbolic_corner_bt.json,place block_1 on block_5 with physically stable placement,"supported_by(block_1, block_5)",block_1,block_5,1,1,1.0,1,1,0,0,6,3,1.0,0.007774,0.560899,1,1,164.800462,good,success,0,fallback_symbolic_effects,done,experiments/bt_selection_benchmark/results/bt_candidate_evaluations_v6_hard_cases_with_sim.csv,v6_hard_cases,v6_hard_cases,v6_hard_cases::state_001_t1::hard_physical_place_block1_on_block5,153.21776499999999,80.39999999999999,87.11776499999999,1.0,1.0,0.0,,0.45,0.0,0.0,0.0,0.0,0.0,0.45,153.21776499999999,66.1,-6
hard_physical_place_block1_on_block5,state_001_t1,1,unstable_over_edge_bt,unstable_over_edge_bt,experiments/bt_selection_benchmark/bt_candidates_v6_hard_cases/hard_physical_place_block1_on_block5/unstable_over_edge_bt.json,place block_1 on block_5 with physically stable placement,"supported_by(block_1, block_5)",block_1,block_5,1,0,1.0,1,1,0,0,6,3,1.0,0.375928,0.644444,0,1,60.951832,medium,success,0,fallback_symbolic_effects,done,experiments/bt_selection_benchmark/results/bt_candidate_evaluations_v6_hard_cases_with_sim.csv,v6_hard_cases,v6_hard_cases,v6_hard_cases::state_001_t1::hard_physical_place_block1_on_block5,49.1185,80.39999999999999,-16.9815,1.0,0.0,0.0,,0.2,0.0,0.0,0.0,0.0,0.0,0.2,49.1185,66.1,-6
hard_physical_place_block1_on_block5,state_001_t1,1,collision_far_offset_bt,collision_far_offset_bt,experiments/bt_selection_benchmark/bt_candidates_v6_hard_cases/hard_physical_place_block1_on_block5/collision_far_offset_bt.json,place block_1 on block_5 with physically stable placement,"supported_by(block_1, block_5)",block_1,block_5,1,0,1.0,1,1,0,0,6,3,1.0,0.376273,0.544918,0,1,61.147434,medium,success,0,fallback_symbolic_effects,done,experiments/bt_selection_benchmark/results/bt_candidate_evaluations_v6_hard_cases_with_sim.csv,v6_hard_cases,v6_hard_cases,v6_hard_cases::state_001_t1::hard_physical_place_block1_on_block5,49.61268,80.39999999999999,-16.48732,1.0,0.004747199704051706,0.0,,0.20118679992601293,0.0,0.0,0.0,0.0,0.0,0.20118679992601293,49.61268,66.1,-6
hard_physical_place_block1_on_block5,state_001_t1,1,missing_precondition_bt,missing_precondition_bt,experiments/bt_selection_benchmark/bt_candidates_v6_hard_cases/hard_physical_place_block1_on_block5/missing_precondition_bt.json,place block_1 on block_5 with physically stable placement,"supported_by(block_1, block_5)",block_1,block_5,1,1,1.0,1,1,0,0,5,3,0.5,0.006661,0.702173,1,1,155.029044,good,success,0,fallback_symbolic_effects,done,experiments/bt_selection_benchmark/results/bt_candidate_evaluations_v6_hard_cases_with_sim.csv,v6_hard_cases,v6_hard_cases,v6_hard_cases::state_001_t1::hard_physical_place_block1_on_block5,153.022525,73.39999999999999,86.42252500000001,0.0,0.9933213745553344,0.95,feature_only:0.30;shortest_tree:0.05;symbolic_only:0.10;transformer_fused:0.35;transformer_only:0.15,0.7708303436388335,1.0,1.0,1.0,1.0,1.0,0.7708303436388335,153.022525,66.6,-5
long_horizon_clear_then_stack_block2_on_block3,state_001_t1,1,correct_order_bt,correct_order_bt,experiments/bt_selection_benchmark/bt_candidates_v6_hard_cases/long_horizon_clear_then_stack_block2_on_block3/correct_order_bt.json,"move block_4 away, then stack block_2 on block_3","supported_by(block_2, block_3)",block_2,block_3,1,0,1.0,1,2,0,0,9,3,1.0,0.100503,0.888331,0,1,60.718308,medium,success,0,fallback_symbolic_effects,done,experiments/bt_selection_benchmark/results/bt_candidate_evaluations_v6_hard_cases_with_sim.csv,v6_hard_cases,v6_hard_cases,v6_hard_cases::state_001_t1::long_horizon_clear_then_stack_block2_on_block3,49.153315,78.39999999999999,-15.446684999999999,1.0,0.04323902976924226,0.0,,0.21080975744231056,0.0,0.0,0.0,0.0,0.0,0.21080975744231056,49.153315,64.6,-9
long_horizon_clear_then_stack_block2_on_block3,state_001_t1,1,wrong_order_bt,wrong_order_bt,experiments/bt_selection_benchmark/bt_candidates_v6_hard_cases/long_horizon_clear_then_stack_block2_on_block3/wrong_order_bt.json,"move block_4 away, then stack block_2 on block_3","supported_by(block_2, block_3)",block_2,block_3,1,0,1.0,1,2,0,0,9,3,1.0,0.109362,0.88609,0,1,60.6342,medium,success,0,fallback_symbolic_effects,done,experiments/bt_selection_benchmark/results/bt_candidate_evaluations_v6_hard_cases_with_sim.csv,v6_hard_cases,v6_hard_cases,v6_hard_cases::state_001_t1::long_horizon_clear_then_stack_block2_on_block3,49.07593000000001,78.39999999999999,-15.52407,1.0,0.0425041690537651,0.0,,0.21062604226344128,0.0,0.0,0.0,0.0,0.0,0.21062604226344128,49.07593000000001,64.6,-9
long_horizon_clear_then_stack_block2_on_block3,state_001_t1,1,missing_clear_bt,missing_clear_bt,experiments/bt_selection_benchmark/bt_candidates_v6_hard_cases/long_horizon_clear_then_stack_block2_on_block3/missing_clear_bt.json,"move block_4 away, then stack block_2 on block_3","supported_by(block_2, block_3)",block_2,block_3,1,0,1.0,1,1,0,0,4,3,0.0,0.067481,0.185975,0,1,45.95324,bad,success,0,fallback_symbolic_effects,done,experiments/bt_selection_benchmark/results/bt_candidate_evaluations_v6_hard_cases_with_sim.csv,v6_hard_cases,v6_hard_cases,v6_hard_cases::state_001_t1::long_horizon_clear_then_stack_block2_on_block3,55.49531500000001,66.39999999999999,-11.604685,0.8823529411764706,0.07972329505144404,0.95,feature_only:0.30;shortest_tree:0.05;symbolic_only:0.10;transformer_fused:0.35;transformer_only:0.15,0.7189014119981552,1.0,1.0,1.0,1.0,1.0,0.7189014119981552,55.49531500000001,67.1,-4
long_horizon_clear_then_stack_block2_on_block3,state_001_t1,1,redundant_repair_bt,redundant_repair_bt,experiments/bt_selection_benchmark/bt_candidates_v6_hard_cases/long_horizon_clear_then_stack_block2_on_block3/redundant_repair_bt.json,"move block_4 away, then stack block_2 on block_3","supported_by(block_2, block_3)",block_2,block_3,1,1,1.0,1,3,0,0,12,3,1.0,0.024897,0.889072,1,1,158.972886,good,success,0,fallback_symbolic_effects,done,experiments/bt_selection_benchmark/results/bt_candidate_evaluations_v6_hard_cases_with_sim.csv,v6_hard_cases,v6_hard_cases,v6_hard_cases::state_001_t1::long_horizon_clear_then_stack_block2_on_block3,148.40567,76.39999999999999,85.30567,0.9803921568627451,1.0,0.0,,0.446078431372549,0.0,0.0,0.0,0.0,0.0,0.446078431372549,148.40567,63.1,-12
long_horizon_clear_then_stack_block2_on_block3,state_001_t1,1,wrong_support_bt,wrong_support_bt,experiments/bt_selection_benchmark/bt_candidates_v6_hard_cases/long_horizon_clear_then_stack_block2_on_block3/wrong_support_bt.json,"move block_4 away, then stack block_2 on block_3","supported_by(block_2, block_3)",block_2,block_3,0,0,0.0,1,1,0,0,6,3,0.5,0.002204,0.460919,0,1,-14.943878,bad,success,0,fallback_symbolic_effects,done,experiments/bt_selection_benchmark/results/bt_candidate_evaluations_v6_hard_cases_with_sim.csv,v6_hard_cases,v6_hard_cases,v6_hard_cases::state_001_t1::long_horizon_clear_then_stack_block2_on_block3,-16.226634999999998,2.9,-12.326635,0.25980392156862747,0.07286753885142178,0.0,,0.07017766902658094,0.0,0.0,0.0,0.0,0.0,0.07017766902658094,-16.226634999999998,-3.9,-6
long_horizon_clear_then_stack_block2_on_block3,state_001_t1,1,unsafe_or_invalid_bt,unsafe_or_invalid_bt,experiments/bt_selection_benchmark/bt_candidates_v6_hard_cases/long_horizon_clear_then_stack_block2_on_block3/unsafe_or_invalid_bt.json,"move block_4 away, then stack block_2 on block_3","supported_by(block_2, block_3)",block_2,block_3,0,0,0.0,1,1,0,2,4,3,0.0,1.0,0.0,0,1,-33.0,bad,success,0,fallback_symbolic_effects,skipped,experiments/bt_selection_benchmark/results/bt_candidate_evaluations_v6_hard_cases_with_sim.csv,v6_hard_cases,v6_hard_cases,v6_hard_cases::state_001_t1::long_horizon_clear_then_stack_block2_on_block3,-22.9,-23.599999999999998,-20.0,0.0,0.0,0.0,,0.0,0.0,0.0,0.0,0.0,0.0,0.0,-22.9,-2.9,-4
long_horizon_prepare_then_stack_block1_on_block3,state_001_t1,1,correct_order_bt,correct_order_bt,experiments/bt_selection_benchmark/bt_candidates_v6_hard_cases/long_horizon_prepare_then_stack_block1_on_block3/correct_order_bt.json,"move block_2 away, then stack block_1 on block_3","supported_by(block_1, block_3)",block_1,block_3,1,0,1.0,1,2,0,0,9,3,1.0,0.0759,0.488775,0,1,61.76345,medium,success,0,fallback_symbolic_effects,done,experiments/bt_selection_benchmark/results/bt_candidate_evaluations_v6_hard_cases_with_sim.csv,v6_hard_cases,v6_hard_cases,v6_hard_cases::state_001_t1::long_horizon_prepare_then_stack_block1_on_block3,51.397124999999996,78.39999999999999,-13.202875,1.0,0.9906641423195425,0.0,,0.4476660355798856,0.0,0.0,0.0,0.0,0.0,0.4476660355798856,51.397124999999996,64.6,-9
long_horizon_prepare_then_stack_block1_on_block3,state_001_t1,1,wrong_order_bt,wrong_order_bt,experiments/bt_selection_benchmark/bt_candidates_v6_hard_cases/long_horizon_prepare_then_stack_block1_on_block3/wrong_order_bt.json,"move block_2 away, then stack block_1 on block_3","supported_by(block_1, block_3)",block_1,block_3,1,0,1.0,1,2,0,0,9,3,1.0,0.083996,0.491224,0,1,61.677592,medium,success,0,fallback_symbolic_effects,done,experiments/bt_selection_benchmark/results/bt_candidate_evaluations_v6_hard_cases_with_sim.csv,v6_hard_cases,v6_hard_cases,v6_hard_cases::state_001_t1::long_horizon_prepare_then_stack_block1_on_block3,51.30392,78.39999999999999,-13.29608,1.0,0.9770797443005429,0.0,,0.44426993607513576,0.0,0.0,0.0,0.0,0.0,0.44426993607513576,51.30392,64.6,-9
long_horizon_prepare_then_stack_block1_on_block3,state_001_t1,1,missing_clear_bt,missing_clear_bt,experiments/bt_selection_benchmark/bt_candidates_v6_hard_cases/long_horizon_prepare_then_stack_block1_on_block3/missing_clear_bt.json,"move block_2 away, then stack block_1 on block_3","supported_by(block_1, block_3)",block_1,block_3,1,0,1.0,1,1,0,0,4,3,0.0,0.096703,0.698492,0,1,44.635986,bad,success,0,fallback_symbolic_effects,done,experiments/bt_selection_benchmark/results/bt_candidate_evaluations_v6_hard_cases_with_sim.csv,v6_hard_cases,v6_hard_cases,v6_hard_cases::state_001_t1::long_horizon_prepare_then_stack_block1_on_block3,52.64051000000001,66.39999999999999,-14.459489999999999,0.8823529411764706,0.8075156168472479,0.95,feature_only:0.30;shortest_tree:0.05;symbolic_only:0.10;transformer_fused:0.35;transformer_only:0.15,0.9008494924471061,1.0,1.0,1.0,1.0,1.0,0.9008494924471061,52.64051000000001,67.1,-4
long_horizon_prepare_then_stack_block1_on_block3,state_001_t1,1,redundant_repair_bt,redundant_repair_bt,experiments/bt_selection_benchmark/bt_candidates_v6_hard_cases/long_horizon_prepare_then_stack_block1_on_block3/redundant_repair_bt.json,"move block_2 away, then stack block_1 on block_3","supported_by(block_1, block_3)",block_1,block_3,1,0,1.0,1,3,0,0,12,3,1.0,0.074308,0.479148,0,1,59.298624,bad,success,0,fallback_symbolic_effects,done,experiments/bt_selection_benchmark/results/bt_candidate_evaluations_v6_hard_cases_with_sim.csv,v6_hard_cases,v6_hard_cases,v6_hard_cases::state_001_t1::long_horizon_prepare_then_stack_block1_on_block3,49.96117999999999,76.39999999999999,-13.138819999999999,0.9803921568627451,1.0,0.0,,0.446078431372549,0.0,0.0,0.0,0.0,0.0,0.446078431372549,49.96117999999999,63.1,-12
long_horizon_prepare_then_stack_block1_on_block3,state_001_t1,1,wrong_support_bt,wrong_support_bt,experiments/bt_selection_benchmark/bt_candidates_v6_hard_cases/long_horizon_prepare_then_stack_block1_on_block3/wrong_support_bt.json,"move block_2 away, then stack block_1 on block_3","supported_by(block_1, block_3)",block_1,block_3,0,0,0.0,1,1,0,0,6,3,0.5,0.007837,0.659756,0,1,-15.397882,bad,success,0,fallback_symbolic_effects,done,experiments/bt_selection_benchmark/results/bt_candidate_evaluations_v6_hard_cases_with_sim.csv,v6_hard_cases,v6_hard_cases,v6_hard_cases::state_001_t1::long_horizon_prepare_then_stack_block1_on_block3,-17.27715,2.9,-13.37715,0.25980392156862747,0.9652639924910874,0.0,,0.29327678243649735,0.0,0.0,0.0,0.0,0.0,0.29327678243649735,-17.27715,-3.9,-6
long_horizon_prepare_then_stack_block1_on_block3,state_001_t1,1,unsafe_or_invalid_bt,unsafe_or_invalid_bt,experiments/bt_selection_benchmark/bt_candidates_v6_hard_cases/long_horizon_prepare_then_stack_block1_on_block3/unsafe_or_invalid_bt.json,"move block_2 away, then stack block_1 on block_3","supported_by(block_1, block_3)",block_1,block_3,0,0,0.0,1,1,0,2,4,3,0.0,1.0,0.0,0,1,-33.0,bad,success,0,fallback_symbolic_effects,skipped,experiments/bt_selection_benchmark/results/bt_candidate_evaluations_v6_hard_cases_with_sim.csv,v6_hard_cases,v6_hard_cases,v6_hard_cases::state_001_t1::long_horizon_prepare_then_stack_block1_on_block3,-22.9,-23.599999999999998,-20.0,0.0,0.0,0.0,,0.0,0.0,0.0,0.0,0.0,0.0,0.0,-22.9,-2.9,-4
constrained_support_block3_on_block1,state_001_t1,1,stable_center_bt,stable_center_bt,experiments/bt_selection_benchmark/bt_candidates_v6_hard_cases/constrained_support_block3_on_block1/stable_center_bt.json,place block_3 on block_1 while avoiding unstable edge and contact-risk placement,"supported_by(block_3, block_1)",block_3,block_1,1,0,1.0,1,1,0,0,6,3,1.0,0.092406,0.632322,0,1,63.811296,medium,success,0,fallback_symbolic_effects,done,experiments/bt_selection_benchmark/results/bt_candidate_evaluations_v6_hard_cases_with_sim.csv,v6_hard_cases,v6_hard_cases,v6_hard_cases::state_001_t1::constrained_support_block3_on_block1,52.01433000000001,80.39999999999999,-14.08567,0.0,0.6283953036602821,0.15000000000000002,shortest_tree:0.05;symbolic_only:0.10,0.23959882591507053,0.0,0.0,0.0,1.0,1.0,0.23959882591507053,52.01433000000001,66.1,-6
constrained_support_block3_on_block1,state_001_t1,1,narrow_edge_bt,narrow_edge_bt,experiments/bt_selection_benchmark/bt_candidates_v6_hard_cases/constrained_support_block3_on_block1/narrow_edge_bt.json,place block_3 on block_1 while avoiding unstable edge and contact-risk placement,"supported_by(block_3, block_1)",block_3,block_1,1,0,1.0,1,1,0,0,6,3,1.0,0.091862,0.548838,0,1,63.983704,medium,success,0,fallback_symbolic_effects,done,experiments/bt_selection_benchmark/results/bt_candidate_evaluations_v6_hard_cases_with_sim.csv,v6_hard_cases,v6_hard_cases,v6_hard_cases::state_001_t1::constrained_support_block3_on_block1,52.437189999999994,80.39999999999999,-13.66281,0.0,0.9886809010974033,0.15,transformer_only:0.15,0.3296702252743508,0.0,0.0,1.0,0.0,0.0,0.3296702252743508,52.437189999999994,66.1,-6
constrained_support_block3_on_block1,state_001_t1,1,symbolic_edge_bt,symbolic_edge_bt,experiments/bt_selection_benchmark/bt_candidates_v6_hard_cases/constrained_support_block3_on_block1/symbolic_edge_bt.json,place block_3 on block_1 while avoiding unstable edge and contact-risk placement,"supported_by(block_3, block_1)",block_3,block_1,1,0,1.0,1,1,0,0,6,3,1.0,0.110543,0.743555,0,1,63.40746,medium,success,0,fallback_symbolic_effects,done,experiments/bt_selection_benchmark/results/bt_candidate_evaluations_v6_hard_cases_with_sim.csv,v6_hard_cases,v6_hard_cases,v6_hard_cases::state_001_t1::constrained_support_block3_on_block1,51.276795,80.39999999999999,-14.823205,0.0,0.0,0.0,,0.0,0.0,0.0,0.0,0.0,0.0,0.0,51.276795,66.1,-6
constrained_support_block3_on_block1,state_001_t1,1,collision_risk_bt,collision_risk_bt,experiments/bt_selection_benchmark/bt_candidates_v6_hard_cases/constrained_support_block3_on_block1/collision_risk_bt.json,place block_3 on block_1 while avoiding unstable edge and contact-risk placement,"supported_by(block_3, block_1)",block_3,block_1,1,0,1.0,1,1,0,0,6,3,1.0,0.092472,0.678692,0,1,63.717896,medium,success,0,fallback_symbolic_effects,done,experiments/bt_selection_benchmark/results/bt_candidate_evaluations_v6_hard_cases_with_sim.csv,v6_hard_cases,v6_hard_cases,v6_hard_cases::state_001_t1::constrained_support_block3_on_block1,51.78182,80.39999999999999,-14.31818,0.0,0.4302919023924751,0.6499999999999999,feature_only:0.30;transformer_fused:0.35,0.4650729755981188,1.0,1.0,0.0,0.0,0.0,0.4650729755981188,51.78182,66.1,-6
constrained_support_block3_on_block1,state_001_t1,1,unstable_over_edge_bt,unstable_over_edge_bt,experiments/bt_selection_benchmark/bt_candidates_v6_hard_cases/constrained_support_block3_on_block1/unstable_over_edge_bt.json,place block_3 on block_1 while avoiding unstable edge and contact-risk placement,"supported_by(block_3, block_1)",block_3,block_1,1,0,1.0,1,1,0,0,6,3,1.0,0.021859,0.686187,0,1,64.409036,medium,success,0,fallback_symbolic_effects,done,experiments/bt_selection_benchmark/results/bt_candidate_evaluations_v6_hard_cases_with_sim.csv,v6_hard_cases,v6_hard_cases,v6_hard_cases::state_001_t1::constrained_support_block3_on_block1,52.45047499999999,80.39999999999999,-13.649525,0.0,1.0,0.0,,0.25,0.0,0.0,0.0,0.0,0.0,0.25,52.45047499999999,66.1,-6
constrained_support_block3_on_block1,state_001_t1,1,far_offset_bt,far_offset_bt,experiments/bt_selection_benchmark/bt_candidates_v6_hard_cases/constrained_support_block3_on_block1/far_offset_bt.json,place block_3 on block_1 while avoiding unstable edge and contact-risk placement,"supported_by(block_3, block_1)",block_3,block_1,1,0,1.0,1,1,0,0,6,3,1.0,0.078145,0.632438,0,1,63.953674,medium,success,0,fallback_symbolic_effects,done,experiments/bt_selection_benchmark/results/bt_candidate_evaluations_v6_hard_cases_with_sim.csv,v6_hard_cases,v6_hard_cases,v6_hard_cases::state_001_t1::constrained_support_block3_on_block1,52.15636,80.39999999999999,-13.94364,0.0,0.7494078454093109,0.0,,0.18735196135232773,0.0,0.0,0.0,0.0,0.0,0.18735196135232773,52.15636,66.1,-6
constrained_support_block1_on_block3,state_001_t1,1,stable_center_bt,stable_center_bt,experiments/bt_selection_benchmark/bt_candidates_v6_hard_cases/constrained_support_block1_on_block3/stable_center_bt.json,place block_1 on block_3 while avoiding unstable edge and contact-risk placement,"supported_by(block_1, block_3)",block_1,block_3,1,0,1.0,1,1,0,0,6,3,1.0,0.073796,0.70172,0,1,63.8586,medium,success,0,fallback_symbolic_effects,done,experiments/bt_selection_benchmark/results/bt_candidate_evaluations_v6_hard_cases_with_sim.csv,v6_hard_cases,v6_hard_cases,v6_hard_cases::state_001_t1::constrained_support_block1_on_block3,51.85344,80.39999999999999,-14.246559999999999,0.0,0.19920556842584186,0.15000000000000002,shortest_tree:0.05;symbolic_only:0.10,0.13230139210646047,0.0,0.0,0.0,1.0,1.0,0.13230139210646047,51.85344,66.1,-6
constrained_support_block1_on_block3,state_001_t1,1,narrow_edge_bt,narrow_edge_bt,experiments/bt_selection_benchmark/bt_candidates_v6_hard_cases/constrained_support_block1_on_block3/narrow_edge_bt.json,place block_1 on block_3 while avoiding unstable edge and contact-risk placement,"supported_by(block_1, block_3)",block_1,block_3,1,0,1.0,1,1,0,0,6,3,1.0,0.080268,0.537373,0,1,64.122574,medium,success,0,fallback_symbolic_effects,done,experiments/bt_selection_benchmark/results/bt_candidate_evaluations_v6_hard_cases_with_sim.csv,v6_hard_cases,v6_hard_cases,v6_hard_cases::state_001_t1::constrained_support_block1_on_block3,52.61045500000001,80.39999999999999,-13.489545,0.0,1.0,0.44999999999999996,feature_only:0.30;transformer_only:0.15,0.4975,1.0,0.0,1.0,0.0,0.0,0.4975,52.61045500000001,66.1,-6
constrained_support_block1_on_block3,state_001_t1,1,symbolic_edge_bt,symbolic_edge_bt,experiments/bt_selection_benchmark/bt_candidates_v6_hard_cases/constrained_support_block1_on_block3/symbolic_edge_bt.json,place block_1 on block_3 while avoiding unstable edge and contact-risk placement,"supported_by(block_1, block_3)",block_1,block_3,1,0,1.0,1,1,0,0,6,3,1.0,0.08578,0.635255,0,1,63.87169,medium,success,0,fallback_symbolic_effects,done,experiments/bt_selection_benchmark/results/bt_candidate_evaluations_v6_hard_cases_with_sim.csv,v6_hard_cases,v6_hard_cases,v6_hard_cases::state_001_t1::constrained_support_block1_on_block3,52.065925,80.39999999999999,-14.034075,0.0,0.4239789279933993,0.0,,0.10599473199834983,0.0,0.0,0.0,0.0,0.0,0.10599473199834983,52.065925,66.1,-6
constrained_support_block1_on_block3,state_001_t1,1,collision_risk_bt,collision_risk_bt,experiments/bt_selection_benchmark/bt_candidates_v6_hard_cases/constrained_support_block1_on_block3/collision_risk_bt.json,place block_1 on block_3 while avoiding unstable edge and contact-risk placement,"supported_by(block_1, block_3)",block_1,block_3,1,0,1.0,1,1,0,0,6,3,1.0,0.073281,0.636667,0,1,63.993856,medium,success,0,fallback_symbolic_effects,done,experiments/bt_selection_benchmark/results/bt_candidate_evaluations_v6_hard_cases_with_sim.csv,v6_hard_cases,v6_hard_cases,v6_hard_cases::state_001_t1::constrained_support_block1_on_block3,52.183855,80.39999999999999,-13.916145,0.0,0.5487290152645103,0.0,,0.1371822538161276,0.0,0.0,0.0,0.0,0.0,0.1371822538161276,52.183855,66.1,-6
constrained_support_block1_on_block3,state_001_t1,1,unstable_over_edge_bt,unstable_over_edge_bt,experiments/bt_selection_benchmark/bt_candidates_v6_hard_cases/constrained_support_block1_on_block3/unstable_over_edge_bt.json,place block_1 on block_3 while avoiding unstable edge and contact-risk placement,"supported_by(block_1, block_3)",block_1,block_3,1,0,1.0,1,1,0,0,6,3,1.0,0.085264,0.716447,0,1,63.714466,medium,success,0,fallback_symbolic_effects,done,experiments/bt_selection_benchmark/results/bt_candidate_evaluations_v6_hard_cases_with_sim.csv,v6_hard_cases,v6_hard_cases,v6_hard_cases::state_001_t1::constrained_support_block1_on_block3,51.66512500000001,80.39999999999999,-14.434875,0.0,0.0,0.35,transformer_fused:0.35,0.1925,0.0,1.0,0.0,0.0,0.0,0.1925,51.66512500000001,66.1,-6
constrained_support_block1_on_block3,state_001_t1,1,far_offset_bt,far_offset_bt,experiments/bt_selection_benchmark/bt_candidates_v6_hard_cases/constrained_support_block1_on_block3/far_offset_bt.json,place block_1 on block_3 while avoiding unstable edge and contact-risk placement,"supported_by(block_1, block_3)",block_1,block_3,1,0,1.0,1,1,0,0,6,3,1.0,0.072439,0.612255,0,1,64.0511,medium,success,0,fallback_symbolic_effects,done,experiments/bt_selection_benchmark/results/bt_candidate_evaluations_v6_hard_cases_with_sim.csv,v6_hard_cases,v6_hard_cases,v6_hard_cases::state_001_t1::constrained_support_block1_on_block3,52.31433500000001,80.39999999999999,-13.785665,0.0,0.6867548898268329,0.0,,0.17168872245670821,0.0,0.0,0.0,0.0,0.0,0.17168872245670821,52.31433500000001,66.1,-6
hard_physical_place_block3_on_block5,state_002_t2,2,stable_center_bt,stable_center_bt,experiments/bt_selection_benchmark/bt_candidates_v6_hard_cases/hard_physical_place_block3_on_block5/stable_center_bt.json,place block_3 on block_5 with physically stable placement,"supported_by(block_3, block_5)",block_3,block_5,1,1,1.0,1,1,0,0,6,3,1.0,0.001463,0.662943,1,1,164.659484,good,success,0,fallback_symbolic_effects,done,experiments/bt_selection_benchmark/results/bt_candidate_evaluations_v6_hard_cases_with_sim.csv,v6_hard_cases,v6_hard_cases,v6_hard_cases::state_002_t2::hard_physical_place_block3_on_block5,152.77065499999998,80.39999999999999,86.67065500000001,1.0,0.9977071140445628,0.0,,0.4494267785111407,0.0,0.0,0.0,0.0,0.0,0.4494267785111407,152.77065499999998,66.1,-6
hard_physical_place_block3_on_block5,state_002_t2,2,symbolic_edge_bt,symbolic_edge_bt,experiments/bt_selection_benchmark/bt_candidates_v6_hard_cases/hard_physical_place_block3_on_block5/symbolic_edge_bt.json,place block_3 on block_5 with physically stable placement,"supported_by(block_3, block_5)",block_3,block_5,1,1,1.0,1,1,0,0,6,3,1.0,0.029163,0.675351,1,1,164.357668,good,success,0,fallback_symbolic_effects,done,experiments/bt_selection_benchmark/results/bt_candidate_evaluations_v6_hard_cases_with_sim.csv,v6_hard_cases,v6_hard_cases,v6_hard_cases::state_002_t2::hard_physical_place_block3_on_block5,152.431615,80.39999999999999,86.331615,1.0,0.9944383391125493,0.0,,0.44860958477813734,0.0,0.0,0.0,0.0,0.0,0.44860958477813734,152.431615,66.1,-6
hard_physical_place_block3_on_block5,state_002_t2,2,symbolic_corner_bt,symbolic_corner_bt,experiments/bt_selection_benchmark/bt_candidates_v6_hard_cases/hard_physical_place_block3_on_block5/symbolic_corner_bt.json,place block_3 on block_5 with physically stable placement,"supported_by(block_3, block_5)",block_3,block_5,1,1,1.0,1,1,0,0,6,3,1.0,0.009843,0.598619,1,1,164.704332,good,success,0,fallback_symbolic_effects,done,experiments/bt_selection_benchmark/results/bt_candidate_evaluations_v6_hard_cases_with_sim.csv,v6_hard_cases,v6_hard_cases,v6_hard_cases::state_002_t2::hard_physical_place_block3_on_block5,153.00847499999998,80.39999999999999,86.90847500000001,1.0,1.0,0.0,,0.45,0.0,0.0,0.0,0.0,0.0,0.45,153.00847499999998,66.1,-6
hard_physical_place_block3_on_block5,state_002_t2,2,unstable_over_edge_bt,unstable_over_edge_bt,experiments/bt_selection_benchmark/bt_candidates_v6_hard_cases/hard_physical_place_block3_on_block5/unstable_over_edge_bt.json,place block_3 on block_5 with physically stable placement,"supported_by(block_3, block_5)",block_3,block_5,1,0,1.0,1,1,0,0,6,3,1.0,0.376489,0.60949,0,1,61.01613,medium,success,0,fallback_symbolic_effects,done,experiments/bt_selection_benchmark/results/bt_candidate_evaluations_v6_hard_cases_with_sim.csv,v6_hard_cases,v6_hard_cases,v6_hard_cases::state_002_t2::hard_physical_place_block3_on_block5,49.28766000000001,80.39999999999999,-16.81234,1.0,0.0,0.0,,0.2,0.0,0.0,0.0,0.0,0.0,0.2,49.28766000000001,66.1,-6
hard_physical_place_block3_on_block5,state_002_t2,2,collision_far_offset_bt,collision_far_offset_bt,experiments/bt_selection_benchmark/bt_candidates_v6_hard_cases/hard_physical_place_block3_on_block5/collision_far_offset_bt.json,place block_3 on block_5 with physically stable placement,"supported_by(block_3, block_5)",block_3,block_5,1,0,1.0,1,1,0,0,6,3,1.0,0.375723,0.572733,0,1,61.097304,medium,success,0,fallback_symbolic_effects,done,experiments/bt_selection_benchmark/results/bt_candidate_evaluations_v6_hard_cases_with_sim.csv,v6_hard_cases,v6_hard_cases,v6_hard_cases::state_002_t2::hard_physical_place_block3_on_block5,49.47910500000001,80.39999999999999,-16.620895,1.0,0.0018457722300002951,0.0,,0.20046144305750008,0.0,0.0,0.0,0.0,0.0,0.20046144305750008,49.47910500000001,66.1,-6
hard_physical_place_block3_on_block5,state_002_t2,2,missing_precondition_bt,missing_precondition_bt,experiments/bt_selection_benchmark/bt_candidates_v6_hard_cases/hard_physical_place_block3_on_block5/missing_precondition_bt.json,place block_3 on block_5 with physically stable placement,"supported_by(block_3, block_5)",block_3,block_5,1,1,1.0,1,1,0,0,5,3,0.5,0.001632,0.747971,1,1,154.987738,good,success,0,fallback_symbolic_effects,done,experiments/bt_selection_benchmark/results/bt_candidate_evaluations_v6_hard_cases_with_sim.csv,v6_hard_cases,v6_hard_cases,v6_hard_cases::state_002_t2::hard_physical_place_block3_on_block5,152.84382499999998,73.39999999999999,86.243825,0.0,0.9935919323426062,0.95,feature_only:0.30;shortest_tree:0.05;symbolic_only:0.10;transformer_fused:0.35;transformer_only:0.15,0.7708979830856515,1.0,1.0,1.0,1.0,1.0,0.7708979830856515,152.84382499999998,66.6,-5
hard_physical_place_block1_on_block5,state_002_t2,2,stable_center_bt,stable_center_bt,experiments/bt_selection_benchmark/bt_candidates_v6_hard_cases/hard_physical_place_block1_on_block5/stable_center_bt.json,place block_1 on block_5 with physically stable placement,"supported_by(block_1, block_5)",block_1,block_5,1,1,1.0,1,1,0,0,6,3,1.0,0.008751,0.637962,1,1,164.636566,good,success,0,fallback_symbolic_effects,done,experiments/bt_selection_benchmark/results/bt_candidate_evaluations_v6_hard_cases_with_sim.csv,v6_hard_cases,v6_hard_cases,v6_hard_cases::state_002_t2::hard_physical_place_block1_on_block5,152.82268,80.39999999999999,86.72268000000001,1.0,0.9962565922401003,0.0,,0.4490641480600251,0.0,0.0,0.0,0.0,0.0,0.4490641480600251,152.82268,66.1,-6
hard_physical_place_block1_on_block5,state_002_t2,2,symbolic_edge_bt,symbolic_edge_bt,experiments/bt_selection_benchmark/bt_candidates_v6_hard_cases/hard_physical_place_block1_on_block5/symbolic_edge_bt.json,place block_1 on block_5 with physically stable placement,"supported_by(block_1, block_5)",block_1,block_5,1,1,1.0,1,1,0,0,6,3,1.0,0.017801,0.580712,1,1,164.660566,good,success,0,fallback_symbolic_effects,done,experiments/bt_selection_benchmark/results/bt_candidate_evaluations_v6_hard_cases_with_sim.csv,v6_hard_cases,v6_hard_cases,v6_hard_cases::state_002_t2::hard_physical_place_block1_on_block5,153.01843,80.39999999999999,86.91843,1.0,0.9981269345681638,0.0,,0.44953173364204096,0.0,0.0,0.0,0.0,0.0,0.44953173364204096,153.01843,66.1,-6
hard_physical_place_block1_on_block5,state_002_t2,2,symbolic_corner_bt,symbolic_corner_bt,experiments/bt_selection_benchmark/bt_candidates_v6_hard_cases/hard_physical_place_block1_on_block5/symbolic_corner_bt.json,place block_1 on block_5 with physically stable placement,"supported_by(block_1, block_5)",block_1,block_5,1,1,1.0,1,1,0,0,6,3,1.0,0.007917,0.627497,1,1,164.665836,good,success,0,fallback_symbolic_effects,done,experiments/bt_selection_benchmark/results/bt_candidate_evaluations_v6_hard_cases_with_sim.csv,v6_hard_cases,v6_hard_cases,v6_hard_cases::state_002_t2::hard_physical_place_block1_on_block5,152.883345,80.39999999999999,86.783345,1.0,0.9968362311536735,0.0,,0.44920905778841835,0.0,0.0,0.0,0.0,0.0,0.44920905778841835,152.883345,66.1,-6
hard_physical_place_block1_on_block5,state_002_t2,2,unstable_over_edge_bt,unstable_over_edge_bt,experiments/bt_selection_benchmark/bt_candidates_v6_hard_cases/hard_physical_place_block1_on_block5/unstable_over_edge_bt.json,place block_1 on block_5 with physically stable placement,"supported_by(block_1, block_5)",block_1,block_5,1,0,1.0,1,1,0,0,6,3,1.0,0.38629,0.736524,0,1,60.664052,medium,success,0,fallback_symbolic_effects,done,experiments/bt_selection_benchmark/results/bt_candidate_evaluations_v6_hard_cases_with_sim.csv,v6_hard_cases,v6_hard_cases,v6_hard_cases::state_002_t2::hard_physical_place_block1_on_block5,48.554480000000005,80.39999999999999,-17.54552,1.0,0.0,0.0,,0.2,0.0,0.0,0.0,0.0,0.0,0.2,48.554480000000005,66.1,-6
hard_physical_place_block1_on_block5,state_002_t2,2,collision_far_offset_bt,collision_far_offset_bt,experiments/bt_selection_benchmark/bt_candidates_v6_hard_cases/hard_physical_place_block1_on_block5/collision_far_offset_bt.json,place block_1 on block_5 with physically stable placement,"supported_by(block_1, block_5)",block_1,block_5,1,0,1.0,1,1,0,0,6,3,1.0,0.38628,0.557035,0,1,61.02313,medium,success,0,fallback_symbolic_effects,done,experiments/bt_selection_benchmark/results/bt_candidate_evaluations_v6_hard_cases_with_sim.csv,v6_hard_cases,v6_hard_cases,v6_hard_cases::state_002_t2::hard_physical_place_block1_on_block5,49.452025000000006,80.39999999999999,-16.647975,1.0,0.008575818160111536,0.0,,0.2021439545400279,0.0,0.0,0.0,0.0,0.0,0.2021439545400279,49.452025000000006,66.1,-6
hard_physical_place_block1_on_block5,state_002_t2,2,missing_precondition_bt,missing_precondition_bt,experiments/bt_selection_benchmark/bt_candidates_v6_hard_cases/hard_physical_place_block1_on_block5/missing_precondition_bt.json,place block_1 on block_5 with physically stable placement,"supported_by(block_1, block_5)",block_1,block_5,1,1,1.0,1,1,0,0,5,3,0.5,0.001627,0.573853,1,1,155.336024,good,success,0,fallback_symbolic_effects,done,experiments/bt_selection_benchmark/results/bt_candidate_evaluations_v6_hard_cases_with_sim.csv,v6_hard_cases,v6_hard_cases,v6_hard_cases::state_002_t2::hard_physical_place_block1_on_block5,153.714465,73.39999999999999,87.114465,0.0,1.0,0.95,feature_only:0.30;shortest_tree:0.05;symbolic_only:0.10;transformer_fused:0.35;transformer_only:0.15,0.7725,1.0,1.0,1.0,1.0,1.0,0.7725,153.714465,66.6,-5
long_horizon_clear_then_stack_block2_on_block3,state_002_t2,2,correct_order_bt,correct_order_bt,experiments/bt_selection_benchmark/bt_candidates_v6_hard_cases/long_horizon_clear_then_stack_block2_on_block3/correct_order_bt.json,"move block_4 away, then stack block_2 on block_3","supported_by(block_2, block_3)",block_2,block_3,1,0,1.0,1,2,0,0,9,3,1.0,0.078235,0.892748,0,1,60.932154,medium,success,0,fallback_symbolic_effects,done,experiments/bt_selection_benchmark/results/bt_candidate_evaluations_v6_hard_cases_with_sim.csv,v6_hard_cases,v6_hard_cases,v6_hard_cases::state_002_t2::long_horizon_clear_then_stack_block2_on_block3,49.353910000000006,78.39999999999999,-15.246089999999999,1.0,0.6271475328519923,0.0,,0.3567868832129981,0.0,0.0,0.0,0.0,0.0,0.3567868832129981,49.353910000000006,64.6,-9
long_horizon_clear_then_stack_block2_on_block3,state_002_t2,2,wrong_order_bt,wrong_order_bt,experiments/bt_selection_benchmark/bt_candidates_v6_hard_cases/long_horizon_clear_then_stack_block2_on_block3/wrong_order_bt.json,"move block_4 away, then stack block_2 on block_3","supported_by(block_2, block_3)",block_2,block_3,1,0,1.0,1,2,0,0,9,3,1.0,0.083425,0.889751,0,1,60.886248,medium,success,0,fallback_symbolic_effects,done,experiments/bt_selection_benchmark/results/bt_candidate_evaluations_v6_hard_cases_with_sim.csv,v6_hard_cases,v6_hard_cases,v6_hard_cases::state_002_t2::long_horizon_clear_then_stack_block2_on_block3,49.316995,78.39999999999999,-15.283005,1.0,0.6222776150001121,0.0,,0.35556940375002805,0.0,0.0,0.0,0.0,0.0,0.35556940375002805,49.316995,64.6,-9
long_horizon_clear_then_stack_block2_on_block3,state_002_t2,2,missing_clear_bt,missing_clear_bt,experiments/bt_selection_benchmark/bt_candidates_v6_hard_cases/long_horizon_clear_then_stack_block2_on_block3/missing_clear_bt.json,"move block_4 away, then stack block_2 on block_3","supported_by(block_2, block_3)",block_2,block_3,1,0,1.0,1,1,0,0,4,3,0.0,0.073761,0.498857,0,1,45.264676,bad,success,0,fallback_symbolic_effects,done,experiments/bt_selection_benchmark/results/bt_candidate_evaluations_v6_hard_cases_with_sim.csv,v6_hard_cases,v6_hard_cases,v6_hard_cases::state_002_t2::long_horizon_clear_then_stack_block2_on_block3,53.86810499999999,66.39999999999999,-13.231895,0.8823529411764706,0.8928651053203011,0.95,feature_only:0.30;shortest_tree:0.05;symbolic_only:0.10;transformer_fused:0.35;transformer_only:0.15,0.9221868645653694,1.0,1.0,1.0,1.0,1.0,0.9221868645653694,53.86810499999999,67.1,-4
long_horizon_clear_then_stack_block2_on_block3,state_002_t2,2,redundant_repair_bt,redundant_repair_bt,experiments/bt_selection_benchmark/bt_candidates_v6_hard_cases/long_horizon_clear_then_stack_block2_on_block3/redundant_repair_bt.json,"move block_4 away, then stack block_2 on block_3","supported_by(block_2, block_3)",block_2,block_3,1,0,1.0,1,3,0,0,12,3,1.0,0.075396,0.889316,0,1,58.467408,bad,success,0,fallback_symbolic_effects,done,experiments/bt_selection_benchmark/results/bt_candidate_evaluations_v6_hard_cases_with_sim.csv,v6_hard_cases,v6_hard_cases,v6_hard_cases::state_002_t2::long_horizon_clear_then_stack_block2_on_block3,47.89946,76.39999999999999,-15.20054,0.9803921568627451,0.6331566012023413,0.0,,0.3543675816731343,0.0,0.0,0.0,0.0,0.0,0.3543675816731343,47.89946,63.1,-12
long_horizon_clear_then_stack_block2_on_block3,state_002_t2,2,wrong_support_bt,wrong_support_bt,experiments/bt_selection_benchmark/bt_candidates_v6_hard_cases/long_horizon_clear_then_stack_block2_on_block3/wrong_support_bt.json,"move block_4 away, then stack block_2 on block_3","supported_by(block_2, block_3)",block_2,block_3,0,0,0.0,1,1,0,0,6,3,0.5,0.004395,0.475168,0,1,-14.994286,bad,success,0,fallback_symbolic_effects,done,experiments/bt_selection_benchmark/results/bt_candidate_evaluations_v6_hard_cases_with_sim.csv,v6_hard_cases,v6_hard_cases,v6_hard_cases::state_002_t2::long_horizon_clear_then_stack_block2_on_block3,-16.319789999999998,2.9,-12.419789999999999,0.25980392156862747,1.0,0.0,,0.3019607843137255,0.0,0.0,0.0,0.0,0.0,0.3019607843137255,-16.319789999999998,-3.9,-6
long_horizon_clear_then_stack_block2_on_block3,state_002_t2,2,unsafe_or_invalid_bt,unsafe_or_invalid_bt,experiments/bt_selection_benchmark/bt_candidates_v6_hard_cases/long_horizon_clear_then_stack_block2_on_block3/unsafe_or_invalid_bt.json,"move block_4 away, then stack block_2 on block_3","supported_by(block_2, block_3)",block_2,block_3,0,0,0.0,1,1,0,2,4,3,0.0,1.0,0.0,0,1,-33.0,bad,success,0,fallback_symbolic_effects,skipped,experiments/bt_selection_benchmark/results/bt_candidate_evaluations_v6_hard_cases_with_sim.csv,v6_hard_cases,v6_hard_cases,v6_hard_cases::state_002_t2::long_horizon_clear_then_stack_block2_on_block3,-22.9,-23.599999999999998,-20.0,0.0,0.0,0.0,,0.0,0.0,0.0,0.0,0.0,0.0,0.0,-22.9,-2.9,-4
long_horizon_prepare_then_stack_block1_on_block3,state_002_t2,2,correct_order_bt,correct_order_bt,experiments/bt_selection_benchmark/bt_candidates_v6_hard_cases/long_horizon_prepare_then_stack_block1_on_block3/correct_order_bt.json,"move block_2 away, then stack block_1 on block_3","supported_by(block_1, block_3)",block_1,block_3,1,0,1.0,1,2,0,0,9,3,1.0,0.085883,0.49047,0,1,61.66023,medium,success,0,fallback_symbolic_effects,done,experiments/bt_selection_benchmark/results/bt_candidate_evaluations_v6_hard_cases_with_sim.csv,v6_hard_cases,v6_hard_cases,v6_hard_cases::state_002_t2::long_horizon_prepare_then_stack_block1_on_block3,51.28882000000001,78.39999999999999,-13.31118,1.0,0.9756454033743742,0.0,,0.44391135084359357,0.0,0.0,0.0,0.0,0.0,0.44391135084359357,51.28882000000001,64.6,-9
long_horizon_prepare_then_stack_block1_on_block3,state_002_t2,2,wrong_order_bt,wrong_order_bt,experiments/bt_selection_benchmark/bt_candidates_v6_hard_cases/long_horizon_prepare_then_stack_block1_on_block3/wrong_order_bt.json,"move block_2 away, then stack block_1 on block_3","supported_by(block_1, block_3)",block_1,block_3,1,0,1.0,1,2,0,0,9,3,1.0,0.072645,0.483552,0,1,61.806446,medium,success,0,fallback_symbolic_effects,done,experiments/bt_selection_benchmark/results/bt_candidate_evaluations_v6_hard_cases_with_sim.csv,v6_hard_cases,v6_hard_cases,v6_hard_cases::state_002_t2::long_horizon_prepare_then_stack_block1_on_block3,51.45579,78.39999999999999,-13.144210000000001,1.0,1.0,0.0,,0.45,0.0,0.0,0.0,0.0,0.0,0.45,51.45579,64.6,-9
long_horizon_prepare_then_stack_block1_on_block3,state_002_t2,2,missing_clear_bt,missing_clear_bt,experiments/bt_selection_benchmark/bt_candidates_v6_hard_cases/long_horizon_prepare_then_stack_block1_on_block3/missing_clear_bt.json,"move block_2 away, then stack block_1 on block_3","supported_by(block_1, block_3)",block_1,block_3,1,0,1.0,1,1,0,0,4,3,0.0,0.081522,0.585182,0,1,45.014416,bad,success,0,fallback_symbolic_effects,done,experiments/bt_selection_benchmark/results/bt_candidate_evaluations_v6_hard_cases_with_sim.csv,v6_hard_cases,v6_hard_cases,v6_hard_cases::state_002_t2::long_horizon_prepare_then_stack_block1_on_block3,53.35887,66.39999999999999,-13.74113,0.8823529411764706,0.9129319888736384,0.95,feature_only:0.30;shortest_tree:0.05;symbolic_only:0.10;transformer_fused:0.35;transformer_only:0.15,0.9272035854537037,1.0,1.0,1.0,1.0,1.0,0.9272035854537037,53.35887,67.1,-4
long_horizon_prepare_then_stack_block1_on_block3,state_002_t2,2,redundant_repair_bt,redundant_repair_bt,experiments/bt_selection_benchmark/bt_candidates_v6_hard_cases/long_horizon_prepare_then_stack_block1_on_block3/redundant_repair_bt.json,"move block_2 away, then stack block_1 on block_3","supported_by(block_1, block_3)",block_1,block_3,1,0,1.0,1,3,0,0,12,3,1.0,0.08053,0.49145,0,1,59.2118,bad,success,0,fallback_symbolic_effects,done,experiments/bt_selection_benchmark/results/bt_candidate_evaluations_v6_hard_cases_with_sim.csv,v6_hard_cases,v6_hard_cases,v6_hard_cases::state_002_t2::long_horizon_prepare_then_stack_block1_on_block3,49.83745,76.39999999999999,-13.262550000000001,0.9803921568627451,0.9827386778183113,0.0,,0.44176310082712683,0.0,0.0,0.0,0.0,0.0,0.44176310082712683,49.83745,63.1,-12
long_horizon_prepare_then_stack_block1_on_block3,state_002_t2,2,wrong_support_bt,wrong_support_bt,experiments/bt_selection_benchmark/bt_candidates_v6_hard_cases/long_horizon_prepare_then_stack_block1_on_block3/wrong_support_bt.json,"move block_2 away, then stack block_1 on block_3","supported_by(block_1, block_3)",block_1,block_3,0,0,0.0,1,1,0,0,6,3,0.5,0.005203,0.758334,0,1,-15.568698,bad,success,0,fallback_symbolic_effects,done,experiments/bt_selection_benchmark/results/bt_candidate_evaluations_v6_hard_cases_with_sim.csv,v6_hard_cases,v6_hard_cases,v6_hard_cases::state_002_t2::long_horizon_prepare_then_stack_block1_on_block3,-17.743699999999997,2.9,-13.8437,0.25980392156862747,0.8979709121778818,0.0,,0.27645351235819593,0.0,0.0,0.0,0.0,0.0,0.27645351235819593,-17.743699999999997,-3.9,-6
long_horizon_prepare_then_stack_block1_on_block3,state_002_t2,2,unsafe_or_invalid_bt,unsafe_or_invalid_bt,experiments/bt_selection_benchmark/bt_candidates_v6_hard_cases/long_horizon_prepare_then_stack_block1_on_block3/unsafe_or_invalid_bt.json,"move block_2 away, then stack block_1 on block_3","supported_by(block_1, block_3)",block_1,block_3,0,0,0.0,1,1,0,2,4,3,0.0,1.0,0.0,0,1,-33.0,bad,success,0,fallback_symbolic_effects,skipped,experiments/bt_selection_benchmark/results/bt_candidate_evaluations_v6_hard_cases_with_sim.csv,v6_hard_cases,v6_hard_cases,v6_hard_cases::state_002_t2::long_horizon_prepare_then_stack_block1_on_block3,-22.9,-23.599999999999998,-20.0,0.0,0.0,0.0,,0.0,0.0,0.0,0.0,0.0,0.0,0.0,-22.9,-2.9,-4
constrained_support_block3_on_block1,state_002_t2,2,stable_center_bt,stable_center_bt,experiments/bt_selection_benchmark/bt_candidates_v6_hard_cases/constrained_support_block3_on_block1/stable_center_bt.json,place block_3 on block_1 while avoiding unstable edge and contact-risk placement,"supported_by(block_3, block_1)",block_3,block_1,1,0,1.0,1,1,0,0,6,3,1.0,0.084591,0.598073,0,1,63.957944,medium,success,0,fallback_symbolic_effects,done,experiments/bt_selection_benchmark/results/bt_candidate_evaluations_v6_hard_cases_with_sim.csv,v6_hard_cases,v6_hard_cases,v6_hard_cases::state_002_t2::constrained_support_block3_on_block1,52.263725,80.39999999999999,-13.836275,0.0,1.0,0.15000000000000002,shortest_tree:0.05;symbolic_only:0.10,0.3325,0.0,0.0,0.0,1.0,1.0,0.3325,52.263725,66.1,-6
constrained_support_block3_on_block1,state_002_t2,2,narrow_edge_bt,narrow_edge_bt,experiments/bt_selection_benchmark/bt_candidates_v6_hard_cases/constrained_support_block3_on_block1/narrow_edge_bt.json,place block_3 on block_1 while avoiding unstable edge and contact-risk placement,"supported_by(block_3, block_1)",block_3,block_1,1,0,1.0,1,1,0,0,6,3,1.0,0.087264,0.615008,0,1,63.897344,medium,success,0,fallback_symbolic_effects,done,experiments/bt_selection_benchmark/results/bt_candidate_evaluations_v6_hard_cases_with_sim.csv,v6_hard_cases,v6_hard_cases,v6_hard_cases::state_002_t2::constrained_support_block3_on_block1,52.152319999999996,80.39999999999999,-13.94768,0.0,0.8831399739856504,0.44999999999999996,feature_only:0.30;transformer_only:0.15,0.4682849934964126,1.0,0.0,1.0,0.0,0.0,0.4682849934964126,52.152319999999996,66.1,-6
constrained_support_block3_on_block1,state_002_t2,2,symbolic_edge_bt,symbolic_edge_bt,experiments/bt_selection_benchmark/bt_candidates_v6_hard_cases/constrained_support_block3_on_block1/symbolic_edge_bt.json,place block_3 on block_1 while avoiding unstable edge and contact-risk placement,"supported_by(block_3, block_1)",block_3,block_1,1,0,1.0,1,1,0,0,6,3,1.0,0.085997,0.785925,0,1,63.56818,medium,success,0,fallback_symbolic_effects,done,experiments/bt_selection_benchmark/results/bt_candidate_evaluations_v6_hard_cases_with_sim.csv,v6_hard_cases,v6_hard_cases,v6_hard_cases::state_002_t2::constrained_support_block3_on_block1,51.310404999999996,80.39999999999999,-14.789594999999998,0.0,0.0,0.35,transformer_fused:0.35,0.1925,0.0,1.0,0.0,0.0,0.0,0.1925,51.310404999999996,66.1,-6
constrained_support_block3_on_block1,state_002_t2,2,collision_risk_bt,collision_risk_bt,experiments/bt_selection_benchmark/bt_candidates_v6_hard_cases/constrained_support_block3_on_block1/collision_risk_bt.json,place block_3 on block_1 while avoiding unstable edge and contact-risk placement,"supported_by(block_3, block_1)",block_3,block_1,1,0,1.0,1,1,0,0,6,3,1.0,0.078079,0.662328,0,1,63.894554,medium,success,0,fallback_symbolic_effects,done,experiments/bt_selection_benchmark/results/bt_candidate_evaluations_v6_hard_cases_with_sim.csv,v6_hard_cases,v6_hard_cases,v6_hard_cases::state_002_t2::constrained_support_block3_on_block1,52.00757000000001,80.39999999999999,-14.09243,0.0,0.7313021860445598,0.0,,0.18282554651113994,0.0,0.0,0.0,0.0,0.0,0.18282554651113994,52.00757000000001,66.1,-6
constrained_support_block3_on_block1,state_002_t2,2,unstable_over_edge_bt,unstable_over_edge_bt,experiments/bt_selection_benchmark/bt_candidates_v6_hard_cases/constrained_support_block3_on_block1/unstable_over_edge_bt.json,place block_3 on block_1 while avoiding unstable edge and contact-risk placement,"supported_by(block_3, block_1)",block_3,block_1,1,0,1.0,1,1,0,0,6,3,1.0,0.090231,0.663885,0,1,63.76992,medium,success,0,fallback_symbolic_effects,done,experiments/bt_selection_benchmark/results/bt_candidate_evaluations_v6_hard_cases_with_sim.csv,v6_hard_cases,v6_hard_cases,v6_hard_cases::state_002_t2::constrained_support_block3_on_block1,51.878265000000006,80.39999999999999,-14.221734999999999,0.0,0.5956656736457862,0.0,,0.14891641841144654,0.0,0.0,0.0,0.0,0.0,0.14891641841144654,51.878265000000006,66.1,-6
constrained_support_block3_on_block1,state_002_t2,2,far_offset_bt,far_offset_bt,experiments/bt_selection_benchmark/bt_candidates_v6_hard_cases/constrained_support_block3_on_block1/far_offset_bt.json,place block_3 on block_1 while avoiding unstable edge and contact-risk placement,"supported_by(block_3, block_1)",block_3,block_1,1,0,1.0,1,1,0,0,6,3,1.0,0.0816,0.708637,0,1,63.766726,medium,success,0,fallback_symbolic_effects,done,experiments/bt_selection_benchmark/results/bt_candidate_evaluations_v6_hard_cases_with_sim.csv,v6_hard_cases,v6_hard_cases,v6_hard_cases::state_002_t2::constrained_support_block3_on_block1,51.740815000000005,80.39999999999999,-14.359185,0.0,0.45148533545923647,0.0,,0.11287133386480912,0.0,0.0,0.0,0.0,0.0,0.11287133386480912,51.740815000000005,66.1,-6
constrained_support_block1_on_block3,state_002_t2,2,stable_center_bt,stable_center_bt,experiments/bt_selection_benchmark/bt_candidates_v6_hard_cases/constrained_support_block1_on_block3/stable_center_bt.json,place block_1 on block_3 while avoiding unstable edge and contact-risk placement,"supported_by(block_1, block_3)",block_1,block_3,1,0,1.0,1,1,0,0,6,3,1.0,0.076639,0.60237,0,1,64.02887,medium,success,0,fallback_symbolic_effects,done,experiments/bt_selection_benchmark/results/bt_candidate_evaluations_v6_hard_cases_with_sim.csv,v6_hard_cases,v6_hard_cases,v6_hard_cases::state_002_t2::constrained_support_block1_on_block3,52.321760000000005,80.39999999999999,-13.77824,0.0,0.62913544401984,0.15000000000000002,shortest_tree:0.05;symbolic_only:0.10,0.23978386100496002,0.0,0.0,0.0,1.0,1.0,0.23978386100496002,52.321760000000005,66.1,-6
constrained_support_block1_on_block3,state_002_t2,2,narrow_edge_bt,narrow_edge_bt,experiments/bt_selection_benchmark/bt_candidates_v6_hard_cases/constrained_support_block1_on_block3/narrow_edge_bt.json,place block_1 on block_3 while avoiding unstable edge and contact-risk placement,"supported_by(block_1, block_3)",block_1,block_3,1,0,1.0,1,1,0,0,6,3,1.0,0.114129,0.582953,0,1,63.692804,medium,success,0,fallback_symbolic_effects,done,experiments/bt_selection_benchmark/results/bt_candidate_evaluations_v6_hard_cases_with_sim.csv,v6_hard_cases,v6_hard_cases,v6_hard_cases::state_002_t2::constrained_support_block1_on_block3,52.043945,80.39999999999999,-14.056055,0.0,0.23373397949090008,0.15,transformer_only:0.15,0.14093349487272502,0.0,0.0,1.0,0.0,0.0,0.14093349487272502,52.043945,66.1,-6
constrained_support_block1_on_block3,state_002_t2,2,symbolic_edge_bt,symbolic_edge_bt,experiments/bt_selection_benchmark/bt_candidates_v6_hard_cases/constrained_support_block1_on_block3/symbolic_edge_bt.json,place block_1 on block_3 while avoiding unstable edge and contact-risk placement,"supported_by(block_1, block_3)",block_1,block_3,1,0,1.0,1,1,0,0,6,3,1.0,0.075367,0.552799,0,1,64.140732,medium,success,0,fallback_symbolic_effects,done,experiments/bt_selection_benchmark/results/bt_candidate_evaluations_v6_hard_cases_with_sim.csv,v6_hard_cases,v6_hard_cases,v6_hard_cases::state_002_t2::constrained_support_block1_on_block3,52.58233500000001,80.39999999999999,-13.517665000000001,0.0,1.0,0.0,,0.25,0.0,0.0,0.0,0.0,0.0,0.25,52.58233500000001,66.1,-6
constrained_support_block1_on_block3,state_002_t2,2,collision_risk_bt,collision_risk_bt,experiments/bt_selection_benchmark/bt_candidates_v6_hard_cases/constrained_support_block1_on_block3/collision_risk_bt.json,place block_1 on block_3 while avoiding unstable edge and contact-risk placement,"supported_by(block_1, block_3)",block_1,block_3,1,0,1.0,1,1,0,0,6,3,1.0,0.08323,0.677596,0,1,63.812508,medium,success,0,fallback_symbolic_effects,done,experiments/bt_selection_benchmark/results/bt_candidate_evaluations_v6_hard_cases_with_sim.csv,v6_hard_cases,v6_hard_cases,v6_hard_cases::state_002_t2::constrained_support_block1_on_block3,51.87972,80.39999999999999,-14.220279999999999,0.0,0.0,0.3,feature_only:0.30,0.165,1.0,0.0,0.0,0.0,0.0,0.165,51.87972,66.1,-6
constrained_support_block1_on_block3,state_002_t2,2,unstable_over_edge_bt,unstable_over_edge_bt,experiments/bt_selection_benchmark/bt_candidates_v6_hard_cases/constrained_support_block1_on_block3/unstable_over_edge_bt.json,place block_1 on block_3 while avoiding unstable edge and contact-risk placement,"supported_by(block_1, block_3)",block_1,block_3,1,0,1.0,1,1,0,0,6,3,1.0,0.075364,0.678611,0,1,63.889138,medium,success,0,fallback_symbolic_effects,done,experiments/bt_selection_benchmark/results/bt_candidate_evaluations_v6_hard_cases_with_sim.csv,v6_hard_cases,v6_hard_cases,v6_hard_cases::state_002_t2::constrained_support_block1_on_block3,51.95330499999999,80.39999999999999,-14.146695000000001,0.0,0.10473018651750675,0.35,transformer_fused:0.35,0.2186825466293767,0.0,1.0,0.0,0.0,0.0,0.2186825466293767,51.95330499999999,66.1,-6
constrained_support_block1_on_block3,state_002_t2,2,far_offset_bt,far_offset_bt,experiments/bt_selection_benchmark/bt_candidates_v6_hard_cases/constrained_support_block1_on_block3/far_offset_bt.json,place block_1 on block_3 while avoiding unstable edge and contact-risk placement,"supported_by(block_1, block_3)",block_1,block_3,1,0,1.0,1,1,0,0,6,3,1.0,0.074917,0.559951,0,1,64.130928,medium,success,0,fallback_symbolic_effects,done,experiments/bt_selection_benchmark/results/bt_candidate_evaluations_v6_hard_cases_with_sim.csv,v6_hard_cases,v6_hard_cases,v6_hard_cases::state_002_t2::constrained_support_block1_on_block3,52.55107499999999,80.39999999999999,-13.548925,0.0,0.955509062573387,0.0,,0.23887726564334674,0.0,0.0,0.0,0.0,0.0,0.23887726564334674,52.55107499999999,66.1,-6
hard_physical_place_block3_on_block5,state_003_t3,3,stable_center_bt,stable_center_bt,experiments/bt_selection_benchmark/bt_candidates_v6_hard_cases/hard_physical_place_block3_on_block5/stable_center_bt.json,place block_3 on block_5 with physically stable placement,"supported_by(block_3, block_5)",block_3,block_5,1,1,1.0,1,1,0,0,6,3,1.0,0.001688,0.657819,1,1,164.667482,good,success,0,fallback_symbolic_effects,done,experiments/bt_selection_benchmark/results/bt_candidate_evaluations_v6_hard_cases_with_sim.csv,v6_hard_cases,v6_hard_cases,v6_hard_cases::state_003_t3::hard_physical_place_block3_on_block5,152.794025,80.39999999999999,86.694025,1.0,0.9995388280072786,0.0,,0.44988470700181965,0.0,0.0,0.0,0.0,0.0,0.44988470700181965,152.794025,66.1,-6
hard_physical_place_block3_on_block5,state_003_t3,3,symbolic_edge_bt,symbolic_edge_bt,experiments/bt_selection_benchmark/bt_candidates_v6_hard_cases/hard_physical_place_block3_on_block5/symbolic_edge_bt.json,place block_3 on block_5 with physically stable placement,"supported_by(block_3, block_5)",block_3,block_5,1,1,1.0,1,1,0,0,6,3,1.0,0.031226,0.589173,1,1,164.509394,good,success,0,fallback_symbolic_effects,done,experiments/bt_selection_benchmark/results/bt_candidate_evaluations_v6_hard_cases_with_sim.csv,v6_hard_cases,v6_hard_cases,v6_hard_cases::state_003_t3::hard_physical_place_block3_on_block5,152.841875,80.39999999999999,86.74187500000001,1.0,1.0,0.0,,0.45,0.0,0.0,0.0,0.0,0.0,0.45,152.841875,66.1,-6
hard_physical_place_block3_on_block5,state_003_t3,3,symbolic_corner_bt,symbolic_corner_bt,experiments/bt_selection_benchmark/bt_candidates_v6_hard_cases/hard_physical_place_block3_on_block5/symbolic_corner_bt.json,place block_3 on block_5 with physically stable placement,"supported_by(block_3, block_5)",block_3,block_5,1,1,1.0,1,1,0,0,6,3,1.0,0.013508,0.725139,1,1,164.414642,good,success,0,fallback_symbolic_effects,done,experiments/bt_selection_benchmark/results/bt_candidate_evaluations_v6_hard_cases_with_sim.csv,v6_hard_cases,v6_hard_cases,v6_hard_cases::state_003_t3::hard_physical_place_block3_on_block5,152.339225,80.39999999999999,86.239225,1.0,0.9951555255560847,0.0,,0.4487888813890212,0.0,0.0,0.0,0.0,0.0,0.4487888813890212,152.339225,66.1,-6
hard_physical_place_block3_on_block5,state_003_t3,3,unstable_over_edge_bt,unstable_over_edge_bt,experiments/bt_selection_benchmark/bt_candidates_v6_hard_cases/hard_physical_place_block3_on_block5/unstable_over_edge_bt.json,place block_3 on block_5 with physically stable placement,"supported_by(block_3, block_5)",block_3,block_5,1,0,1.0,1,1,0,0,6,3,1.0,0.375181,0.54985,0,1,61.14849,medium,success,0,fallback_symbolic_effects,done,experiments/bt_selection_benchmark/results/bt_candidate_evaluations_v6_hard_cases_with_sim.csv,v6_hard_cases,v6_hard_cases,v6_hard_cases::state_003_t3::hard_physical_place_block3_on_block5,49.59893999999999,80.39999999999999,-16.50106,1.0,0.0049582012885155125,0.0,,0.2012395503221289,0.0,0.0,0.0,0.0,0.0,0.2012395503221289,49.59893999999999,66.1,-6
hard_physical_place_block3_on_block5,state_003_t3,3,collision_far_offset_bt,collision_far_offset_bt,experiments/bt_selection_benchmark/bt_candidates_v6_hard_cases/hard_physical_place_block3_on_block5/collision_far_offset_bt.json,place block_3 on block_5 with physically stable placement,"supported_by(block_3, block_5)",block_3,block_5,1,0,1.0,1,1,0,0,6,3,1.0,0.373897,0.655308,0,1,60.950414,medium,success,0,fallback_symbolic_effects,done,experiments/bt_selection_benchmark/results/bt_candidate_evaluations_v6_hard_cases_with_sim.csv,v6_hard_cases,v6_hard_cases,v6_hard_cases::state_003_t3::hard_physical_place_block3_on_block5,49.08449000000001,80.39999999999999,-17.01551,1.0,0.0,0.0,,0.2,0.0,0.0,0.0,0.0,0.0,0.2,49.08449000000001,66.1,-6
hard_physical_place_block3_on_block5,state_003_t3,3,missing_precondition_bt,missing_precondition_bt,experiments/bt_selection_benchmark/bt_candidates_v6_hard_cases/hard_physical_place_block3_on_block5/missing_precondition_bt.json,place block_3 on block_5 with physically stable placement,"supported_by(block_3, block_5)",block_3,block_5,1,1,1.0,1,1,0,0,5,3,0.5,0.001063,0.753421,1,1,154.982528,good,success,0,fallback_symbolic_effects,done,experiments/bt_selection_benchmark/results/bt_candidate_evaluations_v6_hard_cases_with_sim.csv,v6_hard_cases,v6_hard_cases,v6_hard_cases::state_003_t3::hard_physical_place_block3_on_block5,152.82226500000002,73.39999999999999,86.222265,0.0,0.9949920673116425,0.95,feature_only:0.30;shortest_tree:0.05;symbolic_only:0.10;transformer_fused:0.35;transformer_only:0.15,0.7712480168279106,1.0,1.0,1.0,1.0,1.0,0.7712480168279106,152.82226500000002,66.6,-5
hard_physical_place_block1_on_block5,state_003_t3,3,stable_center_bt,stable_center_bt,experiments/bt_selection_benchmark/bt_candidates_v6_hard_cases/hard_physical_place_block1_on_block5/stable_center_bt.json,place block_1 on block_5 with physically stable placement,"supported_by(block_1, block_5)",block_1,block_5,1,1,1.0,1,1,0,0,6,3,1.0,0.010671,0.672371,1,1,164.548548,good,success,0,fallback_symbolic_effects,done,experiments/bt_selection_benchmark/results/bt_candidate_evaluations_v6_hard_cases_with_sim.csv,v6_hard_cases,v6_hard_cases,v6_hard_cases::state_003_t3::hard_physical_place_block1_on_block5,152.631435,80.39999999999999,86.53143499999999,1.0,0.9996306823656368,0.0,,0.44990767059140924,0.0,0.0,0.0,0.0,0.0,0.44990767059140924,152.631435,66.1,-6
hard_physical_place_block1_on_block5,state_003_t3,3,symbolic_edge_bt,symbolic_edge_bt,experiments/bt_selection_benchmark/bt_candidates_v6_hard_cases/hard_physical_place_block1_on_block5/symbolic_edge_bt.json,place block_1 on block_5 with physically stable placement,"supported_by(block_1, block_5)",block_1,block_5,1,1,1.0,1,1,0,0,6,3,1.0,0.019903,0.690419,1,1,164.420132,good,success,0,fallback_symbolic_effects,done,experiments/bt_selection_benchmark/results/bt_candidate_evaluations_v6_hard_cases_with_sim.csv,v6_hard_cases,v6_hard_cases,v6_hard_cases::state_003_t3::hard_physical_place_block1_on_block5,152.44887500000002,80.39999999999999,86.348875,1.0,0.9978716782610372,0.0,,0.44946791956525933,0.0,0.0,0.0,0.0,0.0,0.44946791956525933,152.44887500000002,66.1,-6
hard_physical_place_block1_on_block5,state_003_t3,3,symbolic_corner_bt,symbolic_corner_bt,experiments/bt_selection_benchmark/bt_candidates_v6_hard_cases/hard_physical_place_block1_on_block5/symbolic_corner_bt.json,place block_1 on block_5 with physically stable placement,"supported_by(block_1, block_5)",block_1,block_5,1,1,1.0,1,1,0,0,6,3,1.0,0.005112,0.675823,1,1,164.597234,good,success,0,fallback_symbolic_effects,done,experiments/bt_selection_benchmark/results/bt_candidate_evaluations_v6_hard_cases_with_sim.csv,v6_hard_cases,v6_hard_cases,v6_hard_cases::state_003_t3::hard_physical_place_block1_on_block5,152.66976499999998,80.39999999999999,86.569765,1.0,1.0,0.0,,0.45,0.0,0.0,0.0,0.0,0.0,0.45,152.66976499999998,66.1,-6
hard_physical_place_block1_on_block5,state_003_t3,3,unstable_over_edge_bt,unstable_over_edge_bt,experiments/bt_selection_benchmark/bt_candidates_v6_hard_cases/hard_physical_place_block1_on_block5/unstable_over_edge_bt.json,place block_1 on block_5 with physically stable placement,"supported_by(block_1, block_5)",block_1,block_5,1,0,1.0,1,1,0,0,6,3,1.0,0.379374,0.684499,0,1,60.837262,medium,success,0,fallback_symbolic_effects,done,experiments/bt_selection_benchmark/results/bt_candidate_evaluations_v6_hard_cases_with_sim.csv,v6_hard_cases,v6_hard_cases,v6_hard_cases::state_003_t3::hard_physical_place_block1_on_block5,48.883765000000004,80.39999999999999,-17.216234999999998,1.0,0.0,0.0,,0.2,0.0,0.0,0.0,0.0,0.0,0.2,48.883765000000004,66.1,-6
hard_physical_place_block1_on_block5,state_003_t3,3,collision_far_offset_bt,collision_far_offset_bt,experiments/bt_selection_benchmark/bt_candidates_v6_hard_cases/hard_physical_place_block1_on_block5/collision_far_offset_bt.json,place block_1 on block_5 with physically stable placement,"supported_by(block_1, block_5)",block_1,block_5,1,0,1.0,1,1,0,0,6,3,1.0,0.375405,0.618994,0,1,61.007962,medium,success,0,fallback_symbolic_effects,done,experiments/bt_selection_benchmark/results/bt_candidate_evaluations_v6_hard_cases_with_sim.csv,v6_hard_cases,v6_hard_cases,v6_hard_cases::state_003_t3::hard_physical_place_block1_on_block5,49.25097999999999,80.39999999999999,-16.84902,1.0,0.0035381939760661175,0.0,,0.20088454849401655,0.0,0.0,0.0,0.0,0.0,0.20088454849401655,49.25097999999999,66.1,-6
hard_physical_place_block1_on_block5,state_003_t3,3,missing_precondition_bt,missing_precondition_bt,experiments/bt_selection_benchmark/bt_candidates_v6_hard_cases/hard_physical_place_block1_on_block5/missing_precondition_bt.json,place block_1 on block_5 with physically stable placement,"supported_by(block_1, block_5)",block_1,block_5,1,1,1.0,1,1,0,0,5,3,0.5,0.009573,0.676815,1,1,155.05064,good,success,0,fallback_symbolic_effects,done,experiments/bt_selection_benchmark/results/bt_candidate_evaluations_v6_hard_cases_with_sim.csv,v6_hard_cases,v6_hard_cases,v6_hard_cases::state_003_t3::hard_physical_place_block1_on_block5,153.120195,73.39999999999999,86.520195,0.0,0.999522382594955,0.95,feature_only:0.30;shortest_tree:0.05;symbolic_only:0.10;transformer_fused:0.35;transformer_only:0.15,0.7723805956487387,1.0,1.0,1.0,1.0,1.0,0.7723805956487387,153.120195,66.6,-5
long_horizon_clear_then_stack_block2_on_block3,state_003_t3,3,correct_order_bt,correct_order_bt,experiments/bt_selection_benchmark/bt_candidates_v6_hard_cases/long_horizon_clear_then_stack_block2_on_block3/correct_order_bt.json,"move block_4 away, then stack block_2 on block_3","supported_by(block_2, block_3)",block_2,block_3,1,0,1.0,1,2,0,0,9,3,1.0,0.069012,0.888598,0,1,61.032684,medium,success,0,fallback_symbolic_effects,done,experiments/bt_selection_benchmark/results/bt_candidate_evaluations_v6_hard_cases_with_sim.csv,v6_hard_cases,v6_hard_cases,v6_hard_cases::state_003_t3::long_horizon_clear_then_stack_block2_on_block3,49.466890000000014,78.39999999999999,-15.13311,1.0,0.6312254181946699,0.0,,0.3578063545486675,0.0,0.0,0.0,0.0,0.0,0.3578063545486675,49.466890000000014,64.6,-9
long_horizon_clear_then_stack_block2_on_block3,state_003_t3,3,wrong_order_bt,wrong_order_bt,experiments/bt_selection_benchmark/bt_candidates_v6_hard_cases/long_horizon_clear_then_stack_block2_on_block3/wrong_order_bt.json,"move block_4 away, then stack block_2 on block_3","supported_by(block_2, block_3)",block_2,block_3,1,0,1.0,1,2,0,0,9,3,1.0,0.079792,0.886052,0,1,60.929976,medium,success,0,fallback_symbolic_effects,done,experiments/bt_selection_benchmark/results/bt_candidate_evaluations_v6_hard_cases_with_sim.csv,v6_hard_cases,v6_hard_cases,v6_hard_cases::state_003_t3::long_horizon_clear_then_stack_block2_on_block3,49.37181999999999,78.39999999999999,-15.22818,1.0,0.6188950387310357,0.35,transformer_fused:0.35,0.5472237596827589,0.0,1.0,0.0,0.0,0.0,0.5472237596827589,49.37181999999999,64.6,-9
long_horizon_clear_then_stack_block2_on_block3,state_003_t3,3,missing_clear_bt,missing_clear_bt,experiments/bt_selection_benchmark/bt_candidates_v6_hard_cases/long_horizon_clear_then_stack_block2_on_block3/missing_clear_bt.json,"move block_4 away, then stack block_2 on block_3","supported_by(block_2, block_3)",block_2,block_3,1,0,1.0,1,1,0,0,4,3,0.0,0.071131,0.625452,0,1,45.037786,bad,success,0,fallback_symbolic_effects,done,experiments/bt_selection_benchmark/results/bt_candidate_evaluations_v6_hard_cases_with_sim.csv,v6_hard_cases,v6_hard_cases,v6_hard_cases::state_003_t3::long_horizon_clear_then_stack_block2_on_block3,53.26143,66.39999999999999,-13.83857,0.8823529411764706,0.7991245391671448,0.6,feature_only:0.30;shortest_tree:0.05;symbolic_only:0.10;transformer_only:0.15,0.7062517230270803,1.0,0.0,1.0,1.0,1.0,0.7062517230270803,53.26143,67.1,-4
long_horizon_clear_then_stack_block2_on_block3,state_003_t3,3,redundant_repair_bt,redundant_repair_bt,experiments/bt_selection_benchmark/bt_candidates_v6_hard_cases/long_horizon_clear_then_stack_block2_on_block3/redundant_repair_bt.json,"move block_4 away, then stack block_2 on block_3","supported_by(block_2, block_3)",block_2,block_3,1,0,1.0,1,3,0,0,12,3,1.0,0.073557,0.896746,0,1,58.470938,bad,success,0,fallback_symbolic_effects,done,experiments/bt_selection_benchmark/results/bt_candidate_evaluations_v6_hard_cases_with_sim.csv,v6_hard_cases,v6_hard_cases,v6_hard_cases::state_003_t3::long_horizon_clear_then_stack_block2_on_block3,47.88070000000001,76.39999999999999,-15.2193,0.9803921568627451,0.6200467560933693,0.0,,0.3510901203958914,0.0,0.0,0.0,0.0,0.0,0.3510901203958914,47.88070000000001,63.1,-12
long_horizon_clear_then_stack_block2_on_block3,state_003_t3,3,wrong_support_bt,wrong_support_bt,experiments/bt_selection_benchmark/bt_candidates_v6_hard_cases/long_horizon_clear_then_stack_block2_on_block3/wrong_support_bt.json,"move block_4 away, then stack block_2 on block_3","supported_by(block_2, block_3)",block_2,block_3,0,0,0.0,1,1,0,0,6,3,0.5,0.003226,0.451503,0,1,-14.935266,bad,success,0,fallback_symbolic_effects,done,experiments/bt_selection_benchmark/results/bt_candidate_evaluations_v6_hard_cases_with_sim.csv,v6_hard_cases,v6_hard_cases,v6_hard_cases::state_003_t3::long_horizon_clear_then_stack_block2_on_block3,-16.189774999999997,2.9,-12.289774999999999,0.25980392156862747,1.0,0.0,,0.3019607843137255,0.0,0.0,0.0,0.0,0.0,0.3019607843137255,-16.189774999999997,-3.9,-6
long_horizon_clear_then_stack_block2_on_block3,state_003_t3,3,unsafe_or_invalid_bt,unsafe_or_invalid_bt,experiments/bt_selection_benchmark/bt_candidates_v6_hard_cases/long_horizon_clear_then_stack_block2_on_block3/unsafe_or_invalid_bt.json,"move block_4 away, then stack block_2 on block_3","supported_by(block_2, block_3)",block_2,block_3,0,0,0.0,1,1,0,2,4,3,0.0,1.0,0.0,0,1,-33.0,bad,success,0,fallback_symbolic_effects,skipped,experiments/bt_selection_benchmark/results/bt_candidate_evaluations_v6_hard_cases_with_sim.csv,v6_hard_cases,v6_hard_cases,v6_hard_cases::state_003_t3::long_horizon_clear_then_stack_block2_on_block3,-22.9,-23.599999999999998,-20.0,0.0,0.0,0.0,,0.0,0.0,0.0,0.0,0.0,0.0,0.0,-22.9,-2.9,-4
long_horizon_prepare_then_stack_block1_on_block3,state_003_t3,3,correct_order_bt,correct_order_bt,experiments/bt_selection_benchmark/bt_candidates_v6_hard_cases/long_horizon_prepare_then_stack_block1_on_block3/correct_order_bt.json,"move block_2 away, then stack block_1 on block_3","supported_by(block_1, block_3)",block_1,block_3,1,0,1.0,1,2,0,0,9,3,1.0,0.074106,0.616594,0,1,61.525752,medium,success,0,fallback_symbolic_effects,done,experiments/bt_selection_benchmark/results/bt_candidate_evaluations_v6_hard_cases_with_sim.csv,v6_hard_cases,v6_hard_cases,v6_hard_cases::state_003_t3::long_horizon_prepare_then_stack_block1_on_block3,50.775969999999994,78.39999999999999,-13.82403,1.0,0.9147261103290051,0.0,,0.4286815275822513,0.0,0.0,0.0,0.0,0.0,0.4286815275822513,50.775969999999994,64.6,-9
long_horizon_prepare_then_stack_block1_on_block3,state_003_t3,3,wrong_order_bt,wrong_order_bt,experiments/bt_selection_benchmark/bt_candidates_v6_hard_cases/long_horizon_prepare_then_stack_block1_on_block3/wrong_order_bt.json,"move block_2 away, then stack block_1 on block_3","supported_by(block_1, block_3)",block_1,block_3,1,0,1.0,1,2,0,0,9,3,1.0,0.0796,0.490457,0,1,61.723086,medium,success,0,fallback_symbolic_effects,done,experiments/bt_selection_benchmark/results/bt_candidate_evaluations_v6_hard_cases_with_sim.csv,v6_hard_cases,v6_hard_cases,v6_hard_cases::state_003_t3::long_horizon_prepare_then_stack_block1_on_block3,51.35171499999999,78.39999999999999,-13.248285,1.0,1.0,0.0,,0.45,0.0,0.0,0.0,0.0,0.0,0.45,51.35171499999999,64.6,-9
long_horizon_prepare_then_stack_block1_on_block3,state_003_t3,3,missing_clear_bt,missing_clear_bt,experiments/bt_selection_benchmark/bt_candidates_v6_hard_cases/long_horizon_prepare_then_stack_block1_on_block3/missing_clear_bt.json,"move block_2 away, then stack block_1 on block_3","supported_by(block_1, block_3)",block_1,block_3,1,0,1.0,1,1,0,0,4,3,0.0,0.079475,0.643563,0,1,44.918124,bad,success,0,fallback_symbolic_effects,done,experiments/bt_selection_benchmark/results/bt_candidate_evaluations_v6_hard_cases_with_sim.csv,v6_hard_cases,v6_hard_cases,v6_hard_cases::state_003_t3::long_horizon_prepare_then_stack_block1_on_block3,53.087435000000006,66.39999999999999,-14.012565,0.8823529411764706,0.8868020939864907,0.95,feature_only:0.30;shortest_tree:0.05;symbolic_only:0.10;transformer_fused:0.35;transformer_only:0.15,0.9206711117319168,1.0,1.0,1.0,1.0,1.0,0.9206711117319168,53.087435000000006,67.1,-4
long_horizon_prepare_then_stack_block1_on_block3,state_003_t3,3,redundant_repair_bt,redundant_repair_bt,experiments/bt_selection_benchmark/bt_candidates_v6_hard_cases/long_horizon_prepare_then_stack_block1_on_block3/redundant_repair_bt.json,"move block_2 away, then stack block_1 on block_3","supported_by(block_1, block_3)",block_1,block_3,1,0,1.0,1,3,0,0,12,3,1.0,0.078996,0.591132,0,1,59.027776,bad,success,0,fallback_symbolic_effects,done,experiments/bt_selection_benchmark/results/bt_candidate_evaluations_v6_hard_cases_with_sim.csv,v6_hard_cases,v6_hard_cases,v6_hard_cases::state_003_t3::long_horizon_prepare_then_stack_block1_on_block3,49.35438000000001,76.39999999999999,-13.745619999999999,0.9803921568627451,0.9263394559752597,0.0,,0.42766329536636394,0.0,0.0,0.0,0.0,0.0,0.42766329536636394,49.35438000000001,63.1,-12
long_horizon_prepare_then_stack_block1_on_block3,state_003_t3,3,wrong_support_bt,wrong_support_bt,experiments/bt_selection_benchmark/bt_candidates_v6_hard_cases/long_horizon_prepare_then_stack_block1_on_block3/wrong_support_bt.json,"move block_2 away, then stack block_1 on block_3","supported_by(block_1, block_3)",block_1,block_3,0,0,0.0,1,1,0,0,6,3,0.5,0.001449,0.695289,0,1,-15.405068,bad,success,0,fallback_symbolic_effects,done,experiments/bt_selection_benchmark/results/bt_candidate_evaluations_v6_hard_cases_with_sim.csv,v6_hard_cases,v6_hard_cases,v6_hard_cases::state_003_t3::long_horizon_prepare_then_stack_block1_on_block3,-17.390935,2.9,-13.490935,0.25980392156862747,0.9640609830243129,0.0,,0.2929760300698037,0.0,0.0,0.0,0.0,0.0,0.2929760300698037,-17.390935,-3.9,-6
long_horizon_prepare_then_stack_block1_on_block3,state_003_t3,3,unsafe_or_invalid_bt,unsafe_or_invalid_bt,experiments/bt_selection_benchmark/bt_candidates_v6_hard_cases/long_horizon_prepare_then_stack_block1_on_block3/unsafe_or_invalid_bt.json,"move block_2 away, then stack block_1 on block_3","supported_by(block_1, block_3)",block_1,block_3,0,0,0.0,1,1,0,2,4,3,0.0,1.0,0.0,0,1,-33.0,bad,success,0,fallback_symbolic_effects,skipped,experiments/bt_selection_benchmark/results/bt_candidate_evaluations_v6_hard_cases_with_sim.csv,v6_hard_cases,v6_hard_cases,v6_hard_cases::state_003_t3::long_horizon_prepare_then_stack_block1_on_block3,-22.9,-23.599999999999998,-20.0,0.0,0.0,0.0,,0.0,0.0,0.0,0.0,0.0,0.0,0.0,-22.9,-2.9,-4
constrained_support_block3_on_block1,state_003_t3,3,stable_center_bt,stable_center_bt,experiments/bt_selection_benchmark/bt_candidates_v6_hard_cases/constrained_support_block3_on_block1/stable_center_bt.json,place block_3 on block_1 while avoiding unstable edge and contact-risk placement,"supported_by(block_3, block_1)",block_3,block_1,1,0,1.0,1,1,0,0,6,3,1.0,0.078492,0.693247,0,1,63.828586,medium,success,0,fallback_symbolic_effects,done,experiments/bt_selection_benchmark/results/bt_candidate_evaluations_v6_hard_cases_with_sim.csv,v6_hard_cases,v6_hard_cases,v6_hard_cases::state_003_t3::constrained_support_block3_on_block1,51.848845000000004,80.39999999999999,-14.251155,0.0,0.4111174112558668,0.15000000000000002,shortest_tree:0.05;symbolic_only:0.10,0.18527935281396674,0.0,0.0,0.0,1.0,1.0,0.18527935281396674,51.848845000000004,66.1,-6
constrained_support_block3_on_block1,state_003_t3,3,narrow_edge_bt,narrow_edge_bt,experiments/bt_selection_benchmark/bt_candidates_v6_hard_cases/constrained_support_block3_on_block1/narrow_edge_bt.json,place block_3 on block_1 while avoiding unstable edge and contact-risk placement,"supported_by(block_3, block_1)",block_3,block_1,1,0,1.0,1,1,0,0,6,3,1.0,0.088133,0.654124,0,1,63.810422,medium,success,0,fallback_symbolic_effects,done,experiments/bt_selection_benchmark/results/bt_candidate_evaluations_v6_hard_cases_with_sim.csv,v6_hard_cases,v6_hard_cases,v6_hard_cases::state_003_t3::constrained_support_block3_on_block1,51.94805,80.39999999999999,-14.15195,0.0,0.5419325913814026,0.44999999999999996,feature_only:0.30;transformer_only:0.15,0.38298314784535065,1.0,0.0,1.0,0.0,0.0,0.38298314784535065,51.94805,66.1,-6
constrained_support_block3_on_block1,state_003_t3,3,symbolic_edge_bt,symbolic_edge_bt,experiments/bt_selection_benchmark/bt_candidates_v6_hard_cases/constrained_support_block3_on_block1/symbolic_edge_bt.json,place block_3 on block_1 while avoiding unstable edge and contact-risk placement,"supported_by(block_3, block_1)",block_3,block_1,1,0,1.0,1,1,0,0,6,3,1.0,0.078468,0.603978,0,1,64.007364,medium,success,0,fallback_symbolic_effects,done,experiments/bt_selection_benchmark/results/bt_candidate_evaluations_v6_hard_cases_with_sim.csv,v6_hard_cases,v6_hard_cases,v6_hard_cases::state_003_t3::constrained_support_block3_on_block1,52.29543,80.39999999999999,-13.80457,0.0,1.0,0.0,,0.25,0.0,0.0,0.0,0.0,0.0,0.25,52.29543,66.1,-6
constrained_support_block3_on_block1,state_003_t3,3,collision_risk_bt,collision_risk_bt,experiments/bt_selection_benchmark/bt_candidates_v6_hard_cases/constrained_support_block3_on_block1/collision_risk_bt.json,place block_3 on block_1 while avoiding unstable edge and contact-risk placement,"supported_by(block_3, block_1)",block_3,block_1,1,0,1.0,1,1,0,0,6,3,1.0,0.081812,0.605706,0,1,63.970468,medium,success,0,fallback_symbolic_effects,done,experiments/bt_selection_benchmark/results/bt_candidate_evaluations_v6_hard_cases_with_sim.csv,v6_hard_cases,v6_hard_cases,v6_hard_cases::state_003_t3::constrained_support_block3_on_block1,52.253350000000005,80.39999999999999,-13.84665,0.0,0.9445118413418424,0.35,transformer_fused:0.35,0.4286279603354606,0.0,1.0,0.0,0.0,0.0,0.4286279603354606,52.253350000000005,66.1,-6
constrained_support_block3_on_block1,state_003_t3,3,unstable_over_edge_bt,unstable_over_edge_bt,experiments/bt_selection_benchmark/bt_candidates_v6_hard_cases/constrained_support_block3_on_block1/unstable_over_edge_bt.json,place block_3 on block_1 while avoiding unstable edge and contact-risk placement,"supported_by(block_3, block_1)",block_3,block_1,1,0,1.0,1,1,0,0,6,3,1.0,0.086883,0.73882,0,1,63.65353,medium,success,0,fallback_symbolic_effects,done,experiments/bt_selection_benchmark/results/bt_candidate_evaluations_v6_hard_cases_with_sim.csv,v6_hard_cases,v6_hard_cases,v6_hard_cases::state_003_t3::constrained_support_block3_on_block1,51.53706999999999,80.39999999999999,-14.56293,0.0,0.0,0.0,,0.0,0.0,0.0,0.0,0.0,0.0,0.0,51.53706999999999,66.1,-6
constrained_support_block3_on_block1,state_003_t3,3,far_offset_bt,far_offset_bt,experiments/bt_selection_benchmark/bt_candidates_v6_hard_cases/constrained_support_block3_on_block1/far_offset_bt.json,place block_3 on block_1 while avoiding unstable edge and contact-risk placement,"supported_by(block_3, block_1)",block_3,block_1,1,0,1.0,1,1,0,0,6,3,1.0,0.092516,0.614243,0,1,63.846354,medium,success,0,fallback_symbolic_effects,done,experiments/bt_selection_benchmark/results/bt_candidate_evaluations_v6_hard_cases_with_sim.csv,v6_hard_cases,v6_hard_cases,v6_hard_cases::state_003_t3::constrained_support_block3_on_block1,52.103625,80.39999999999999,-13.996375,0.0,0.7470792235877413,0.0,,0.18676980589693531,0.0,0.0,0.0,0.0,0.0,0.18676980589693531,52.103625,66.1,-6
constrained_support_block1_on_block3,state_003_t3,3,stable_center_bt,stable_center_bt,experiments/bt_selection_benchmark/bt_candidates_v6_hard_cases/constrained_support_block1_on_block3/stable_center_bt.json,place block_1 on block_3 while avoiding unstable edge and contact-risk placement,"supported_by(block_1, block_3)",block_1,block_3,1,0,1.0,1,1,0,0,6,3,1.0,0.072061,0.566579,0,1,64.146232,medium,success,0,fallback_symbolic_effects,done,experiments/bt_selection_benchmark/results/bt_candidate_evaluations_v6_hard_cases_with_sim.csv,v6_hard_cases,v6_hard_cases,v6_hard_cases::state_003_t3::constrained_support_block1_on_block3,52.546495000000014,80.39999999999999,-13.553505000000001,0.0,0.9926136202702147,0.15000000000000002,shortest_tree:0.05;symbolic_only:0.10,0.3306534050675537,0.0,0.0,0.0,1.0,1.0,0.3306534050675537,52.546495000000014,66.1,-6
constrained_support_block1_on_block3,state_003_t3,3,narrow_edge_bt,narrow_edge_bt,experiments/bt_selection_benchmark/bt_candidates_v6_hard_cases/constrained_support_block1_on_block3/narrow_edge_bt.json,place block_1 on block_3 while avoiding unstable edge and contact-risk placement,"supported_by(block_1, block_3)",block_1,block_3,1,0,1.0,1,1,0,0,6,3,1.0,0.088164,0.807511,0,1,63.503338,medium,success,0,fallback_symbolic_effects,done,experiments/bt_selection_benchmark/results/bt_candidate_evaluations_v6_hard_cases_with_sim.csv,v6_hard_cases,v6_hard_cases,v6_hard_cases::state_003_t3::constrained_support_block1_on_block3,51.180805,80.39999999999999,-14.919195,0.0,0.7060774767346347,0.44999999999999996,feature_only:0.30;transformer_only:0.15,0.4240193691836587,1.0,0.0,1.0,0.0,0.0,0.4240193691836587,51.180805,66.1,-6
constrained_support_block1_on_block3,state_003_t3,3,symbolic_edge_bt,symbolic_edge_bt,experiments/bt_selection_benchmark/bt_candidates_v6_hard_cases/constrained_support_block1_on_block3/symbolic_edge_bt.json,place block_1 on block_3 while avoiding unstable edge and contact-risk placement,"supported_by(block_1, block_3)",block_1,block_3,1,0,1.0,1,1,0,0,6,3,1.0,0.073441,0.757248,0,1,63.751094,medium,success,0,fallback_symbolic_effects,done,experiments/bt_selection_benchmark/results/bt_candidate_evaluations_v6_hard_cases_with_sim.csv,v6_hard_cases,v6_hard_cases,v6_hard_cases::state_003_t3::constrained_support_block1_on_block3,51.57935,80.39999999999999,-14.52065,0.0,0.7896964146527479,0.35,transformer_fused:0.35,0.38992410366318697,0.0,1.0,0.0,0.0,0.0,0.38992410366318697,51.57935,66.1,-6
constrained_support_block1_on_block3,state_003_t3,3,collision_risk_bt,collision_risk_bt,experiments/bt_selection_benchmark/bt_candidates_v6_hard_cases/constrained_support_block1_on_block3/collision_risk_bt.json,place block_1 on block_3 while avoiding unstable edge and contact-risk placement,"supported_by(block_1, block_3)",block_1,block_3,1,0,1.0,1,1,0,0,6,3,1.0,0.089431,0.524798,0,1,64.056094,medium,success,0,fallback_symbolic_effects,done,experiments/bt_selection_benchmark/results/bt_candidate_evaluations_v6_hard_cases_with_sim.csv,v6_hard_cases,v6_hard_cases,v6_hard_cases::state_003_t3::constrained_support_block1_on_block3,52.58169999999999,80.39999999999999,-13.5183,0.0,1.0,0.0,,0.25,0.0,0.0,0.0,0.0,0.0,0.25,52.58169999999999,66.1,-6
constrained_support_block1_on_block3,state_003_t3,3,unstable_over_edge_bt,unstable_over_edge_bt,experiments/bt_selection_benchmark/bt_candidates_v6_hard_cases/constrained_support_block1_on_block3/unstable_over_edge_bt.json,place block_1 on block_3 while avoiding unstable edge and contact-risk placement,"supported_by(block_1, block_3)",block_1,block_3,1,0,1.0,1,1,0,0,6,3,1.0,0.072189,0.604554,0,1,64.069002,medium,success,0,fallback_symbolic_effects,done,experiments/bt_selection_benchmark/results/bt_candidate_evaluations_v6_hard_cases_with_sim.csv,v6_hard_cases,v6_hard_cases,v6_hard_cases::state_003_t3::constrained_support_block1_on_block3,52.355340000000005,80.39999999999999,-13.74466,0.0,0.9525072882933068,0.0,,0.2381268220733267,0.0,0.0,0.0,0.0,0.0,0.2381268220733267,52.355340000000005,66.1,-6
constrained_support_block1_on_block3,state_003_t3,3,far_offset_bt,far_offset_bt,experiments/bt_selection_benchmark/bt_candidates_v6_hard_cases/constrained_support_block1_on_block3/far_offset_bt.json,place block_1 on block_3 while avoiding unstable edge and contact-risk placement,"supported_by(block_1, block_3)",block_1,block_3,1,0,1.0,1,1,0,0,6,3,1.0,0.460203,0.736495,0,1,59.92498,bad,success,0,fallback_symbolic_effects,done,experiments/bt_selection_benchmark/results/bt_candidate_evaluations_v6_hard_cases_with_sim.csv,v6_hard_cases,v6_hard_cases,v6_hard_cases::state_003_t3::constrained_support_block1_on_block3,47.815495000000006,80.39999999999999,-18.284505,0.0,0.0,0.0,,0.0,0.0,0.0,0.0,0.0,0.0,0.0,47.815495000000006,66.1,-6
hard_physical_place_block3_on_block5,state_004_t4,4,stable_center_bt,stable_center_bt,experiments/bt_selection_benchmark/bt_candidates_v6_hard_cases/hard_physical_place_block3_on_block5/stable_center_bt.json,place block_3 on block_5 with physically stable placement,"supported_by(block_3, block_5)",block_3,block_5,1,1,1.0,1,1,0,0,6,3,1.0,0.000332,0.6296,1,1,164.73748,good,success,0,fallback_symbolic_effects,done,experiments/bt_selection_benchmark/results/bt_candidate_evaluations_v6_hard_cases_with_sim.csv,v6_hard_cases,v6_hard_cases,v6_hard_cases::state_004_t4::hard_physical_place_block3_on_block5,152.94868,80.39999999999999,86.84868,1.0,1.0,0.0,,0.45,0.0,0.0,0.0,0.0,0.0,0.45,152.94868,66.1,-6
hard_physical_place_block3_on_block5,state_004_t4,4,symbolic_edge_bt,symbolic_edge_bt,experiments/bt_selection_benchmark/bt_candidates_v6_hard_cases/hard_physical_place_block3_on_block5/symbolic_edge_bt.json,place block_3 on block_5 with physically stable placement,"supported_by(block_3, block_5)",block_3,block_5,1,1,1.0,1,1,0,0,6,3,1.0,0.028938,0.656958,1,1,164.396704,good,success,0,fallback_symbolic_effects,done,experiments/bt_selection_benchmark/results/bt_candidate_evaluations_v6_hard_cases_with_sim.csv,v6_hard_cases,v6_hard_cases,v6_hard_cases::state_004_t4::hard_physical_place_block3_on_block5,152.52583,80.39999999999999,86.42583,1.0,0.9959359767120942,0.0,,0.4489839941780236,0.0,0.0,0.0,0.0,0.0,0.4489839941780236,152.52583,66.1,-6
hard_physical_place_block3_on_block5,state_004_t4,4,symbolic_corner_bt,symbolic_corner_bt,experiments/bt_selection_benchmark/bt_candidates_v6_hard_cases/hard_physical_place_block3_on_block5/symbolic_corner_bt.json,place block_3 on block_5 with physically stable placement,"supported_by(block_3, block_5)",block_3,block_5,1,1,1.0,1,1,0,0,6,3,1.0,0.0097,0.76323,1,1,164.37654,good,success,0,fallback_symbolic_effects,done,experiments/bt_selection_benchmark/results/bt_candidate_evaluations_v6_hard_cases_with_sim.csv,v6_hard_cases,v6_hard_cases,v6_hard_cases::state_004_t4::hard_physical_place_block3_on_block5,152.18685,80.39999999999999,86.08685000000001,1.0,0.9926780303620072,0.0,,0.4481695075905018,0.0,0.0,0.0,0.0,0.0,0.4481695075905018,152.18685,66.1,-6
hard_physical_place_block3_on_block5,state_004_t4,4,unstable_over_edge_bt,unstable_over_edge_bt,experiments/bt_selection_benchmark/bt_candidates_v6_hard_cases/hard_physical_place_block3_on_block5/unstable_over_edge_bt.json,place block_3 on block_5 with physically stable placement,"supported_by(block_3, block_5)",block_3,block_5,1,0,1.0,1,1,0,0,6,3,1.0,0.371347,0.696998,0,1,60.892534,medium,success,0,fallback_symbolic_effects,done,experiments/bt_selection_benchmark/results/bt_candidate_evaluations_v6_hard_cases_with_sim.csv,v6_hard_cases,v6_hard_cases,v6_hard_cases::state_004_t4::hard_physical_place_block3_on_block5,48.901540000000004,80.39999999999999,-17.19846,1.0,0.0,0.0,,0.2,0.0,0.0,0.0,0.0,0.0,0.2,48.901540000000004,66.1,-6
hard_physical_place_block3_on_block5,state_004_t4,4,collision_far_offset_bt,collision_far_offset_bt,experiments/bt_selection_benchmark/bt_candidates_v6_hard_cases/hard_physical_place_block3_on_block5/collision_far_offset_bt.json,place block_3 on block_5 with physically stable placement,"supported_by(block_3, block_5)",block_3,block_5,1,0,1.0,1,1,0,0,6,3,1.0,0.369236,0.612339,0,1,61.082962,medium,success,0,fallback_symbolic_effects,done,experiments/bt_selection_benchmark/results/bt_candidate_evaluations_v6_hard_cases_with_sim.csv,v6_hard_cases,v6_hard_cases,v6_hard_cases::state_004_t4::hard_physical_place_block3_on_block5,49.34594500000001,80.39999999999999,-16.754055,1.0,0.004271189001446842,0.0,,0.20106779725036172,0.0,0.0,0.0,0.0,0.0,0.20106779725036172,49.34594500000001,66.1,-6
hard_physical_place_block3_on_block5,state_004_t4,4,missing_precondition_bt,missing_precondition_bt,experiments/bt_selection_benchmark/bt_candidates_v6_hard_cases/hard_physical_place_block3_on_block5/missing_precondition_bt.json,place block_3 on block_5 with physically stable placement,"supported_by(block_3, block_5)",block_3,block_5,1,1,1.0,1,1,0,0,5,3,0.5,0.00408,0.696031,1,1,155.067138,good,success,0,fallback_symbolic_effects,done,experiments/bt_selection_benchmark/results/bt_candidate_evaluations_v6_hard_cases_with_sim.csv,v6_hard_cases,v6_hard_cases,v6_hard_cases::state_004_t4::hard_physical_place_block3_on_block5,153.079045,73.39999999999999,86.479045,0.0,0.9964474275794606,0.95,feature_only:0.30;shortest_tree:0.05;symbolic_only:0.10;transformer_fused:0.35;transformer_only:0.15,0.7716118568948651,1.0,1.0,1.0,1.0,1.0,0.7716118568948651,153.079045,66.6,-5
hard_physical_place_block1_on_block5,state_004_t4,4,stable_center_bt,stable_center_bt,experiments/bt_selection_benchmark/bt_candidates_v6_hard_cases/hard_physical_place_block1_on_block5/stable_center_bt.json,place block_1 on block_5 with physically stable placement,"supported_by(block_1, block_5)",block_1,block_5,1,1,1.0,1,1,0,0,6,3,1.0,0.010828,0.581266,1,1,164.729188,good,success,0,fallback_symbolic_effects,done,experiments/bt_selection_benchmark/results/bt_candidate_evaluations_v6_hard_cases_with_sim.csv,v6_hard_cases,v6_hard_cases,v6_hard_cases::state_004_t4::hard_physical_place_block1_on_block5,153.08539,80.39999999999999,86.98539000000001,1.0,0.9995100654360918,0.0,,0.44987751635902296,0.0,0.0,0.0,0.0,0.0,0.44987751635902296,153.08539,66.1,-6
hard_physical_place_block1_on_block5,state_004_t4,4,symbolic_edge_bt,symbolic_edge_bt,experiments/bt_selection_benchmark/bt_candidates_v6_hard_cases/hard_physical_place_block1_on_block5/symbolic_edge_bt.json,place block_1 on block_5 with physically stable placement,"supported_by(block_1, block_5)",block_1,block_5,1,1,1.0,1,1,0,0,6,3,1.0,0.028157,0.753838,1,1,164.210754,good,success,0,fallback_symbolic_effects,done,experiments/bt_selection_benchmark/results/bt_candidate_evaluations_v6_hard_cases_with_sim.csv,v6_hard_cases,v6_hard_cases,v6_hard_cases::state_004_t4::hard_physical_place_block1_on_block5,152.04924,80.39999999999999,85.94924,1.0,0.9895805652230121,0.0,,0.44739514130575303,0.0,0.0,0.0,0.0,0.0,0.44739514130575303,152.04924,66.1,-6
hard_physical_place_block1_on_block5,state_004_t4,4,symbolic_corner_bt,symbolic_corner_bt,experiments/bt_selection_benchmark/bt_candidates_v6_hard_cases/hard_physical_place_block1_on_block5/symbolic_corner_bt.json,place block_1 on block_5 with physically stable placement,"supported_by(block_1, block_5)",block_1,block_5,1,1,1.0,1,1,0,0,6,3,1.0,0.007255,0.578187,1,1,164.771076,good,success,0,fallback_symbolic_effects,done,experiments/bt_selection_benchmark/results/bt_candidate_evaluations_v6_hard_cases_with_sim.csv,v6_hard_cases,v6_hard_cases,v6_hard_cases::state_004_t4::hard_physical_place_block1_on_block5,153.13651499999997,80.39999999999999,87.036515,1.0,1.0,0.0,,0.45,0.0,0.0,0.0,0.0,0.0,0.45,153.13651499999997,66.1,-6
hard_physical_place_block1_on_block5,state_004_t4,4,unstable_over_edge_bt,unstable_over_edge_bt,experiments/bt_selection_benchmark/bt_candidates_v6_hard_cases/hard_physical_place_block1_on_block5/unstable_over_edge_bt.json,place block_1 on block_5 with physically stable placement,"supported_by(block_1, block_5)",block_1,block_5,1,0,1.0,1,1,0,0,6,3,1.0,0.380122,0.702587,0,1,60.793606,medium,success,0,fallback_symbolic_effects,done,experiments/bt_selection_benchmark/results/bt_candidate_evaluations_v6_hard_cases_with_sim.csv,v6_hard_cases,v6_hard_cases,v6_hard_cases::state_004_t4::hard_physical_place_block1_on_block5,48.785845,80.39999999999999,-17.314155,1.0,0.0,0.0,,0.2,0.0,0.0,0.0,0.0,0.0,0.2,48.785845,66.1,-6
hard_physical_place_block1_on_block5,state_004_t4,4,collision_far_offset_bt,collision_far_offset_bt,experiments/bt_selection_benchmark/bt_candidates_v6_hard_cases/hard_physical_place_block1_on_block5/collision_far_offset_bt.json,place block_1 on block_5 with physically stable placement,"supported_by(block_1, block_5)",block_1,block_5,1,0,1.0,1,1,0,0,6,3,1.0,0.383966,0.604609,0,1,60.951122,medium,success,0,fallback_symbolic_effects,done,experiments/bt_selection_benchmark/results/bt_candidate_evaluations_v6_hard_cases_with_sim.csv,v6_hard_cases,v6_hard_cases,v6_hard_cases::state_004_t4::hard_physical_place_block1_on_block5,49.23729500000001,80.39999999999999,-16.862705,1.0,0.004326277924233752,0.0,,0.20108156948105846,0.0,0.0,0.0,0.0,0.0,0.20108156948105846,49.23729500000001,66.1,-6
hard_physical_place_block1_on_block5,state_004_t4,4,missing_precondition_bt,missing_precondition_bt,experiments/bt_selection_benchmark/bt_candidates_v6_hard_cases/hard_physical_place_block1_on_block5/missing_precondition_bt.json,place block_1 on block_5 with physically stable placement,"supported_by(block_1, block_5)",block_1,block_5,1,1,1.0,1,1,0,0,5,3,0.5,0.005226,0.635472,1,1,155.176796,good,success,0,fallback_symbolic_effects,done,experiments/bt_selection_benchmark/results/bt_candidate_evaluations_v6_hard_cases_with_sim.csv,v6_hard_cases,v6_hard_cases,v6_hard_cases::state_004_t4::hard_physical_place_block1_on_block5,153.37038,73.39999999999999,86.77037999999999,0.0,0.9974496090921121,0.95,feature_only:0.30;shortest_tree:0.05;symbolic_only:0.10;transformer_fused:0.35;transformer_only:0.15,0.771862402273028,1.0,1.0,1.0,1.0,1.0,0.771862402273028,153.37038,66.6,-5
long_horizon_clear_then_stack_block2_on_block3,state_004_t4,4,correct_order_bt,correct_order_bt,experiments/bt_selection_benchmark/bt_candidates_v6_hard_cases/long_horizon_clear_then_stack_block2_on_block3/correct_order_bt.json,"move block_4 away, then stack block_2 on block_3","supported_by(block_2, block_3)",block_2,block_3,1,0,1.0,1,2,0,0,9,3,1.0,0.076532,0.892559,0,1,60.949562,medium,success,0,fallback_symbolic_effects,done,experiments/bt_selection_benchmark/results/bt_candidate_evaluations_v6_hard_cases_with_sim.csv,v6_hard_cases,v6_hard_cases,v6_hard_cases::state_004_t4::long_horizon_clear_then_stack_block2_on_block3,49.371885,78.39999999999999,-15.228114999999999,1.0,0.6609378008191285,0.0,,0.3652344502047821,0.0,0.0,0.0,0.0,0.0,0.3652344502047821,49.371885,64.6,-9
long_horizon_clear_then_stack_block2_on_block3,state_004_t4,4,wrong_order_bt,wrong_order_bt,experiments/bt_selection_benchmark/bt_candidates_v6_hard_cases/long_horizon_clear_then_stack_block2_on_block3/wrong_order_bt.json,"move block_4 away, then stack block_2 on block_3","supported_by(block_2, block_3)",block_2,block_3,1,0,1.0,1,2,0,0,9,3,1.0,0.077672,0.88868,0,1,60.94592,medium,success,0,fallback_symbolic_effects,done,experiments/bt_selection_benchmark/results/bt_candidate_evaluations_v6_hard_cases_with_sim.csv,v6_hard_cases,v6_hard_cases,v6_hard_cases::state_004_t4::long_horizon_clear_then_stack_block2_on_block3,49.37988000000001,78.39999999999999,-15.220120000000001,1.0,0.6620451614779765,0.0,,0.36551129036949415,0.0,0.0,0.0,0.0,0.0,0.36551129036949415,49.37988000000001,64.6,-9
long_horizon_clear_then_stack_block2_on_block3,state_004_t4,4,missing_clear_bt,missing_clear_bt,experiments/bt_selection_benchmark/bt_candidates_v6_hard_cases/long_horizon_clear_then_stack_block2_on_block3/missing_clear_bt.json,"move block_4 away, then stack block_2 on block_3","supported_by(block_2, block_3)",block_2,block_3,1,0,1.0,1,1,0,0,4,3,0.0,0.07701,0.605754,0,1,45.018392,bad,success,0,fallback_symbolic_effects,done,experiments/bt_selection_benchmark/results/bt_candidate_evaluations_v6_hard_cases_with_sim.csv,v6_hard_cases,v6_hard_cases,v6_hard_cases::state_004_t4::long_horizon_clear_then_stack_block2_on_block3,53.30113000000001,66.39999999999999,-13.79887,0.8823529411764706,0.8588977363858351,0.95,feature_only:0.30;shortest_tree:0.05;symbolic_only:0.10;transformer_fused:0.35;transformer_only:0.15,0.9136950223317529,1.0,1.0,1.0,1.0,1.0,0.9136950223317529,53.30113000000001,67.1,-4
long_horizon_clear_then_stack_block2_on_block3,state_004_t4,4,redundant_repair_bt,redundant_repair_bt,experiments/bt_selection_benchmark/bt_candidates_v6_hard_cases/long_horizon_clear_then_stack_block2_on_block3/redundant_repair_bt.json,"move block_4 away, then stack block_2 on block_3","supported_by(block_2, block_3)",block_2,block_3,1,0,1.0,1,3,0,0,12,3,1.0,0.073024,0.886086,0,1,58.497588,bad,success,0,fallback_symbolic_effects,done,experiments/bt_selection_benchmark/results/bt_candidate_evaluations_v6_hard_cases_with_sim.csv,v6_hard_cases,v6_hard_cases,v6_hard_cases::state_004_t4::long_horizon_clear_then_stack_block2_on_block3,47.939330000000005,76.39999999999999,-15.16067,0.9803921568627451,0.6702793817617215,0.0,,0.3636482768129794,0.0,0.0,0.0,0.0,0.0,0.3636482768129794,47.939330000000005,63.1,-12
long_horizon_clear_then_stack_block2_on_block3,state_004_t4,4,wrong_support_bt,wrong_support_bt,experiments/bt_selection_benchmark/bt_candidates_v6_hard_cases/long_horizon_clear_then_stack_block2_on_block3/wrong_support_bt.json,"move block_4 away, then stack block_2 on block_3","supported_by(block_2, block_3)",block_2,block_3,0,0,0.0,1,1,0,0,6,3,0.5,0.002261,0.551504,0,1,-15.125618,bad,success,0,fallback_symbolic_effects,done,experiments/bt_selection_benchmark/results/bt_candidate_evaluations_v6_hard_cases_with_sim.csv,v6_hard_cases,v6_hard_cases,v6_hard_cases::state_004_t4::long_horizon_clear_then_stack_block2_on_block3,-16.68013,2.9,-12.78013,0.25980392156862747,1.0,0.0,,0.3019607843137255,0.0,0.0,0.0,0.0,0.0,0.3019607843137255,-16.68013,-3.9,-6
long_horizon_clear_then_stack_block2_on_block3,state_004_t4,4,unsafe_or_invalid_bt,unsafe_or_invalid_bt,experiments/bt_selection_benchmark/bt_candidates_v6_hard_cases/long_horizon_clear_then_stack_block2_on_block3/unsafe_or_invalid_bt.json,"move block_4 away, then stack block_2 on block_3","supported_by(block_2, block_3)",block_2,block_3,0,0,0.0,1,1,0,2,4,3,0.0,1.0,0.0,0,1,-33.0,bad,success,0,fallback_symbolic_effects,skipped,experiments/bt_selection_benchmark/results/bt_candidate_evaluations_v6_hard_cases_with_sim.csv,v6_hard_cases,v6_hard_cases,v6_hard_cases::state_004_t4::long_horizon_clear_then_stack_block2_on_block3,-22.9,-23.599999999999998,-20.0,0.0,0.0,0.0,,0.0,0.0,0.0,0.0,0.0,0.0,0.0,-22.9,-2.9,-4
long_horizon_prepare_then_stack_block1_on_block3,state_004_t4,4,correct_order_bt,correct_order_bt,experiments/bt_selection_benchmark/bt_candidates_v6_hard_cases/long_horizon_prepare_then_stack_block1_on_block3/correct_order_bt.json,"move block_2 away, then stack block_1 on block_3","supported_by(block_1, block_3)",block_1,block_3,1,0,1.0,1,2,0,0,9,3,1.0,0.077226,0.517268,0,1,61.693204,medium,success,0,fallback_symbolic_effects,done,experiments/bt_selection_benchmark/results/bt_candidate_evaluations_v6_hard_cases_with_sim.csv,v6_hard_cases,v6_hard_cases,v6_hard_cases::state_004_t4::long_horizon_prepare_then_stack_block1_on_block3,51.241400000000006,78.39999999999999,-13.3586,1.0,1.0,0.0,,0.45,0.0,0.0,0.0,0.0,0.0,0.45,51.241400000000006,64.6,-9
long_horizon_prepare_then_stack_block1_on_block3,state_004_t4,4,wrong_order_bt,wrong_order_bt,experiments/bt_selection_benchmark/bt_candidates_v6_hard_cases/long_horizon_prepare_then_stack_block1_on_block3/wrong_order_bt.json,"move block_2 away, then stack block_1 on block_3","supported_by(block_1, block_3)",block_1,block_3,1,0,1.0,1,2,0,0,9,3,1.0,0.072186,0.690239,0,1,61.397662,medium,success,0,fallback_symbolic_effects,done,experiments/bt_selection_benchmark/results/bt_candidate_evaluations_v6_hard_cases_with_sim.csv,v6_hard_cases,v6_hard_cases,v6_hard_cases::state_004_t4::long_horizon_prepare_then_stack_block1_on_block3,50.426944999999996,78.39999999999999,-14.173055,1.0,0.8773669708194055,0.0,,0.41934174270485136,0.0,0.0,0.0,0.0,0.0,0.41934174270485136,50.426944999999996,64.6,-9
long_horizon_prepare_then_stack_block1_on_block3,state_004_t4,4,missing_clear_bt,missing_clear_bt,experiments/bt_selection_benchmark/bt_candidates_v6_hard_cases/long_horizon_prepare_then_stack_block1_on_block3/missing_clear_bt.json,"move block_2 away, then stack block_1 on block_3","supported_by(block_1, block_3)",block_1,block_3,1,0,1.0,1,1,0,0,4,3,0.0,0.084799,0.615514,0,1,44.920982,bad,success,0,fallback_symbolic_effects,done,experiments/bt_selection_benchmark/results/bt_candidate_evaluations_v6_hard_cases_with_sim.csv,v6_hard_cases,v6_hard_cases,v6_hard_cases::state_004_t4::long_horizon_prepare_then_stack_block1_on_block3,53.17444000000001,66.39999999999999,-13.92556,0.8823529411764706,0.9146324570120755,0.95,feature_only:0.30;shortest_tree:0.05;symbolic_only:0.10;transformer_fused:0.35;transformer_only:0.15,0.927628702488313,1.0,1.0,1.0,1.0,1.0,0.927628702488313,53.17444000000001,67.1,-4
long_horizon_prepare_then_stack_block1_on_block3,state_004_t4,4,redundant_repair_bt,redundant_repair_bt,experiments/bt_selection_benchmark/bt_candidates_v6_hard_cases/long_horizon_prepare_then_stack_block1_on_block3/redundant_repair_bt.json,"move block_2 away, then stack block_1 on block_3","supported_by(block_1, block_3)",block_1,block_3,1,0,1.0,1,3,0,0,12,3,1.0,0.085136,0.55728,0,1,59.03408,bad,success,0,fallback_symbolic_effects,done,experiments/bt_selection_benchmark/results/bt_candidate_evaluations_v6_hard_cases_with_sim.csv,v6_hard_cases,v6_hard_cases,v6_hard_cases::state_004_t4::long_horizon_prepare_then_stack_block1_on_block3,49.46224,76.39999999999999,-13.63776,0.9803921568627451,0.9579666937693858,0.0,,0.43557010481489544,0.0,0.0,0.0,0.0,0.0,0.43557010481489544,49.46224,63.1,-12
long_horizon_prepare_then_stack_block1_on_block3,state_004_t4,4,wrong_support_bt,wrong_support_bt,experiments/bt_selection_benchmark/bt_candidates_v6_hard_cases/long_horizon_prepare_then_stack_block1_on_block3/wrong_support_bt.json,"move block_2 away, then stack block_1 on block_3","supported_by(block_1, block_3)",block_1,block_3,0,0,0.0,1,1,0,0,6,3,0.5,0.011806,0.748828,0,1,-15.615716,bad,success,0,fallback_symbolic_effects,done,experiments/bt_selection_benchmark/results/bt_candidate_evaluations_v6_hard_cases_with_sim.csv,v6_hard_cases,v6_hard_cases,v6_hard_cases::state_004_t4::long_horizon_prepare_then_stack_block1_on_block3,-17.7622,2.9,-13.8622,0.25980392156862747,0.9241726142078477,0.0,,0.28300393786568745,0.0,0.0,0.0,0.0,0.0,0.28300393786568745,-17.7622,-3.9,-6
long_horizon_prepare_then_stack_block1_on_block3,state_004_t4,4,unsafe_or_invalid_bt,unsafe_or_invalid_bt,experiments/bt_selection_benchmark/bt_candidates_v6_hard_cases/long_horizon_prepare_then_stack_block1_on_block3/unsafe_or_invalid_bt.json,"move block_2 away, then stack block_1 on block_3","supported_by(block_1, block_3)",block_1,block_3,0,0,0.0,1,1,0,2,4,3,0.0,1.0,0.0,0,1,-33.0,bad,success,0,fallback_symbolic_effects,skipped,experiments/bt_selection_benchmark/results/bt_candidate_evaluations_v6_hard_cases_with_sim.csv,v6_hard_cases,v6_hard_cases,v6_hard_cases::state_004_t4::long_horizon_prepare_then_stack_block1_on_block3,-22.9,-23.599999999999998,-20.0,0.0,0.0,0.0,,0.0,0.0,0.0,0.0,0.0,0.0,0.0,-22.9,-2.9,-4
constrained_support_block3_on_block1,state_004_t4,4,stable_center_bt,stable_center_bt,experiments/bt_selection_benchmark/bt_candidates_v6_hard_cases/constrained_support_block3_on_block1/stable_center_bt.json,place block_3 on block_1 while avoiding unstable edge and contact-risk placement,"supported_by(block_3, block_1)",block_3,block_1,1,0,1.0,1,1,0,0,6,3,1.0,0.091406,0.723122,0,1,63.639696,medium,success,0,fallback_symbolic_effects,done,experiments/bt_selection_benchmark/results/bt_candidate_evaluations_v6_hard_cases_with_sim.csv,v6_hard_cases,v6_hard_cases,v6_hard_cases::state_004_t4::constrained_support_block3_on_block1,51.57032999999999,80.39999999999999,-14.52967,0.0,0.25669045848038474,0.49999999999999994,shortest_tree:0.05;symbolic_only:0.10;transformer_fused:0.35,0.3391726146200962,0.0,1.0,0.0,1.0,1.0,0.3391726146200962,51.57032999999999,66.1,-6
constrained_support_block3_on_block1,state_004_t4,4,narrow_edge_bt,narrow_edge_bt,experiments/bt_selection_benchmark/bt_candidates_v6_hard_cases/constrained_support_block3_on_block1/narrow_edge_bt.json,place block_3 on block_1 while avoiding unstable edge and contact-risk placement,"supported_by(block_3, block_1)",block_3,block_1,1,0,1.0,1,1,0,0,6,3,1.0,0.084686,0.642627,0,1,63.867886,medium,success,0,fallback_symbolic_effects,done,experiments/bt_selection_benchmark/results/bt_candidate_evaluations_v6_hard_cases_with_sim.csv,v6_hard_cases,v6_hard_cases,v6_hard_cases::state_004_t4::constrained_support_block3_on_block1,52.040005,80.39999999999999,-14.059995,0.0,1.0,0.3,feature_only:0.30,0.41500000000000004,1.0,0.0,0.0,0.0,0.0,0.41500000000000004,52.040005,66.1,-6
constrained_support_block3_on_block1,state_004_t4,4,symbolic_edge_bt,symbolic_edge_bt,experiments/bt_selection_benchmark/bt_candidates_v6_hard_cases/constrained_support_block3_on_block1/symbolic_edge_bt.json,place block_3 on block_1 while avoiding unstable edge and contact-risk placement,"supported_by(block_3, block_1)",block_3,block_1,1,0,1.0,1,1,0,0,6,3,1.0,0.09071,0.740423,0,1,63.612054,medium,success,0,fallback_symbolic_effects,done,experiments/bt_selection_benchmark/results/bt_candidate_evaluations_v6_hard_cases_with_sim.csv,v6_hard_cases,v6_hard_cases,v6_hard_cases::state_004_t4::constrained_support_block3_on_block1,51.490784999999995,80.39999999999999,-14.609214999999999,0.0,0.1308022219760411,0.15,transformer_only:0.15,0.11520055549401029,0.0,0.0,1.0,0.0,0.0,0.11520055549401029,51.490784999999995,66.1,-6
constrained_support_block3_on_block1,state_004_t4,4,collision_risk_bt,collision_risk_bt,experiments/bt_selection_benchmark/bt_candidates_v6_hard_cases/constrained_support_block3_on_block1/collision_risk_bt.json,place block_3 on block_1 while avoiding unstable edge and contact-risk placement,"supported_by(block_3, block_1)",block_3,block_1,1,0,1.0,1,1,0,0,6,3,1.0,0.09108,0.655591,0,1,63.778018,medium,success,0,fallback_symbolic_effects,done,experiments/bt_selection_benchmark/results/bt_candidate_evaluations_v6_hard_cases_with_sim.csv,v6_hard_cases,v6_hard_cases,v6_hard_cases::state_004_t4::constrained_support_block3_on_block1,51.911245,80.39999999999999,-14.188755,0.0,0.7962239068162756,0.0,,0.1990559767040689,0.0,0.0,0.0,0.0,0.0,0.1990559767040689,51.911245,66.1,-6
constrained_support_block3_on_block1,state_004_t4,4,unstable_over_edge_bt,unstable_over_edge_bt,experiments/bt_selection_benchmark/bt_candidates_v6_hard_cases/constrained_support_block3_on_block1/unstable_over_edge_bt.json,place block_3 on block_1 while avoiding unstable edge and contact-risk placement,"supported_by(block_3, block_1)",block_3,block_1,1,0,1.0,1,1,0,0,6,3,1.0,0.078403,0.781567,0,1,63.652836,medium,success,0,fallback_symbolic_effects,done,experiments/bt_selection_benchmark/results/bt_candidate_evaluations_v6_hard_cases_with_sim.csv,v6_hard_cases,v6_hard_cases,v6_hard_cases::state_004_t4::constrained_support_block3_on_block1,51.408134999999994,80.39999999999999,-14.691865,0.0,0.0,0.0,,0.0,0.0,0.0,0.0,0.0,0.0,0.0,51.408134999999994,66.1,-6
constrained_support_block3_on_block1,state_004_t4,4,far_offset_bt,far_offset_bt,experiments/bt_selection_benchmark/bt_candidates_v6_hard_cases/constrained_support_block3_on_block1/far_offset_bt.json,place block_3 on block_1 while avoiding unstable edge and contact-risk placement,"supported_by(block_3, block_1)",block_3,block_1,1,0,1.0,1,1,0,0,6,3,1.0,0.081439,0.741313,0,1,63.702984,medium,success,0,fallback_symbolic_effects,done,experiments/bt_selection_benchmark/results/bt_candidate_evaluations_v6_hard_cases_with_sim.csv,v6_hard_cases,v6_hard_cases,v6_hard_cases::state_004_t4::constrained_support_block3_on_block1,51.579045,80.39999999999999,-14.520955,0.0,0.2704828524854787,0.0,,0.06762071312136968,0.0,0.0,0.0,0.0,0.0,0.06762071312136968,51.579045,66.1,-6
constrained_support_block1_on_block3,state_004_t4,4,stable_center_bt,stable_center_bt,experiments/bt_selection_benchmark/bt_candidates_v6_hard_cases/constrained_support_block1_on_block3/stable_center_bt.json,place block_1 on block_3 while avoiding unstable edge and contact-risk placement,"supported_by(block_1, block_3)",block_1,block_3,1,0,1.0,1,1,0,0,6,3,1.0,0.08112,0.715383,0,1,63.758034,medium,success,0,fallback_symbolic_effects,done,experiments/bt_selection_benchmark/results/bt_candidate_evaluations_v6_hard_cases_with_sim.csv,v6_hard_cases,v6_hard_cases,v6_hard_cases::state_004_t4::constrained_support_block1_on_block3,51.711885,80.39999999999999,-14.388114999999999,0.0,0.8204173790279181,0.15000000000000002,shortest_tree:0.05;symbolic_only:0.10,0.28760434475697955,0.0,0.0,0.0,1.0,1.0,0.28760434475697955,51.711885,66.1,-6
constrained_support_block1_on_block3,state_004_t4,4,narrow_edge_bt,narrow_edge_bt,experiments/bt_selection_benchmark/bt_candidates_v6_hard_cases/constrained_support_block1_on_block3/narrow_edge_bt.json,place block_1 on block_3 while avoiding unstable edge and contact-risk placement,"supported_by(block_1, block_3)",block_1,block_3,1,0,1.0,1,1,0,0,6,3,1.0,0.093768,0.656856,0,1,63.748608,medium,success,0,fallback_symbolic_effects,done,experiments/bt_selection_benchmark/results/bt_candidate_evaluations_v6_hard_cases_with_sim.csv,v6_hard_cases,v6_hard_cases,v6_hard_cases::state_004_t4::constrained_support_block1_on_block3,51.878040000000006,80.39999999999999,-14.22196,0.0,0.8620088462125747,0.44999999999999996,feature_only:0.30;transformer_only:0.15,0.4630022115531437,1.0,0.0,1.0,0.0,0.0,0.4630022115531437,51.878040000000006,66.1,-6
constrained_support_block1_on_block3,state_004_t4,4,symbolic_edge_bt,symbolic_edge_bt,experiments/bt_selection_benchmark/bt_candidates_v6_hard_cases/constrained_support_block1_on_block3/symbolic_edge_bt.json,place block_1 on block_3 while avoiding unstable edge and contact-risk placement,"supported_by(block_1, block_3)",block_1,block_3,1,0,1.0,1,1,0,0,6,3,1.0,0.079271,0.575597,0,1,64.056096,medium,success,0,fallback_symbolic_effects,done,experiments/bt_selection_benchmark/results/bt_candidate_evaluations_v6_hard_cases_with_sim.csv,v6_hard_cases,v6_hard_cases,v6_hard_cases::state_004_t4::constrained_support_block1_on_block3,52.42930500000001,80.39999999999999,-13.670695,0.0,1.0,0.0,,0.25,0.0,0.0,0.0,0.0,0.0,0.25,52.42930500000001,66.1,-6
constrained_support_block1_on_block3,state_004_t4,4,collision_risk_bt,collision_risk_bt,experiments/bt_selection_benchmark/bt_candidates_v6_hard_cases/constrained_support_block1_on_block3/collision_risk_bt.json,place block_1 on block_3 while avoiding unstable edge and contact-risk placement,"supported_by(block_1, block_3)",block_1,block_3,1,0,1.0,1,1,0,0,6,3,1.0,0.079373,0.694696,0,1,63.816878,medium,success,0,fallback_symbolic_effects,done,experiments/bt_selection_benchmark/results/bt_candidate_evaluations_v6_hard_cases_with_sim.csv,v6_hard_cases,v6_hard_cases,v6_hard_cases::state_004_t4::constrained_support_block1_on_block3,51.83279000000001,80.39999999999999,-14.26721,0.0,0.8506819894215918,0.35,transformer_fused:0.35,0.40517049735539795,0.0,1.0,0.0,0.0,0.0,0.40517049735539795,51.83279000000001,66.1,-6
constrained_support_block1_on_block3,state_004_t4,4,unstable_over_edge_bt,unstable_over_edge_bt,experiments/bt_selection_benchmark/bt_candidates_v6_hard_cases/constrained_support_block1_on_block3/unstable_over_edge_bt.json,place block_1 on block_3 while avoiding unstable edge and contact-risk placement,"supported_by(block_1, block_3)",block_1,block_3,1,0,1.0,1,1,0,0,6,3,1.0,0.075491,0.652343,0,1,63.940404,medium,success,0,fallback_symbolic_effects,done,experiments/bt_selection_benchmark/results/bt_candidate_evaluations_v6_hard_cases_with_sim.csv,v6_hard_cases,v6_hard_cases,v6_hard_cases::state_004_t4::constrained_support_block1_on_block3,52.08337500000001,80.39999999999999,-14.016625000000001,0.0,0.9134077443159202,0.0,,0.22835193607898005,0.0,0.0,0.0,0.0,0.0,0.22835193607898005,52.08337500000001,66.1,-6
constrained_support_block1_on_block3,state_004_t4,4,far_offset_bt,far_offset_bt,experiments/bt_selection_benchmark/bt_candidates_v6_hard_cases/constrained_support_block1_on_block3/far_offset_bt.json,place block_1 on block_3 while avoiding unstable edge and contact-risk placement,"supported_by(block_1, block_3)",block_1,block_3,1,0,1.0,1,1,0,0,6,3,1.0,0.461466,0.610193,0,1,60.164954,medium,success,0,fallback_symbolic_effects,done,experiments/bt_selection_benchmark/results/bt_candidate_evaluations_v6_hard_cases_with_sim.csv,v6_hard_cases,v6_hard_cases,v6_hard_cases::state_004_t4::constrained_support_block1_on_block3,48.434375,80.39999999999999,-17.665625,0.0,0.0,0.0,,0.0,0.0,0.0,0.0,0.0,0.0,0.0,48.434375,66.1,-6
